{"info":{"parent_iteration_info":[{"value":"45","param":"RunSql.DbJsonString","id":2},{"value":"512","param":"RunSql.DbJsonString","id":4}],"param":"RunSql.DbJsonString","value":"2","startTime":"2015-12-31 18:04:37","endTime":"2015-12-31 18:05:02","id":2,"resultFile":"Iteration-RunSql.DbJsonString-512-RunSql.DbJsonString-45-RunSql.DbJsonString-2-id-2.json"},"status":{"execStatus":"completed","verdict":"passed","verdictExplanation":"All of the conditions of the sub-tests have passed."},"dataFormat":"group","data":{"tag":"all_groups","children":[{"dataFormat":"group","data":{"tag":"Report Group SUMMARY","children":[{"info":{"sqlQuery":"SELECT CASE WHEN (SELECT COUNT (*) FROM MethRfc2544B2B_CurrentTrial WHERE Verdict != 'PASS') > 0 THEN 0 ELSE 1 END","reportGroup":"SUMMARY","displayName":"Trial Results"},"status":{"promoteVerdict":true,"execStatus":"completed","verdict":"passed","verdictExplanation":"An acceptable amount of frame loss was detected by the Analyzer"},"dataFormat":"table","data":{"columnNames":[],"rows":[]},"class":"tableDbQuery"}]},"class":"resultGroup"}]},"class":"iterationReport"}