{"info":{"param":"RunSql.DbJsonString","value":"1280","startTime":"2015-12-31 18:06:52","endTime":"2015-12-31 18:08:42","id":6,"resultFile":"Iteration-RunSql.DbJsonString-1280-id-6.json"},"status":{"execStatus":"completed","verdict":"passed","verdictExplanation":"All of the conditions of the sub-tests have passed."},"dataFormat":"group","data":{"tag":"all_groups","children":[{"dataFormat":"group","data":{"tag":"Report Group GROUP_1","children":[{"info":{"sqlQuery":"SELECT CASE WHEN (SELECT MaxBurst = 0 FROM MethRfc2544B2B_Frame WHERE FrameSize=(SELECT FrameSize FROM MethRfc2544B2B_CurrentTrial)) THEN 0 ELSE 1 END","reportGroup":"GROUP_1","displayName":"Frame Size Results"},"status":{"promoteVerdict":true,"execStatus":"completed","verdict":"passed","verdictExplanation":"This Frame Size has at least one acceptable Burst Size"},"dataFormat":"table","data":{"columnNames":[],"rows":[]},"class":"tableDbQuery"}]},"class":"resultGroup"}]},"class":"iterationReport"}