{"info":{"parent_iteration_info":[{"value":"60","param":"RunSql.DbJsonString","id":2},{"value":"64","param":"RunSql.DbJsonString","id":1}],"param":"RunSql.DbJsonString","value":"2","startTime":"2015-12-31 17:59:13","endTime":"2015-12-31 17:59:38","id":2,"resultFile":"Iteration-RunSql.DbJsonString-64-RunSql.DbJsonString-60-RunSql.DbJsonString-2-id-2.json"},"status":{"execStatus":"completed","verdict":"passed","verdictExplanation":"All of the conditions of the sub-tests have passed."},"dataFormat":"group","data":{"tag":"all_groups","children":[{"dataFormat":"group","data":{"tag":"Report Group SUMMARY","children":[{"info":{"sqlQuery":"SELECT CASE WHEN (SELECT COUNT (*) FROM MethRfc2544B2B_CurrentTrial WHERE Verdict != 'PASS') > 0 THEN 0 ELSE 1 END","reportGroup":"SUMMARY","displayName":"Trial Results"},"status":{"promoteVerdict":true,"execStatus":"completed","verdict":"passed","verdictExplanation":"An acceptable amount of frame loss was detected by the Analyzer"},"dataFormat":"table","data":{"columnNames":[],"rows":[]},"class":"tableDbQuery"}]},"class":"resultGroup"}]},"class":"iterationReport"}