{"info":{"parent_iteration_info":[{"value":"20","param":"RunSql.DbJsonString","id":1},{"value":"1518","param":"RunSql.DbJsonString","id":7}],"param":"RunSql.DbJsonString","value":"1","startTime":"2015-12-31 18:08:45","endTime":"2015-12-31 18:09:10","id":1,"resultFile":"Iteration-RunSql.DbJsonString-1518-RunSql.DbJsonString-20-RunSql.DbJsonString-1-id-1.json"},"status":{"execStatus":"completed","verdict":"passed","verdictExplanation":"All of the conditions of the sub-tests have passed."},"dataFormat":"group","data":{"tag":"all_groups","children":[{"dataFormat":"group","data":{"tag":"Report Group SUMMARY","children":[{"info":{"sqlQuery":"SELECT CASE WHEN (SELECT COUNT (*) FROM MethRfc2544B2B_CurrentTrial WHERE Verdict != 'PASS') > 0 THEN 0 ELSE 1 END","reportGroup":"SUMMARY","displayName":"Trial Results"},"status":{"promoteVerdict":true,"execStatus":"completed","verdict":"passed","verdictExplanation":"An acceptable amount of frame loss was detected by the Analyzer"},"dataFormat":"table","data":{"columnNames":[],"rows":[]},"class":"tableDbQuery"}]},"class":"resultGroup"}]},"class":"iterationReport"}