{"info":{"version":"9.90.0000.0000","endTime":"2015-12-31 18:10:30","name":"RFC2544BACKTOBACK Test - RFC2544BACKTOBACK Test","startTime":"2015-12-31 17:57:43"},"status":{"execStatus":"completed","verdict":"passed","verdictExplanation":"All of the conditions of the sub-tests have passed."},"dataFormat":"group","data":{"tag":"all_groups","children":[{"dataFormat":"group","data":{"tag":"Report Group SUMMARY","children":[{"info":{"reportGroup":"SUMMARY"},"status":{"promoteVerdict":"false","execStatus":"completed","verdict":"none","verdictExplanation":""},"dataFormat":"chart","data":{"yAxis":{"title":{"text":"Back-to-back value (frames)"}},"series":[{"data":[60],"type":"column","name":"64 bytes"},{"type":"column","data":[55],"name":"128 bytes"},{"data":[50],"type":"column","name":"256 bytes"},{"type":"column","data":[45],"name":"512 bytes"},{"data":[40],"type":"column","name":"1024 bytes"},{"type":"column","data":[35],"name":"1280 bytes"},{"data":[30],"type":"column","name":"1518 bytes"}],"title":{"text":"RFC 2544 Back-to-Back"},"credits":"enabled","plotOptions":{"series":{"dataLabels":{"enabled":true,"format":"{series.name}"}}},"xAxis":{"categories":[" "],"title":{"text":"Frame Size (bytes)"}}},"class":"MethodologyChart"},{"info":{"sqlQuery":"SELECT CASE WHEN (SELECT COUNT (*) FROM MethRfc2544B2B_Frame WHERE Verdict!=\"PASS\") > 0 THEN 0 ELSE 1 END","reportGroup":"SUMMARY","displayName":"Summary Results"},"status":{"promoteVerdict":true,"execStatus":"completed","verdict":"passed","verdictExplanation":"All frame sizes were able to send bursts without any frame loss"},"dataFormat":"table","data":{"columnNames":[],"rows":[]},"class":"tableDbQuery"},{"info":{"sqlQuery":"SELECT FrameSize AS \"Frame Size (bytes)\", MaxBurst AS \"Back-to-back value (frames)\" FROM MethRfc2544B2B_Frame","reportGroup":"SUMMARY","displayName":"RFC 2544 Back-to-Back Summary Table"},"status":{"promoteVerdict":false,"execStatus":"completed","verdict":"passed","verdictExplanation":"Table of Maximum Burst Sizes per Frame Size"},"dataFormat":"table","data":{"columnNames":["Frame Size (bytes)","Back-to-back value (frames)"],"rows":[[64,60],[128,55],[256,50],[512,45],[1024,40],[1280,35],[1518,30]]},"class":"tableDbQuery"}]},"class":"resultGroup"},{"dataFormat":"group","data":{"tag":"Report Group GROUP_1","children":[{"info":{"reportGroup":"GROUP_1","param":"RunSql.DbJsonString"},"status":{"promoteVerdict":true,"execStatus":"completed","verdict":"none","verdictExplanation":"Not Defined"},"dataFormat":"group","data":{"tag":"all_groups","children":[{"info":{"startTime":"2015-12-31 17:57:52","endTime":"2015-12-31 17:57:52","param":"RunSql.DbJsonString","value":"1","id":1},"status":{"execStatus":"completed","verdict":"none","verdictExplanation":"Not Defined"},"dataFormat":"none","class":"iterationResult"},{"info":{"startTime":"2015-12-31 17:57:52","endTime":"2015-12-31 17:57:52","param":"FrameSize","value":"64","id":1},"status":{"execStatus":"completed","verdict":"none","verdictExplanation":"Not Defined"},"dataFormat":"none","class":"iterationResult"},{"info":{"param":"RunSql.DbJsonString","value":"64","startTime":"2015-12-31 17:57:52","endTime":"2015-12-31 17:59:39","id":1,"resultFile":"Iteration-RunSql.DbJsonString-64-id-1.json"},"status":{"execStatus":"completed","verdict":"passed","verdictExplanation":"Not Defined"},"dataFormat":"group","data":{"tag":"all_groups","children":[{"info":{"reportGroup":"GROUP_1","param":"RunSql.DbJsonString"},"status":{"execStatus":"completed","verdict":"none","verdictExplanation":"Not Defined"},"dataFormat":"group","data":{"tag":"all_groups","children":[{"info":{"startTime":"2015-12-31 17:57:53","endTime":"2015-12-31 17:57:53","param":"RunSql.DbJsonString","value":"1","id":1},"status":{"execStatus":"completed","verdict":"none","verdictExplanation":"Not Defined"},"dataFormat":"none","class":"iterationResult"},{"info":{"startTime":"2015-12-31 17:57:53","endTime":"2015-12-31 17:57:53","param":"GeneratorConfig.BurstSize","value":"50","id":1},"status":{"execStatus":"completed","verdict":"none","verdictExplanation":"Not Defined"},"dataFormat":"none","class":"iterationResult"},{"info":{"startTime":"2015-12-31 17:57:53","endTime":"2015-12-31 17:58:46","param":"RunSql.DbJsonString","value":"50","id":1},"status":{"execStatus":"completed","verdict":"none","verdictExplanation":"Not Defined"},"dataFormat":"group","data":{"tag":"all_groups","children":[{"info":{"reportGroup":"GROUP_1","param":"RunSql.DbJsonString"},"status":{"execStatus":"completed","verdict":"none","verdictExplanation":"Not Defined"},"dataFormat":"group","data":{"tag":"all_groups","children":[{"info":{"param":"RunSql.DbJsonString","value":"1","startTime":"2015-12-31 17:57:55","endTime":"2015-12-31 17:58:19","id":1,"resultFile":"Iteration-RunSql.DbJsonString-64-RunSql.DbJsonString-50-RunSql.DbJsonString-1-id-1.json"},"status":{"execStatus":"completed","verdict":"passed","verdictExplanation":"Not Defined"},"dataFormat":"none","class":"iterationResult"},{"info":{"param":"RunSql.DbJsonString","value":"2","startTime":"2015-12-31 17:58:20","endTime":"2015-12-31 17:58:46","id":2,"resultFile":"Iteration-RunSql.DbJsonString-64-RunSql.DbJsonString-50-RunSql.DbJsonString-2-id-2.json"},"status":{"execStatus":"completed","verdict":"passed","verdictExplanation":"Not Defined"},"dataFormat":"none","class":"iterationResult"}]},"class":"iteratorResult"}]},"class":"iterationResult"},{"info":{"startTime":"2015-12-31 17:58:46","endTime":"2015-12-31 17:58:47","param":"RunSql.DbJsonString","value":"2","id":2},"status":{"execStatus":"completed","verdict":"none","verdictExplanation":"Not Defined"},"dataFormat":"none","class":"iterationResult"},{"info":{"startTime":"2015-12-31 17:58:47","endTime":"2015-12-31 17:58:47","param":"GeneratorConfig.BurstSize","value":"60","id":2},"status":{"execStatus":"completed","verdict":"none","verdictExplanation":"Not Defined"},"dataFormat":"none","class":"iterationResult"},{"info":{"startTime":"2015-12-31 17:58:47","endTime":"2015-12-31 17:59:39","param":"RunSql.DbJsonString","value":"60","id":2},"status":{"execStatus":"completed","verdict":"none","verdictExplanation":"Not Defined"},"dataFormat":"group","data":{"tag":"all_groups","children":[{"info":{"reportGroup":"GROUP_1","param":"RunSql.DbJsonString"},"status":{"execStatus":"completed","verdict":"none","verdictExplanation":"Not Defined"},"dataFormat":"group","data":{"tag":"all_groups","children":[{"info":{"param":"RunSql.DbJsonString","value":"1","startTime":"2015-12-31 17:58:48","endTime":"2015-12-31 17:59:13","id":1,"resultFile":"Iteration-RunSql.DbJsonString-64-RunSql.DbJsonString-60-RunSql.DbJsonString-1-id-1.json"},"status":{"execStatus":"completed","verdict":"passed","verdictExplanation":"Not Defined"},"dataFormat":"none","class":"iterationResult"},{"info":{"param":"RunSql.DbJsonString","value":"2","startTime":"2015-12-31 17:59:13","endTime":"2015-12-31 17:59:38","id":2,"resultFile":"Iteration-RunSql.DbJsonString-64-RunSql.DbJsonString-60-RunSql.DbJsonString-2-id-2.json"},"status":{"execStatus":"completed","verdict":"passed","verdictExplanation":"Not Defined"},"dataFormat":"none","class":"iterationResult"}]},"class":"iteratorResult"}]},"class":"iterationResult"}]},"class":"iteratorResult"}]},"class":"iterationResult"},{"info":{"startTime":"2015-12-31 17:59:39","endTime":"2015-12-31 17:59:39","param":"RunSql.DbJsonString","value":"2","id":2},"status":{"execStatus":"completed","verdict":"none","verdictExplanation":"Not Defined"},"dataFormat":"none","class":"iterationResult"},{"info":{"startTime":"2015-12-31 17:59:39","endTime":"2015-12-31 17:59:40","param":"FrameSize","value":"128","id":2},"status":{"execStatus":"completed","verdict":"none","verdictExplanation":"Not Defined"},"dataFormat":"none","class":"iterationResult"},{"info":{"param":"RunSql.DbJsonString","value":"128","startTime":"2015-12-31 17:59:40","endTime":"2015-12-31 18:01:26","id":2,"resultFile":"Iteration-RunSql.DbJsonString-128-id-2.json"},"status":{"execStatus":"completed","verdict":"passed","verdictExplanation":"Not Defined"},"dataFormat":"group","data":{"tag":"all_groups","children":[{"info":{"reportGroup":"GROUP_1","param":"RunSql.DbJsonString"},"status":{"execStatus":"completed","verdict":"none","verdictExplanation":"Not Defined"},"dataFormat":"group","data":{"tag":"all_groups","children":[{"info":{"startTime":"2015-12-31 17:59:40","endTime":"2015-12-31 17:59:41","param":"RunSql.DbJsonString","value":"1","id":1},"status":{"execStatus":"completed","verdict":"none","verdictExplanation":"Not Defined"},"dataFormat":"none","class":"iterationResult"},{"info":{"startTime":"2015-12-31 17:59:41","endTime":"2015-12-31 17:59:41","param":"GeneratorConfig.BurstSize","value":"45","id":1},"status":{"execStatus":"completed","verdict":"none","verdictExplanation":"Not Defined"},"dataFormat":"none","class":"iterationResult"},{"info":{"startTime":"2015-12-31 17:59:41","endTime":"2015-12-31 18:00:33","param":"RunSql.DbJsonString","value":"45","id":1},"status":{"execStatus":"completed","verdict":"none","verdictExplanation":"Not Defined"},"dataFormat":"group","data":{"tag":"all_groups","children":[{"info":{"reportGroup":"GROUP_1","param":"RunSql.DbJsonString"},"status":{"execStatus":"completed","verdict":"none","verdictExplanation":"Not Defined"},"dataFormat":"group","data":{"tag":"all_groups","children":[{"info":{"param":"RunSql.DbJsonString","value":"1","startTime":"2015-12-31 17:59:42","endTime":"2015-12-31 18:00:07","id":1,"resultFile":"Iteration-RunSql.DbJsonString-128-RunSql.DbJsonString-45-RunSql.DbJsonString-1-id-1.json"},"status":{"execStatus":"completed","verdict":"passed","verdictExplanation":"Not Defined"},"dataFormat":"none","class":"iterationResult"},{"info":{"param":"RunSql.DbJsonString","value":"2","startTime":"2015-12-31 18:00:07","endTime":"2015-12-31 18:00:32","id":2,"resultFile":"Iteration-RunSql.DbJsonString-128-RunSql.DbJsonString-45-RunSql.DbJsonString-2-id-2.json"},"status":{"execStatus":"completed","verdict":"passed","verdictExplanation":"Not Defined"},"dataFormat":"none","class":"iterationResult"}]},"class":"iteratorResult"}]},"class":"iterationResult"},{"info":{"startTime":"2015-12-31 18:00:33","endTime":"2015-12-31 18:00:33","param":"RunSql.DbJsonString","value":"2","id":2},"status":{"execStatus":"completed","verdict":"none","verdictExplanation":"Not Defined"},"dataFormat":"none","class":"iterationResult"},{"info":{"startTime":"2015-12-31 18:00:33","endTime":"2015-12-31 18:00:33","param":"GeneratorConfig.BurstSize","value":"55","id":2},"status":{"execStatus":"completed","verdict":"none","verdictExplanation":"Not Defined"},"dataFormat":"none","class":"iterationResult"},{"info":{"startTime":"2015-12-31 18:00:33","endTime":"2015-12-31 18:01:26","param":"RunSql.DbJsonString","value":"55","id":2},"status":{"execStatus":"completed","verdict":"none","verdictExplanation":"Not Defined"},"dataFormat":"group","data":{"tag":"all_groups","children":[{"info":{"reportGroup":"GROUP_1","param":"RunSql.DbJsonString"},"status":{"execStatus":"completed","verdict":"none","verdictExplanation":"Not Defined"},"dataFormat":"group","data":{"tag":"all_groups","children":[{"info":{"param":"RunSql.DbJsonString","value":"1","startTime":"2015-12-31 18:00:35","endTime":"2015-12-31 18:01:00","id":1,"resultFile":"Iteration-RunSql.DbJsonString-128-RunSql.DbJsonString-55-RunSql.DbJsonString-1-id-1.json"},"status":{"execStatus":"completed","verdict":"passed","verdictExplanation":"Not Defined"},"dataFormat":"none","class":"iterationResult"},{"info":{"param":"RunSql.DbJsonString","value":"2","startTime":"2015-12-31 18:01:01","endTime":"2015-12-31 18:01:25","id":2,"resultFile":"Iteration-RunSql.DbJsonString-128-RunSql.DbJsonString-55-RunSql.DbJsonString-2-id-2.json"},"status":{"execStatus":"completed","verdict":"passed","verdictExplanation":"Not Defined"},"dataFormat":"none","class":"iterationResult"}]},"class":"iteratorResult"}]},"class":"iterationResult"}]},"class":"iteratorResult"}]},"class":"iterationResult"},{"info":{"startTime":"2015-12-31 18:01:26","endTime":"2015-12-31 18:01:27","param":"RunSql.DbJsonString","value":"3","id":3},"status":{"execStatus":"completed","verdict":"none","verdictExplanation":"Not Defined"},"dataFormat":"none","class":"iterationResult"},{"info":{"startTime":"2015-12-31 18:01:27","endTime":"2015-12-31 18:01:27","param":"FrameSize","value":"256","id":3},"status":{"execStatus":"completed","verdict":"none","verdictExplanation":"Not Defined"},"dataFormat":"none","class":"iterationResult"},{"info":{"param":"RunSql.DbJsonString","value":"256","startTime":"2015-12-31 18:01:27","endTime":"2015-12-31 18:03:16","id":3,"resultFile":"Iteration-RunSql.DbJsonString-256-id-3.json"},"status":{"execStatus":"completed","verdict":"passed","verdictExplanation":"Not Defined"},"dataFormat":"group","data":{"tag":"all_groups","children":[{"info":{"reportGroup":"GROUP_1","param":"RunSql.DbJsonString"},"status":{"execStatus":"completed","verdict":"none","verdictExplanation":"Not Defined"},"dataFormat":"group","data":{"tag":"all_groups","children":[{"info":{"startTime":"2015-12-31 18:01:28","endTime":"2015-12-31 18:01:28","param":"RunSql.DbJsonString","value":"1","id":1},"status":{"execStatus":"completed","verdict":"none","verdictExplanation":"Not Defined"},"dataFormat":"none","class":"iterationResult"},{"info":{"startTime":"2015-12-31 18:01:28","endTime":"2015-12-31 18:01:28","param":"GeneratorConfig.BurstSize","value":"40","id":1},"status":{"execStatus":"completed","verdict":"none","verdictExplanation":"Not Defined"},"dataFormat":"none","class":"iterationResult"},{"info":{"startTime":"2015-12-31 18:01:28","endTime":"2015-12-31 18:02:22","param":"RunSql.DbJsonString","value":"40","id":1},"status":{"execStatus":"completed","verdict":"none","verdictExplanation":"Not Defined"},"dataFormat":"group","data":{"tag":"all_groups","children":[{"info":{"reportGroup":"GROUP_1","param":"RunSql.DbJsonString"},"status":{"execStatus":"completed","verdict":"none","verdictExplanation":"Not Defined"},"dataFormat":"group","data":{"tag":"all_groups","children":[{"info":{"param":"RunSql.DbJsonString","value":"1","startTime":"2015-12-31 18:01:29","endTime":"2015-12-31 18:01:55","id":1,"resultFile":"Iteration-RunSql.DbJsonString-256-RunSql.DbJsonString-40-RunSql.DbJsonString-1-id-1.json"},"status":{"execStatus":"completed","verdict":"passed","verdictExplanation":"Not Defined"},"dataFormat":"none","class":"iterationResult"},{"info":{"param":"RunSql.DbJsonString","value":"2","startTime":"2015-12-31 18:01:55","endTime":"2015-12-31 18:02:22","id":2,"resultFile":"Iteration-RunSql.DbJsonString-256-RunSql.DbJsonString-40-RunSql.DbJsonString-2-id-2.json"},"status":{"execStatus":"completed","verdict":"passed","verdictExplanation":"Not Defined"},"dataFormat":"none","class":"iterationResult"}]},"class":"iteratorResult"}]},"class":"iterationResult"},{"info":{"startTime":"2015-12-31 18:02:22","endTime":"2015-12-31 18:02:22","param":"RunSql.DbJsonString","value":"2","id":2},"status":{"execStatus":"completed","verdict":"none","verdictExplanation":"Not Defined"},"dataFormat":"none","class":"iterationResult"},{"info":{"startTime":"2015-12-31 18:02:22","endTime":"2015-12-31 18:02:22","param":"GeneratorConfig.BurstSize","value":"50","id":2},"status":{"execStatus":"completed","verdict":"none","verdictExplanation":"Not Defined"},"dataFormat":"none","class":"iterationResult"},{"info":{"startTime":"2015-12-31 18:02:22","endTime":"2015-12-31 18:03:16","param":"RunSql.DbJsonString","value":"50","id":2},"status":{"execStatus":"completed","verdict":"none","verdictExplanation":"Not Defined"},"dataFormat":"group","data":{"tag":"all_groups","children":[{"info":{"reportGroup":"GROUP_1","param":"RunSql.DbJsonString"},"status":{"execStatus":"completed","verdict":"none","verdictExplanation":"Not Defined"},"dataFormat":"group","data":{"tag":"all_groups","children":[{"info":{"param":"RunSql.DbJsonString","value":"1","startTime":"2015-12-31 18:02:24","endTime":"2015-12-31 18:02:49","id":1,"resultFile":"Iteration-RunSql.DbJsonString-256-RunSql.DbJsonString-50-RunSql.DbJsonString-1-id-1.json"},"status":{"execStatus":"completed","verdict":"passed","verdictExplanation":"Not Defined"},"dataFormat":"none","class":"iterationResult"},{"info":{"param":"RunSql.DbJsonString","value":"2","startTime":"2015-12-31 18:02:49","endTime":"2015-12-31 18:03:15","id":2,"resultFile":"Iteration-RunSql.DbJsonString-256-RunSql.DbJsonString-50-RunSql.DbJsonString-2-id-2.json"},"status":{"execStatus":"completed","verdict":"passed","verdictExplanation":"Not Defined"},"dataFormat":"none","class":"iterationResult"}]},"class":"iteratorResult"}]},"class":"iterationResult"}]},"class":"iteratorResult"}]},"class":"iterationResult"},{"info":{"startTime":"2015-12-31 18:03:16","endTime":"2015-12-31 18:03:16","param":"RunSql.DbJsonString","value":"4","id":4},"status":{"execStatus":"completed","verdict":"none","verdictExplanation":"Not Defined"},"dataFormat":"none","class":"iterationResult"},{"info":{"startTime":"2015-12-31 18:03:16","endTime":"2015-12-31 18:03:16","param":"FrameSize","value":"512","id":4},"status":{"execStatus":"completed","verdict":"none","verdictExplanation":"Not Defined"},"dataFormat":"none","class":"iterationResult"},{"info":{"param":"RunSql.DbJsonString","value":"512","startTime":"2015-12-31 18:03:16","endTime":"2015-12-31 18:05:03","id":4,"resultFile":"Iteration-RunSql.DbJsonString-512-id-4.json"},"status":{"execStatus":"completed","verdict":"passed","verdictExplanation":"Not Defined"},"dataFormat":"group","data":{"tag":"all_groups","children":[{"info":{"reportGroup":"GROUP_1","param":"RunSql.DbJsonString"},"status":{"execStatus":"completed","verdict":"none","verdictExplanation":"Not Defined"},"dataFormat":"group","data":{"tag":"all_groups","children":[{"info":{"startTime":"2015-12-31 18:03:17","endTime":"2015-12-31 18:03:18","param":"RunSql.DbJsonString","value":"1","id":1},"status":{"execStatus":"completed","verdict":"none","verdictExplanation":"Not Defined"},"dataFormat":"none","class":"iterationResult"},{"info":{"startTime":"2015-12-31 18:03:18","endTime":"2015-12-31 18:03:18","param":"GeneratorConfig.BurstSize","value":"35","id":1},"status":{"execStatus":"completed","verdict":"none","verdictExplanation":"Not Defined"},"dataFormat":"none","class":"iterationResult"},{"info":{"startTime":"2015-12-31 18:03:18","endTime":"2015-12-31 18:04:10","param":"RunSql.DbJsonString","value":"35","id":1},"status":{"execStatus":"completed","verdict":"none","verdictExplanation":"Not Defined"},"dataFormat":"group","data":{"tag":"all_groups","children":[{"info":{"reportGroup":"GROUP_1","param":"RunSql.DbJsonString"},"status":{"execStatus":"completed","verdict":"none","verdictExplanation":"Not Defined"},"dataFormat":"group","data":{"tag":"all_groups","children":[{"info":{"param":"RunSql.DbJsonString","value":"1","startTime":"2015-12-31 18:03:19","endTime":"2015-12-31 18:03:44","id":1,"resultFile":"Iteration-RunSql.DbJsonString-512-RunSql.DbJsonString-35-RunSql.DbJsonString-1-id-1.json"},"status":{"execStatus":"completed","verdict":"passed","verdictExplanation":"Not Defined"},"dataFormat":"none","class":"iterationResult"},{"info":{"param":"RunSql.DbJsonString","value":"2","startTime":"2015-12-31 18:03:44","endTime":"2015-12-31 18:04:09","id":2,"resultFile":"Iteration-RunSql.DbJsonString-512-RunSql.DbJsonString-35-RunSql.DbJsonString-2-id-2.json"},"status":{"execStatus":"completed","verdict":"passed","verdictExplanation":"Not Defined"},"dataFormat":"none","class":"iterationResult"}]},"class":"iteratorResult"}]},"class":"iterationResult"},{"info":{"startTime":"2015-12-31 18:04:10","endTime":"2015-12-31 18:04:10","param":"RunSql.DbJsonString","value":"2","id":2},"status":{"execStatus":"completed","verdict":"none","verdictExplanation":"Not Defined"},"dataFormat":"none","class":"iterationResult"},{"info":{"startTime":"2015-12-31 18:04:10","endTime":"2015-12-31 18:04:10","param":"GeneratorConfig.BurstSize","value":"45","id":2},"status":{"execStatus":"completed","verdict":"none","verdictExplanation":"Not Defined"},"dataFormat":"none","class":"iterationResult"},{"info":{"startTime":"2015-12-31 18:04:10","endTime":"2015-12-31 18:05:02","param":"RunSql.DbJsonString","value":"45","id":2},"status":{"execStatus":"completed","verdict":"none","verdictExplanation":"Not Defined"},"dataFormat":"group","data":{"tag":"all_groups","children":[{"info":{"reportGroup":"GROUP_1","param":"RunSql.DbJsonString"},"status":{"execStatus":"completed","verdict":"none","verdictExplanation":"Not Defined"},"dataFormat":"group","data":{"tag":"all_groups","children":[{"info":{"param":"RunSql.DbJsonString","value":"1","startTime":"2015-12-31 18:04:11","endTime":"2015-12-31 18:04:37","id":1,"resultFile":"Iteration-RunSql.DbJsonString-512-RunSql.DbJsonString-45-RunSql.DbJsonString-1-id-1.json"},"status":{"execStatus":"completed","verdict":"passed","verdictExplanation":"Not Defined"},"dataFormat":"none","class":"iterationResult"},{"info":{"param":"RunSql.DbJsonString","value":"2","startTime":"2015-12-31 18:04:37","endTime":"2015-12-31 18:05:02","id":2,"resultFile":"Iteration-RunSql.DbJsonString-512-RunSql.DbJsonString-45-RunSql.DbJsonString-2-id-2.json"},"status":{"execStatus":"completed","verdict":"passed","verdictExplanation":"Not Defined"},"dataFormat":"none","class":"iterationResult"}]},"class":"iteratorResult"}]},"class":"iterationResult"}]},"class":"iteratorResult"}]},"class":"iterationResult"},{"info":{"startTime":"2015-12-31 18:05:03","endTime":"2015-12-31 18:05:03","param":"RunSql.DbJsonString","value":"5","id":5},"status":{"execStatus":"completed","verdict":"none","verdictExplanation":"Not Defined"},"dataFormat":"none","class":"iterationResult"},{"info":{"startTime":"2015-12-31 18:05:03","endTime":"2015-12-31 18:05:03","param":"FrameSize","value":"1024","id":5},"status":{"execStatus":"completed","verdict":"none","verdictExplanation":"Not Defined"},"dataFormat":"none","class":"iterationResult"},{"info":{"param":"RunSql.DbJsonString","value":"1024","startTime":"2015-12-31 18:05:03","endTime":"2015-12-31 18:06:51","id":5,"resultFile":"Iteration-RunSql.DbJsonString-1024-id-5.json"},"status":{"execStatus":"completed","verdict":"passed","verdictExplanation":"Not Defined"},"dataFormat":"group","data":{"tag":"all_groups","children":[{"info":{"reportGroup":"GROUP_1","param":"RunSql.DbJsonString"},"status":{"execStatus":"completed","verdict":"none","verdictExplanation":"Not Defined"},"dataFormat":"group","data":{"tag":"all_groups","children":[{"info":{"startTime":"2015-12-31 18:05:04","endTime":"2015-12-31 18:05:04","param":"RunSql.DbJsonString","value":"1","id":1},"status":{"execStatus":"completed","verdict":"none","verdictExplanation":"Not Defined"},"dataFormat":"none","class":"iterationResult"},{"info":{"startTime":"2015-12-31 18:05:04","endTime":"2015-12-31 18:05:04","param":"GeneratorConfig.BurstSize","value":"30","id":1},"status":{"execStatus":"completed","verdict":"none","verdictExplanation":"Not Defined"},"dataFormat":"none","class":"iterationResult"},{"info":{"startTime":"2015-12-31 18:05:04","endTime":"2015-12-31 18:05:58","param":"RunSql.DbJsonString","value":"30","id":1},"status":{"execStatus":"completed","verdict":"none","verdictExplanation":"Not Defined"},"dataFormat":"group","data":{"tag":"all_groups","children":[{"info":{"reportGroup":"GROUP_1","param":"RunSql.DbJsonString"},"status":{"execStatus":"completed","verdict":"none","verdictExplanation":"Not Defined"},"dataFormat":"group","data":{"tag":"all_groups","children":[{"info":{"param":"RunSql.DbJsonString","value":"1","startTime":"2015-12-31 18:05:06","endTime":"2015-12-31 18:05:31","id":1,"resultFile":"Iteration-RunSql.DbJsonString-1024-RunSql.DbJsonString-30-RunSql.DbJsonString-1-id-1.json"},"status":{"execStatus":"completed","verdict":"passed","verdictExplanation":"Not Defined"},"dataFormat":"none","class":"iterationResult"},{"info":{"param":"RunSql.DbJsonString","value":"2","startTime":"2015-12-31 18:05:32","endTime":"2015-12-31 18:05:57","id":2,"resultFile":"Iteration-RunSql.DbJsonString-1024-RunSql.DbJsonString-30-RunSql.DbJsonString-2-id-2.json"},"status":{"execStatus":"completed","verdict":"passed","verdictExplanation":"Not Defined"},"dataFormat":"none","class":"iterationResult"}]},"class":"iteratorResult"}]},"class":"iterationResult"},{"info":{"startTime":"2015-12-31 18:05:58","endTime":"2015-12-31 18:05:58","param":"RunSql.DbJsonString","value":"2","id":2},"status":{"execStatus":"completed","verdict":"none","verdictExplanation":"Not Defined"},"dataFormat":"none","class":"iterationResult"},{"info":{"startTime":"2015-12-31 18:05:58","endTime":"2015-12-31 18:05:58","param":"GeneratorConfig.BurstSize","value":"40","id":2},"status":{"execStatus":"completed","verdict":"none","verdictExplanation":"Not Defined"},"dataFormat":"none","class":"iterationResult"},{"info":{"startTime":"2015-12-31 18:05:58","endTime":"2015-12-31 18:06:51","param":"RunSql.DbJsonString","value":"40","id":2},"status":{"execStatus":"completed","verdict":"none","verdictExplanation":"Not Defined"},"dataFormat":"group","data":{"tag":"all_groups","children":[{"info":{"reportGroup":"GROUP_1","param":"RunSql.DbJsonString"},"status":{"execStatus":"completed","verdict":"none","verdictExplanation":"Not Defined"},"dataFormat":"group","data":{"tag":"all_groups","children":[{"info":{"param":"RunSql.DbJsonString","value":"1","startTime":"2015-12-31 18:05:59","endTime":"2015-12-31 18:06:25","id":1,"resultFile":"Iteration-RunSql.DbJsonString-1024-RunSql.DbJsonString-40-RunSql.DbJsonString-1-id-1.json"},"status":{"execStatus":"completed","verdict":"passed","verdictExplanation":"Not Defined"},"dataFormat":"none","class":"iterationResult"},{"info":{"param":"RunSql.DbJsonString","value":"2","startTime":"2015-12-31 18:06:25","endTime":"2015-12-31 18:06:50","id":2,"resultFile":"Iteration-RunSql.DbJsonString-1024-RunSql.DbJsonString-40-RunSql.DbJsonString-2-id-2.json"},"status":{"execStatus":"completed","verdict":"passed","verdictExplanation":"Not Defined"},"dataFormat":"none","class":"iterationResult"}]},"class":"iteratorResult"}]},"class":"iterationResult"}]},"class":"iteratorResult"}]},"class":"iterationResult"},{"info":{"startTime":"2015-12-31 18:06:51","endTime":"2015-12-31 18:06:51","param":"RunSql.DbJsonString","value":"6","id":6},"status":{"execStatus":"completed","verdict":"none","verdictExplanation":"Not Defined"},"dataFormat":"none","class":"iterationResult"},{"info":{"startTime":"2015-12-31 18:06:51","endTime":"2015-12-31 18:06:52","param":"FrameSize","value":"1280","id":6},"status":{"execStatus":"completed","verdict":"none","verdictExplanation":"Not Defined"},"dataFormat":"none","class":"iterationResult"},{"info":{"param":"RunSql.DbJsonString","value":"1280","startTime":"2015-12-31 18:06:52","endTime":"2015-12-31 18:08:42","id":6,"resultFile":"Iteration-RunSql.DbJsonString-1280-id-6.json"},"status":{"execStatus":"completed","verdict":"passed","verdictExplanation":"Not Defined"},"dataFormat":"group","data":{"tag":"all_groups","children":[{"info":{"reportGroup":"GROUP_1","param":"RunSql.DbJsonString"},"status":{"execStatus":"completed","verdict":"none","verdictExplanation":"Not Defined"},"dataFormat":"group","data":{"tag":"all_groups","children":[{"info":{"startTime":"2015-12-31 18:06:52","endTime":"2015-12-31 18:06:53","param":"RunSql.DbJsonString","value":"1","id":1},"status":{"execStatus":"completed","verdict":"none","verdictExplanation":"Not Defined"},"dataFormat":"none","class":"iterationResult"},{"info":{"startTime":"2015-12-31 18:06:53","endTime":"2015-12-31 18:06:53","param":"GeneratorConfig.BurstSize","value":"25","id":1},"status":{"execStatus":"completed","verdict":"none","verdictExplanation":"Not Defined"},"dataFormat":"none","class":"iterationResult"},{"info":{"startTime":"2015-12-31 18:06:53","endTime":"2015-12-31 18:07:47","param":"RunSql.DbJsonString","value":"25","id":1},"status":{"execStatus":"completed","verdict":"none","verdictExplanation":"Not Defined"},"dataFormat":"group","data":{"tag":"all_groups","children":[{"info":{"reportGroup":"GROUP_1","param":"RunSql.DbJsonString"},"status":{"execStatus":"completed","verdict":"none","verdictExplanation":"Not Defined"},"dataFormat":"group","data":{"tag":"all_groups","children":[{"info":{"param":"RunSql.DbJsonString","value":"1","startTime":"2015-12-31 18:06:54","endTime":"2015-12-31 18:07:19","id":1,"resultFile":"Iteration-RunSql.DbJsonString-1280-RunSql.DbJsonString-25-RunSql.DbJsonString-1-id-1.json"},"status":{"execStatus":"completed","verdict":"passed","verdictExplanation":"Not Defined"},"dataFormat":"none","class":"iterationResult"},{"info":{"param":"RunSql.DbJsonString","value":"2","startTime":"2015-12-31 18:07:19","endTime":"2015-12-31 18:07:46","id":2,"resultFile":"Iteration-RunSql.DbJsonString-1280-RunSql.DbJsonString-25-RunSql.DbJsonString-2-id-2.json"},"status":{"execStatus":"completed","verdict":"passed","verdictExplanation":"Not Defined"},"dataFormat":"none","class":"iterationResult"}]},"class":"iteratorResult"}]},"class":"iterationResult"},{"info":{"startTime":"2015-12-31 18:07:47","endTime":"2015-12-31 18:07:47","param":"RunSql.DbJsonString","value":"2","id":2},"status":{"execStatus":"completed","verdict":"none","verdictExplanation":"Not Defined"},"dataFormat":"none","class":"iterationResult"},{"info":{"startTime":"2015-12-31 18:07:47","endTime":"2015-12-31 18:07:47","param":"GeneratorConfig.BurstSize","value":"35","id":2},"status":{"execStatus":"completed","verdict":"none","verdictExplanation":"Not Defined"},"dataFormat":"none","class":"iterationResult"},{"info":{"startTime":"2015-12-31 18:07:47","endTime":"2015-12-31 18:08:42","param":"RunSql.DbJsonString","value":"35","id":2},"status":{"execStatus":"completed","verdict":"none","verdictExplanation":"Not Defined"},"dataFormat":"group","data":{"tag":"all_groups","children":[{"info":{"reportGroup":"GROUP_1","param":"RunSql.DbJsonString"},"status":{"execStatus":"completed","verdict":"none","verdictExplanation":"Not Defined"},"dataFormat":"group","data":{"tag":"all_groups","children":[{"info":{"param":"RunSql.DbJsonString","value":"1","startTime":"2015-12-31 18:07:48","endTime":"2015-12-31 18:08:14","id":1,"resultFile":"Iteration-RunSql.DbJsonString-1280-RunSql.DbJsonString-35-RunSql.DbJsonString-1-id-1.json"},"status":{"execStatus":"completed","verdict":"passed","verdictExplanation":"Not Defined"},"dataFormat":"none","class":"iterationResult"},{"info":{"param":"RunSql.DbJsonString","value":"2","startTime":"2015-12-31 18:08:14","endTime":"2015-12-31 18:08:41","id":2,"resultFile":"Iteration-RunSql.DbJsonString-1280-RunSql.DbJsonString-35-RunSql.DbJsonString-2-id-2.json"},"status":{"execStatus":"completed","verdict":"passed","verdictExplanation":"Not Defined"},"dataFormat":"none","class":"iterationResult"}]},"class":"iteratorResult"}]},"class":"iterationResult"}]},"class":"iteratorResult"}]},"class":"iterationResult"},{"info":{"startTime":"2015-12-31 18:08:42","endTime":"2015-12-31 18:08:42","param":"RunSql.DbJsonString","value":"7","id":7},"status":{"execStatus":"completed","verdict":"none","verdictExplanation":"Not Defined"},"dataFormat":"none","class":"iterationResult"},{"info":{"startTime":"2015-12-31 18:08:42","endTime":"2015-12-31 18:08:43","param":"FrameSize","value":"1518","id":7},"status":{"execStatus":"completed","verdict":"none","verdictExplanation":"Not Defined"},"dataFormat":"none","class":"iterationResult"},{"info":{"param":"RunSql.DbJsonString","value":"1518","startTime":"2015-12-31 18:08:43","endTime":"2015-12-31 18:10:30","id":7,"resultFile":"Iteration-RunSql.DbJsonString-1518-id-7.json"},"status":{"execStatus":"completed","verdict":"passed","verdictExplanation":"Not Defined"},"dataFormat":"group","data":{"tag":"all_groups","children":[{"info":{"reportGroup":"GROUP_1","param":"RunSql.DbJsonString"},"status":{"execStatus":"completed","verdict":"none","verdictExplanation":"Not Defined"},"dataFormat":"group","data":{"tag":"all_groups","children":[{"info":{"startTime":"2015-12-31 18:08:44","endTime":"2015-12-31 18:08:44","param":"RunSql.DbJsonString","value":"1","id":1},"status":{"execStatus":"completed","verdict":"none","verdictExplanation":"Not Defined"},"dataFormat":"none","class":"iterationResult"},{"info":{"startTime":"2015-12-31 18:08:44","endTime":"2015-12-31 18:08:44","param":"GeneratorConfig.BurstSize","value":"20","id":1},"status":{"execStatus":"completed","verdict":"none","verdictExplanation":"Not Defined"},"dataFormat":"none","class":"iterationResult"},{"info":{"startTime":"2015-12-31 18:08:44","endTime":"2015-12-31 18:09:37","param":"RunSql.DbJsonString","value":"20","id":1},"status":{"execStatus":"completed","verdict":"none","verdictExplanation":"Not Defined"},"dataFormat":"group","data":{"tag":"all_groups","children":[{"info":{"reportGroup":"GROUP_1","param":"RunSql.DbJsonString"},"status":{"execStatus":"completed","verdict":"none","verdictExplanation":"Not Defined"},"dataFormat":"group","data":{"tag":"all_groups","children":[{"info":{"param":"RunSql.DbJsonString","value":"1","startTime":"2015-12-31 18:08:45","endTime":"2015-12-31 18:09:10","id":1,"resultFile":"Iteration-RunSql.DbJsonString-1518-RunSql.DbJsonString-20-RunSql.DbJsonString-1-id-1.json"},"status":{"execStatus":"completed","verdict":"passed","verdictExplanation":"Not Defined"},"dataFormat":"none","class":"iterationResult"},{"info":{"param":"RunSql.DbJsonString","value":"2","startTime":"2015-12-31 18:09:11","endTime":"2015-12-31 18:09:36","id":2,"resultFile":"Iteration-RunSql.DbJsonString-1518-RunSql.DbJsonString-20-RunSql.DbJsonString-2-id-2.json"},"status":{"execStatus":"completed","verdict":"passed","verdictExplanation":"Not Defined"},"dataFormat":"none","class":"iterationResult"}]},"class":"iteratorResult"}]},"class":"iterationResult"},{"info":{"startTime":"2015-12-31 18:09:37","endTime":"2015-12-31 18:09:37","param":"RunSql.DbJsonString","value":"2","id":2},"status":{"execStatus":"completed","verdict":"none","verdictExplanation":"Not Defined"},"dataFormat":"none","class":"iterationResult"},{"info":{"startTime":"2015-12-31 18:09:37","endTime":"2015-12-31 18:09:37","param":"GeneratorConfig.BurstSize","value":"30","id":2},"status":{"execStatus":"completed","verdict":"none","verdictExplanation":"Not Defined"},"dataFormat":"none","class":"iterationResult"},{"info":{"startTime":"2015-12-31 18:09:37","endTime":"2015-12-31 18:10:29","param":"RunSql.DbJsonString","value":"30","id":2},"status":{"execStatus":"completed","verdict":"none","verdictExplanation":"Not Defined"},"dataFormat":"group","data":{"tag":"all_groups","children":[{"info":{"reportGroup":"GROUP_1","param":"RunSql.DbJsonString"},"status":{"execStatus":"completed","verdict":"none","verdictExplanation":"Not Defined"},"dataFormat":"group","data":{"tag":"all_groups","children":[{"info":{"param":"RunSql.DbJsonString","value":"1","startTime":"2015-12-31 18:09:38","endTime":"2015-12-31 18:10:03","id":1,"resultFile":"Iteration-RunSql.DbJsonString-1518-RunSql.DbJsonString-30-RunSql.DbJsonString-1-id-1.json"},"status":{"execStatus":"completed","verdict":"passed","verdictExplanation":"Not Defined"},"dataFormat":"none","class":"iterationResult"},{"info":{"param":"RunSql.DbJsonString","value":"2","startTime":"2015-12-31 18:10:04","endTime":"2015-12-31 18:10:29","id":2,"resultFile":"Iteration-RunSql.DbJsonString-1518-RunSql.DbJsonString-30-RunSql.DbJsonString-2-id-2.json"},"status":{"execStatus":"completed","verdict":"passed","verdictExplanation":"Not Defined"},"dataFormat":"none","class":"iterationResult"}]},"class":"iteratorResult"}]},"class":"iterationResult"}]},"class":"iteratorResult"}]},"class":"iterationResult"}]},"class":"iteratorResult"}]},"class":"resultGroup"}]},"class":"testReport"}