<stc:meta xmlns:stc="urn:www.spirentcom.com:XMLSchema.xsd" id="0x14000000" package="admin" plugin="admin" version="0.0.0-0">

  
  
  <stc:class baseClass="framework.Command" canCreate="true" displayName="Set Firmware Archives Directory" id="0x14001000" idlMapped="na" ilMapped="na" isInternal="false" isReadOnly="false" isSingleton="false" name="SetFirmwareArchivesDirCommand" noSave="false" profile="none">

    <stc:attribute id="0x14001001" internalIsEnum="false" internalType="bool" name="none" type="core.Sequenceable" value="true" />

    <stc:attribute id="0x14001002" internalIsEnum="false" internalType="string" name="none" type="framework.CommandDescription" value="Specify location of YUM bundles." />
    <stc:attribute id="0x14001003" internalIsEnum="false" internalType="string" name="none" type="framework.CommandCategory" value="Admin" />

    
    <stc:property category="config" collectionType="vector" databaseType="DEFAULT" default="0" displayName="Firmware Archives Directory" format="number" id="0x14001004" idlMapped="true" ilMapped="true" isComposite="false" isDataStream="false" isDeprecated="false" isInternal="false" isReadOnly="false" maxOccurs="1" minOccurs="1" name="Dir" noSave="false" nullable="false" onModifyNotifyMode="periodic" precision="" replaces="" type="string" />

    
    <stc:property category="result" collectionType="vector" databaseType="DEFAULT" default="0" displayName="Firmware Archive Files" format="number" id="0x14001005" idlMapped="true" ilMapped="true" isComposite="false" isDataStream="false" isDeprecated="false" isInternal="false" isReadOnly="true" maxOccurs="unbounded" minOccurs="0" name="Archives" noSave="true" nullable="false" onModifyNotifyMode="periodic" precision="" replaces="" type="string" />
  </stc:class>

  
  
  <stc:class baseClass="framework.Command" canCreate="true" displayName="Set Raw Archives Directory" id="0x14002000" idlMapped="na" ilMapped="na" isInternal="false" isReadOnly="false" isSingleton="false" name="SetRawArchivesDirCommand" noSave="false" profile="none">

    <stc:attribute id="0x14002001" internalIsEnum="false" internalType="bool" name="none" type="core.Sequenceable" value="true" />

    <stc:attribute id="0x14002002" internalIsEnum="false" internalType="string" name="none" type="framework.CommandDescription" value="Specify location of fswrite files." />
    <stc:attribute id="0x14002003" internalIsEnum="false" internalType="string" name="none" type="framework.CommandCategory" value="Admin" />

    
    <stc:property category="config" collectionType="vector" databaseType="DEFAULT" default="0" displayName="Raw Image Archives Directory" format="number" id="0x14002004" idlMapped="true" ilMapped="true" isComposite="false" isDataStream="false" isDeprecated="false" isInternal="false" isReadOnly="false" maxOccurs="1" minOccurs="1" name="Dir" noSave="false" nullable="false" onModifyNotifyMode="periodic" precision="" replaces="" type="string" />

    
    <stc:property category="result" collectionType="vector" databaseType="DEFAULT" default="0" displayName="Raw Image Files" format="number" id="0x14002005" idlMapped="true" ilMapped="true" isComposite="false" isDataStream="false" isDeprecated="false" isInternal="false" isReadOnly="true" maxOccurs="unbounded" minOccurs="0" name="Archives" noSave="true" nullable="false" onModifyNotifyMode="periodic" precision="" replaces="" type="string" />
  </stc:class>

  
  
  <stc:class baseClass="framework.Command" canCreate="true" displayName="Install Raw Image" id="0x14003000" idlMapped="na" ilMapped="na" isInternal="false" isReadOnly="false" isSingleton="false" name="InstallRawImageCommand" noSave="false" profile="none">

    <stc:attribute id="0x14003001" internalIsEnum="false" internalType="bool" name="none" type="core.Sequenceable" value="true" />

    <stc:attribute id="0x14003002" internalIsEnum="false" internalType="string" name="none" type="framework.CommandDescription" value="Install firmware using fswrite." />
    <stc:attribute id="0x14003003" internalIsEnum="false" internalType="string" name="none" type="framework.CommandCategory" value="Admin" />

    
    <stc:property category="config" collectionType="vector" databaseType="DEFAULT" default="0" displayName="List of Equipment" format="number" id="0x14003004" idlMapped="true" ilMapped="true" isComposite="false" isDataStream="false" isDeprecated="false" isInternal="false" isReadOnly="false" maxOccurs="unbounded" minOccurs="0" name="EquipmentList" noSave="false" nullable="false" onModifyNotifyMode="periodic" precision="" replaces="" type="handle" />

    
    <stc:property category="config" collectionType="vector" databaseType="DEFAULT" default="2.0.0" displayName="Ram Image Version" format="number" id="0x14003005" idlMapped="true" ilMapped="true" isComposite="false" isDataStream="false" isDeprecated="false" isInternal="false" isReadOnly="false" maxOccurs="1" minOccurs="1" name="Version" noSave="false" nullable="false" onModifyNotifyMode="periodic" precision="" replaces="" type="string" />

    
    <stc:property category="config" collectionType="vector" databaseType="DEFAULT" default="true" displayName="Wait for TestModule to Boot Up" format="number" id="0x14003006" idlMapped="true" ilMapped="true" isComposite="false" isDataStream="false" isDeprecated="false" isInternal="false" isReadOnly="false" maxOccurs="1" minOccurs="1" name="WaitForTestModules" noSave="false" nullable="false" onModifyNotifyMode="periodic" precision="" replaces="" type="bool" />	   
  </stc:class>

  
  
  <stc:class baseClass="framework.Command" canCreate="true" displayName="Install Firmware" id="0x14004000" idlMapped="na" ilMapped="na" isInternal="false" isReadOnly="false" isSingleton="false" name="InstallFirmwareCommand" noSave="false" profile="none">

    <stc:attribute id="0x14004001" internalIsEnum="false" internalType="bool" name="none" type="core.Sequenceable" value="true" />

    <stc:attribute id="0x14004002" internalIsEnum="false" internalType="string" name="none" type="framework.CommandDescription" value="Upgrade firmware using YUM." />
    <stc:attribute id="0x14004003" internalIsEnum="false" internalType="string" name="none" type="framework.CommandCategory" value="Admin" />

    
    <stc:property category="config" collectionType="vector" databaseType="DEFAULT" default="0" displayName="List of Equipment" format="number" id="0x14004004" idlMapped="true" ilMapped="true" isComposite="false" isDataStream="false" isDeprecated="false" isInternal="false" isReadOnly="false" maxOccurs="unbounded" minOccurs="0" name="EquipmentList" noSave="false" nullable="false" onModifyNotifyMode="periodic" precision="" replaces="" type="handle" />

    
    <stc:property category="config" collectionType="vector" databaseType="DEFAULT" default="2.0.0" displayName="Firmware Version" format="number" id="0x14004005" idlMapped="true" ilMapped="true" isComposite="false" isDataStream="false" isDeprecated="false" isInternal="false" isReadOnly="false" maxOccurs="1" minOccurs="1" name="Version" noSave="false" nullable="false" onModifyNotifyMode="periodic" precision="" replaces="" type="string" />
  </stc:class>

  
  
  <stc:class baseClass="framework.Command" canCreate="true" displayName="Install Test Package" id="0x14005000" idlMapped="na" ilMapped="na" isInternal="false" isReadOnly="false" isSingleton="false" name="InstallTestPackageCommand" noSave="false" profile="none">

    <stc:attribute id="0x14005001" internalIsEnum="false" internalType="bool" name="none" type="core.Sequenceable" value="true" />

    <stc:attribute id="0x14005002" internalIsEnum="false" internalType="string" name="none" type="framework.CommandDescription" value="Install/activate test package." />
    <stc:attribute id="0x14005003" internalIsEnum="false" internalType="string" name="none" type="framework.CommandCategory" value="Admin" />

    <stc:property category="config" collectionType="vector" databaseType="DEFAULT" default="0" displayName="Port Group List" format="number" id="0x14005004" idlMapped="true" ilMapped="true" isComposite="false" isDataStream="false" isDeprecated="false" isInternal="false" isReadOnly="false" maxOccurs="unbounded" minOccurs="0" name="PortGroupList" noSave="false" nullable="false" onModifyNotifyMode="periodic" precision="" replaces="" type="handle">
      <stc:attribute id="0x1400500A" internalIsEnum="false" internalType="string" name="none" type="framework.PropertyDescription" value="List of port groups to install/activate a test package on." />
    </stc:property>

    <stc:property category="config" collectionType="vector" databaseType="DEFAULT" default="" displayName="Test Package Name" format="number" id="0x14005005" idlMapped="true" ilMapped="true" isComposite="false" isDataStream="false" isDeprecated="false" isInternal="false" isReadOnly="false" maxOccurs="1" minOccurs="1" name="TestPackage" noSave="false" nullable="false" onModifyNotifyMode="periodic" precision="" replaces="" type="string">
      <stc:attribute id="0x1400500B" internalIsEnum="false" internalType="string" name="none" type="framework.PropertyDescription" value="Name of test package to install/activate on port groups." />
    </stc:property>

    <stc:property category="config" collectionType="vector" databaseType="DEFAULT" default="" displayName="Test Package Version" format="number" id="0x14005006" idlMapped="true" ilMapped="true" isComposite="false" isDataStream="false" isDeprecated="false" isInternal="false" isReadOnly="false" maxOccurs="1" minOccurs="1" name="Version" noSave="false" nullable="false" onModifyNotifyMode="periodic" precision="" replaces="" type="string">
      <stc:attribute id="0x1400500C" internalIsEnum="false" internalType="string" name="none" type="framework.PropertyDescription" value="Test package version to install/activate on port groups." />
    </stc:property>

    <stc:property category="config" collectionType="vector" databaseType="DEFAULT" default="0" displayName="Equipment List" format="number" id="0x14005007" idlMapped="true" ilMapped="true" isComposite="false" isDataStream="false" isDeprecated="false" isInternal="false" isReadOnly="false" maxOccurs="unbounded" minOccurs="0" name="EquipmentList" noSave="false" nullable="false" onModifyNotifyMode="periodic" precision="" replaces="" type="handle">
      <stc:attribute id="0x1400500D" internalIsEnum="false" internalType="string" name="none" type="framework.PropertyDescription" value="List of test modules or chassis to install and/or activate test packages and/or profiles on.                      Note that activating a profile for a chassis will trigger the profile to be activated                       for all applicable test modules in the chassis." />
    </stc:property>

    
    <stc:property category="config" collectionType="vector" databaseType="DEFAULT" default="" displayName="Profiles to Install" format="number" id="0x14005008" idlMapped="true" ilMapped="true" isComposite="false" isDataStream="false" isDeprecated="false" isInternal="false" isReadOnly="false" maxOccurs="unbounded" minOccurs="0" name="ProfileInstallList" noSave="false" nullable="false" onModifyNotifyMode="periodic" precision="" replaces="" type="string">
    <stc:attribute id="0x1400500E" internalIsEnum="false" internalType="string" name="none" type="framework.PropertyDescription" value="List of test module profiles to download/install on chassis specified in 'EquipmentList'.                     To install all profiles from a directory, set to '*'(star character).                      To specify only profile install (without activation), set 'ProfileActivateList' to an empty list.                      Note that 'SetFirmwareArchivesDirCommand' must be called first to specify the location of the profiles." />
    </stc:property>

    <stc:property category="config" collectionType="vector" databaseType="DEFAULT" default="" displayName="Profiles to Activate" format="number" id="0x14005009" idlMapped="true" ilMapped="true" isComposite="false" isDataStream="false" isDeprecated="false" isInternal="false" isReadOnly="false" maxOccurs="unbounded" minOccurs="0" name="ProfileActivateList" noSave="false" nullable="false" onModifyNotifyMode="periodic" precision="" replaces="" type="string">
    <stc:attribute id="0x1400500F" internalIsEnum="false" internalType="string" name="none" type="framework.PropertyDescription" value="List of test module profiles to activate for the test modules specified in 'EquipmentList'.                      If the list contains one profile, then it will be activated for all specified test modules.                      If the list contains multiple profiles, then the size must match the size of 'EquipmentList'.                      Otherwise only the first profile will be used." />
    </stc:property>

  </stc:class>

  
  
  <stc:class baseClass="framework.Command" canCreate="true" displayName="Get Test Package List" id="0x14006000" idlMapped="na" ilMapped="na" isInternal="false" isReadOnly="false" isSingleton="false" name="GetTestPackageListCommand" noSave="false" profile="none">

    <stc:attribute id="0x14006001" internalIsEnum="false" internalType="bool" name="none" type="core.Sequenceable" value="true" />

    <stc:attribute id="0x14006002" internalIsEnum="false" internalType="string" name="none" type="framework.CommandDescription" value="Get Test Package List." />
    <stc:attribute id="0x14006003" internalIsEnum="false" internalType="string" name="none" type="framework.CommandCategory" value="Admin" />

    <stc:property category="config" collectionType="vector" databaseType="DEFAULT" default="0" displayName="Chassis Handle" format="number" id="0x14006004" idlMapped="true" ilMapped="true" isComposite="false" isDataStream="false" isDeprecated="false" isInternal="false" isReadOnly="false" maxOccurs="1" minOccurs="1" name="Chassis" noSave="false" nullable="false" onModifyNotifyMode="periodic" precision="" replaces="" type="handle">
      <stc:attribute id="0x14006006" internalIsEnum="false" internalType="string" name="none" type="framework.PropertyDescription" value="Chassis object handle." />
    </stc:property>

    <stc:property category="output" collectionType="vector" databaseType="DEFAULT" default="" displayName="Test Package list" format="number" id="0x14006005" idlMapped="true" ilMapped="true" isComposite="false" isDataStream="false" isDeprecated="false" isInternal="false" isReadOnly="true" maxOccurs="unbounded" minOccurs="0" name="TestPackageList" noSave="true" nullable="false" onModifyNotifyMode="instant" precision="" replaces="" type="string" />

  </stc:class>

  
  
  <stc:class baseClass="framework.Command" canCreate="true" displayName="Delete Test Package" id="0x14007000" idlMapped="na" ilMapped="na" isInternal="false" isReadOnly="false" isSingleton="false" name="DeleteTestPackageCommand" noSave="false" profile="none">

    <stc:attribute id="0x14007001" internalIsEnum="false" internalType="bool" name="none" type="core.Sequenceable" value="true" />

    <stc:attribute id="0x14007002" internalIsEnum="false" internalType="string" name="none" type="framework.CommandDescription" value="Delete test package." />
    <stc:attribute id="0x14007003" internalIsEnum="false" internalType="string" name="none" type="framework.CommandCategory" value="Admin" />

    <stc:property category="config" collectionType="vector" databaseType="DEFAULT" default="" displayName="Test Package Name" format="number" id="0x14007004" idlMapped="true" ilMapped="true" isComposite="false" isDataStream="false" isDeprecated="false" isInternal="false" isReadOnly="false" maxOccurs="1" minOccurs="1" name="TestPackage" noSave="false" nullable="false" onModifyNotifyMode="periodic" precision="" replaces="" type="string">
      <stc:attribute id="0x14007008" internalIsEnum="false" internalType="string" name="none" type="framework.PropertyDescription" value="Name of test package to delete on port groups." />
    </stc:property>

    <stc:property category="config" collectionType="vector" databaseType="DEFAULT" default="" displayName="Test Package Version" format="number" id="0x14007005" idlMapped="true" ilMapped="true" isComposite="false" isDataStream="false" isDeprecated="false" isInternal="false" isReadOnly="false" maxOccurs="1" minOccurs="1" name="Version" noSave="false" nullable="false" onModifyNotifyMode="periodic" precision="" replaces="" type="string">
      <stc:attribute id="0x14007009" internalIsEnum="false" internalType="string" name="none" type="framework.PropertyDescription" value="Test package version to delete on port groups." />
    </stc:property>

    <stc:property category="config" collectionType="vector" databaseType="DEFAULT" default="0" displayName="Port Group List" format="number" id="0x14007006" idlMapped="true" ilMapped="true" isComposite="false" isDataStream="false" isDeprecated="false" isInternal="false" isReadOnly="false" maxOccurs="unbounded" minOccurs="0" name="PortGroupList" noSave="false" nullable="false" onModifyNotifyMode="periodic" precision="" replaces="" type="handle">
      <stc:attribute id="0x1400700A" internalIsEnum="false" internalType="string" name="none" type="framework.PropertyDescription" value="List of port groups to delete a test package on." />
    </stc:property>

    <stc:property category="config" collectionType="vector" databaseType="DEFAULT" default="0" displayName="Equipment List" format="number" id="0x14007007" idlMapped="true" ilMapped="true" isComposite="false" isDataStream="false" isDeprecated="false" isInternal="false" isReadOnly="false" maxOccurs="unbounded" minOccurs="0" name="EquipmentList" noSave="false" nullable="false" onModifyNotifyMode="periodic" precision="" replaces="" type="handle">
      <stc:attribute id="0x1400700B" internalIsEnum="false" internalType="string" name="none" type="framework.PropertyDescription" value="List of test modules or chassis to delete test packages on." />
    </stc:property>

  </stc:class>

    
  
  <stc:class baseClass="framework.Command" canCreate="true" displayName="Switch Test Package" id="0x14008000" idlMapped="na" ilMapped="na" isInternal="false" isReadOnly="false" isSingleton="false" name="SwitchTestPackageCommand" noSave="false" profile="none">

    <stc:attribute id="0x14008001" internalIsEnum="false" internalType="bool" name="none" type="core.Sequenceable" value="true" />

    <stc:attribute id="0x14008002" internalIsEnum="false" internalType="string" name="none" type="framework.CommandDescription" value="Switch test package." />
    <stc:attribute id="0x14008003" internalIsEnum="false" internalType="string" name="none" type="framework.CommandCategory" value="Admin" />

    <stc:property category="config" collectionType="vector" databaseType="DEFAULT" default="" displayName="Test Package Name" format="number" id="0x14008004" idlMapped="true" ilMapped="true" isComposite="false" isDataStream="false" isDeprecated="false" isInternal="false" isReadOnly="false" maxOccurs="1" minOccurs="1" name="TestPackage" noSave="false" nullable="false" onModifyNotifyMode="periodic" precision="" replaces="" type="string">
      <stc:attribute id="0x14008007" internalIsEnum="false" internalType="string" name="none" type="framework.PropertyDescription" value="Name of test package to switch on port groups." />
    </stc:property>

    <stc:property category="config" collectionType="vector" databaseType="DEFAULT" default="" displayName="Test Package Version" format="number" id="0x14008005" idlMapped="true" ilMapped="true" isComposite="false" isDataStream="false" isDeprecated="false" isInternal="false" isReadOnly="false" maxOccurs="1" minOccurs="1" name="Version" noSave="false" nullable="false" onModifyNotifyMode="periodic" precision="" replaces="" type="string">
      <stc:attribute id="0x14008008" internalIsEnum="false" internalType="string" name="none" type="framework.PropertyDescription" value="Test package version to switch on port groups." />
    </stc:property>

    <stc:property category="config" collectionType="vector" databaseType="DEFAULT" default="0" displayName="Port Group List" format="number" id="0x14008006" idlMapped="true" ilMapped="true" isComposite="false" isDataStream="false" isDeprecated="false" isInternal="false" isReadOnly="false" maxOccurs="unbounded" minOccurs="0" name="PortGroupList" noSave="false" nullable="false" onModifyNotifyMode="periodic" precision="" replaces="" type="handle">
      <stc:attribute id="0x14008009" internalIsEnum="false" internalType="string" name="none" type="framework.PropertyDescription" value="List of port groups to switch a test package on." />
    </stc:property>

  </stc:class>

</stc:meta>