<stc:meta xmlns:stc="urn:www.spirentcom.com:XMLSchema.xsd" id="0x9C000000" package="traffic" plugin="avbgen" version="0.0.0-0">

    

    
    <stc:idlDef idlDepends="" idlImplements="" idlIncludes="" idlName="avbgen" idlVersion="1" isInterface="true" />

    
    

 <stc:class baseClass="common.contentcore.ContentBaseProtocolConfig" canCreate="true" displayName="AVB Generator Config" id="0x9C001000" idlMapped="avbgen" ilMapped="root" isInternal="false" isReadOnly="false" isSingleton="false" name="AvbgenConfig" noSave="false" profile="avbgen">

   <stc:relation allowDuplicate="false" dstClassRef="AvbgenConfig" dstName="none" embedDstInIlClass="false" embedSrcInIlClass="false" id="0x9C001001" isInternal="false" maxOccurs="1" minOccurs="0" name="ParentDevice" order="sequenced" srcClassRef="core.EmulatedDevice" srcName="none" type="framework.ParentChild" />
                
                
    <stc:enumeration idlMapped="true" ilMapped="true" isFlags="false" name="EnumTrafficClass">
      <stc:enum displayName="Class A" idlMapped="true" ilMapped="true" name="CLASS_A" value="1" />
      <stc:enum displayName="Class B" idlMapped="true" ilMapped="true" name="CLASS_B" value="2" />
    </stc:enumeration>
    
    <stc:enumeration idlMapped="true" ilMapped="true" isFlags="false" name="EnumAvbgenState">
      <stc:enum displayName="Stopped" idlMapped="true" ilMapped="true" name="STOPPED" value="0" />
      <stc:enum displayName="Started" idlMapped="true" ilMapped="true" name="STARTED" value="1" />
    </stc:enumeration>
    
    
    
    <stc:property category="state" collectionType="vector" databaseType="DEFAULT" default="STOPPED" displayName="AVBGEN State" format="number" id="0x9C001002" idlMapped="false" ilMapped="false" isComposite="false" isDataStream="false" isDeprecated="false" isInternal="false" isReadOnly="true" maxOccurs="1" minOccurs="1" name="State" noSave="true" nullable="false" onModifyNotifyMode="queued" precision="" replaces="" type="u16">
    <stc:enumerationRef ref="EnumAvbgenState" />
    </stc:property>
	
    <stc:property category="config" collectionType="vector" databaseType="DEFAULT" default="204" displayName="Test Number" format="number" id="0x9C001003" idlMapped="true" ilMapped="true" isComposite="false" isDataStream="false" isDeprecated="false" isInternal="false" isReadOnly="false" maxOccurs="1" minOccurs="1" name="TestNumber" noSave="false" nullable="false" onModifyNotifyMode="periodic" precision="" replaces="" type="u32">
      <stc:numericValidation errorMsg="Please enter a valid number" maxInclusive="1000" minInclusive="1" />
    </stc:property>

               
    <stc:property category="config" collectionType="vector" databaseType="DEFAULT" default="11" displayName="Sample Rate - Resolution" format="number" id="0x9C001004" idlMapped="true" ilMapped="true" isComposite="false" isDataStream="false" isDeprecated="false" isInternal="false" isReadOnly="false" maxOccurs="1" minOccurs="1" name="SampleRate" noSave="false" nullable="false" onModifyNotifyMode="periodic" precision="" replaces="" type="u32">
      <stc:numericValidation errorMsg="Please enter a valid number" maxInclusive="600" minInclusive="11" />
    </stc:property>
             
 
    <stc:property category="config" collectionType="vector" databaseType="DEFAULT" default="CLASS_A" displayName="Traffic Class" format="number" id="0x9C001005" idlMapped="true" ilMapped="true" isComposite="false" isDataStream="false" isDeprecated="false" isInternal="false" isReadOnly="false" maxOccurs="1" minOccurs="1" name="TrafficClass" noSave="false" nullable="false" onModifyNotifyMode="periodic" precision="" replaces="" type="u8">
      <stc:enumerationRef ref="EnumTrafficClass" />
    </stc:property>    
  
  </stc:class> 	

  
  
  
  <stc:class baseClass="framework.Command" canCreate="false" id="0x9C002000" idlMapped="na" ilMapped="na" isInternal="true" isReadOnly="false" isSingleton="false" name="AvbgenCommand" noSave="false" profile="avbgen">
    <stc:attribute id="0x9C002001" internalIsEnum="false" internalType="bool" name="none" type="core.RequireApplyToIL" value="true" />
    <stc:property category="input" collectionType="vector" databaseType="DEFAULT" default="0" displayName="Traffic Generator" format="number" id="0x9C002002" idlMapped="true" ilMapped="true" isComposite="false" isDataStream="false" isDeprecated="false" isInternal="false" isReadOnly="false" maxOccurs="unbounded" minOccurs="0" name="TrafficGen" noSave="false" nullable="false" onModifyNotifyMode="none" precision="" replaces="" type="handle" />
  </stc:class>
 
    

  <stc:class baseClass="AvbgenCommand" canCreate="true" displayName="Start Traffic Generator" id="0x9C003000" idlMapped="na" ilMapped="na" isInternal="false" isReadOnly="false" isSingleton="false" name="StartTrafficGeneratorCommand" noSave="false" profile="avbgen">

    <stc:attribute id="0x9C003001" internalIsEnum="false" internalType="bool" name="none" type="core.Sequenceable" value="false" />
    <stc:attribute id="0x9C003002" internalIsEnum="false" internalType="string" name="none" type="framework.CommandDescription" value="Start Traffic Generator" />
    <stc:attribute id="0x9C003003" internalIsEnum="false" internalType="string" name="none" type="framework.CommandCategory" value="Basic//Avbgen" />
    </stc:class>



  <stc:class baseClass="AvbgenCommand" canCreate="true" displayName="Stop Traffic Generator" id="0x9C004000" idlMapped="na" ilMapped="na" isInternal="false" isReadOnly="false" isSingleton="false" name="StopTrafficGeneratorCommand" noSave="false" profile="avbgen">

    <stc:attribute id="0x9C004001" internalIsEnum="false" internalType="bool" name="none" type="core.Sequenceable" value="false" />
    <stc:attribute id="0x9C004002" internalIsEnum="false" internalType="string" name="none" type="framework.CommandDescription" value="Stop Traffic Generator" />
    <stc:attribute id="0x9C004003" internalIsEnum="false" internalType="string" name="none" type="framework.CommandCategory" value="Basic//Avbgen" />
    </stc:class>
 
  
  
  
  <stc:commandTarget command="StartTrafficGeneratorCommand" default="1" target="AvbgenConfig" />   
  <stc:commandTarget command="StopTrafficGeneratorCommand" default="0" target="AvbgenConfig" />   
   
</stc:meta>