<stc:meta xmlns:stc="urn:www.spirentcom.com:XMLSchema.xsd" id="0x22000000" package="access" plugin="accesscore" version="0.0.0-0">

  
  
  
  
  <stc:class baseClass="core.ProtocolConfig" canCreate="false" id="0x22001000" idlMapped="na" ilMapped="na" isInternal="false" isReadOnly="false" isSingleton="false" name="AbstAccessBlockConfig" noSave="false" profile="access">
    
  </stc:class>

  
  
  
  
  <stc:class baseClass="framework.Command" canCreate="false" id="0x22002000" idlMapped="na" ilMapped="na" isInternal="false" isReadOnly="false" isSingleton="false" name="AccessCommand" noSave="false" profile="access">
    <stc:property category="input" collectionType="vector" databaseType="DEFAULT" default="0" displayName="Stc Block List" format="number" id="0x22002001" idlMapped="true" ilMapped="true" isComposite="false" isDataStream="false" isDeprecated="false" isInternal="false" isReadOnly="false" maxOccurs="unbounded" minOccurs="0" name="BlockList" noSave="false" nullable="false" onModifyNotifyMode="none" precision="" replaces="" type="handle" />
  </stc:class>


  
  <stc:class baseClass="core.WaitOnScriptablesCommand" canCreate="false" id="0x22003000" idlMapped="na" ilMapped="na" isInternal="false" isReadOnly="false" isSingleton="false" name="AccessWaitableCommand" noSave="false" profile="access">
  </stc:class>

  
  <stc:class baseClass="core.LinkGroup" canCreate="false" id="0x22004000" idlMapped="na" ilMapped="na" isInternal="false" isReadOnly="false" isSingleton="false" name="AccessLinkGroup" noSave="false" profile="access">
  </stc:class>
  
  
  <stc:class baseClass="AccessLinkGroup" canCreate="true" id="0x22005000" idlMapped="na" ilMapped="na" isInternal="false" isReadOnly="false" isSingleton="false" name="AncpCpeToDslamLink" noSave="false" profile="access">
  </stc:class>

</stc:meta>