<stc:meta xmlns:stc="urn:www.spirentcom.com:XMLSchema.xsd" id="0x30000000" package="access" plugin="ancp" version="0.0.0-0">


  

  
  <stc:relationType allowDuplicate="false" dstName="DslProfile" id="0x30000001" name="AffiliatedAncpDslLineProfile" saveAtSource="true" srcName="AncpAccessLoopBlockConfig" />

  <stc:relationType allowDuplicate="false" dstName="AbstAncpDslLineProfile" id="0x30000002" name="AffiliatedSubscriberDslLineProfile" saveAtSource="true" srcName="AncpSubscriberMap" />

  
  <stc:relationType allowDuplicate="false" dstName="AncpAccessNode" id="0x30000003" name="AffiliatedAncpAccessNode" saveAtSource="true" srcName="AffiliatedAncpAccessNodeSource" />


  
  
  
  <stc:class baseClass="framework.Scriptable" canCreate="true" id="0x30001000" idlMapped="na" ilMapped="na" isInternal="false" isReadOnly="false" isSingleton="false" name="AncpPortConfig" noSave="false" profile="ancp">

    
    <stc:relation allowDuplicate="false" dstClassRef="AncpPortConfig" dstName="none" embedDstInIlClass="false" embedSrcInIlClass="false" id="0x30001001" isInternal="false" maxOccurs="1" minOccurs="1" name="ParentPort" order="sequenced" srcClassRef="core.Port" srcName="none" type="framework.ParentChild" />

    
    <stc:enumeration idlEnumerationRef="ancp.1:sequenceType_t" idlMapped="true" ilMapped="true" isFlags="false" name="EnumPortSeqType">
        <stc:enum displayName="Sequential" idlEnumValueRef="SEQUENTIAL" idlMapped="true" ilMapped="true" name="SEQUENTIAL" value="0" />
        <stc:enum displayName="Parallel" idlEnumValueRef="PARALLEL" idlMapped="true" ilMapped="true" name="PARALLEL" value="1" />
    </stc:enumeration>

    <stc:enumeration idlEnumerationRef="ancp.1:portState_t" idlMapped="true" ilMapped="true" isFlags="false" name="EnumAncpPortState">
        <stc:enum displayName="None" idlEnumValueRef="NONE" idlMapped="true" ilMapped="true" name="NONE" value="0" />
        <stc:enum displayName="Idle" idlEnumValueRef="IDLE" idlMapped="true" ilMapped="true" name="IDLE" value="1" />
        <stc:enum displayName="Establishing" idlEnumValueRef="ESTABLISHING" idlMapped="true" ilMapped="true" name="ESTABLISHING" value="2" />
        <stc:enum displayName="Terminating" idlEnumValueRef="TERMINATING" idlMapped="true" ilMapped="true" name="TERMINATING" value="3" />
        <stc:enum displayName="Establishing/Terminating" idlEnumValueRef="ESTABLISH_TERMINATE" idlMapped="true" ilMapped="true" name="ESTABLISH_TERMINATE" value="4" />
        <stc:enum displayName="Established" idlEnumValueRef="ESTABLISHED" idlMapped="true" ilMapped="true" name="ESTABLISHED" value="5" />
    </stc:enumeration>

    <stc:property category="config" collectionType="vector" databaseType="DEFAULT" default="100" displayName="Establish Rate (messages/sec)" format="number" id="0x30001002" idlMapped="true" ilMapped="true" isComposite="false" isDataStream="false" isDeprecated="false" isInternal="false" isReadOnly="false" maxOccurs="1" minOccurs="1" name="EstablishRate" noSave="false" nullable="false" onModifyNotifyMode="periodic" precision="" replaces="" type="u16">
        <stc:numericValidation errorMsg="Please enter a valid number" maxInclusive="1000" minInclusive="1" />
    </stc:property>

    <stc:property category="config" collectionType="vector" databaseType="DEFAULT" default="100" displayName="Terminate Rate (messages/sec)" format="number" id="0x30001003" idlMapped="true" ilMapped="true" isComposite="false" isDataStream="false" isDeprecated="false" isInternal="false" isReadOnly="false" maxOccurs="1" minOccurs="1" name="TerminateRate" noSave="false" nullable="false" onModifyNotifyMode="periodic" precision="" replaces="" type="u16">
        <stc:numericValidation errorMsg="Please enter a valid number" maxInclusive="1000" minInclusive="1" />
    </stc:property>

    <stc:property category="config" collectionType="vector" databaseType="DEFAULT" default="SEQUENTIAL" displayName="Sequence Type" format="number" id="0x30001004" idlMapped="true" ilMapped="true" isComposite="false" isDataStream="false" isDeprecated="false" isInternal="false" isReadOnly="false" maxOccurs="1" minOccurs="1" name="SeqType" noSave="false" nullable="false" onModifyNotifyMode="periodic" precision="" replaces="" type="u8">
        <stc:enumerationRef ref="EnumPortSeqType" />
    </stc:property>

    
    <stc:property category="state" collectionType="vector" databaseType="DEFAULT" default="NONE" displayName="Adjacency State" format="number" id="0x30001005" idlMapped="true" ilMapped="true" isComposite="false" isDataStream="false" isDeprecated="false" isInternal="false" isReadOnly="true" maxOccurs="1" minOccurs="1" name="AdjacencyPortState" noSave="true" nullable="false" onModifyNotifyMode="queued" precision="" replaces="" type="u8">
        <stc:enumerationRef ref="EnumAncpPortState" />
    </stc:property>

    <stc:property category="state" collectionType="vector" databaseType="DEFAULT" default="NONE" displayName="Subscriber State" format="number" id="0x30001006" idlMapped="true" ilMapped="true" isComposite="false" isDataStream="false" isDeprecated="false" isInternal="false" isReadOnly="true" maxOccurs="1" minOccurs="1" name="SubscriberPortState" noSave="true" nullable="false" onModifyNotifyMode="queued" precision="" replaces="" type="u8">
        <stc:enumerationRef ref="EnumAncpPortState" />
    </stc:property>
  </stc:class>



  
  
  
  <stc:class baseClass="framework.Result" canCreate="true" id="0x30002000" idlMapped="na" ilMapped="na" isInternal="false" isReadOnly="false" isSingleton="false" name="AncpPortResults" noSave="false" profile="ancp">
    
    <stc:relation allowDuplicate="false" dstClassRef="AncpPortResults" dstName="none" embedDstInIlClass="false" embedSrcInIlClass="false" id="0x30002001" isInternal="false" maxOccurs="1" minOccurs="1" name="ParentBlock" order="sequenced" srcClassRef="AncpPortConfig" srcName="none" type="framework.ParentChild" />

    
    <stc:relation allowDuplicate="false" dstClassRef="AncpPortResults" dstName="none" embedDstInIlClass="false" embedSrcInIlClass="false" id="0x30002002" isInternal="false" maxOccurs="unbounded" minOccurs="0" name="ResultParentPortConfig" order="sequenced" srcClassRef="AncpPortConfig" srcName="none" type="framework.ResultChild" />

    
    <stc:property category="result" collectionType="vector" databaseType="DEFAULT" default="0" displayName="Adjacencies established" format="number" id="0x30002003" idlMapped="true" ilMapped="true" isComposite="false" isDataStream="false" isDeprecated="false" isInternal="false" isReadOnly="true" maxOccurs="1" minOccurs="1" name="AdjacenciesEstablished" noSave="true" nullable="false" onModifyNotifyMode="periodic" precision="" replaces="" type="u32" />
    <stc:property category="result" collectionType="vector" databaseType="DEFAULT" default="0" displayName="Adjacencies down" format="number" id="0x30002004" idlMapped="true" ilMapped="true" isComposite="false" isDataStream="false" isDeprecated="false" isInternal="false" isReadOnly="true" maxOccurs="1" minOccurs="1" name="AdjacenciesDown" noSave="true" nullable="false" onModifyNotifyMode="periodic" precision="" replaces="" type="u32" />
    <stc:property category="result" collectionType="vector" databaseType="DEFAULT" default="0" displayName="Subscribers up" format="number" id="0x30002005" idlMapped="true" ilMapped="true" isComposite="false" isDataStream="false" isDeprecated="false" isInternal="false" isReadOnly="true" maxOccurs="1" minOccurs="1" name="SubscribersUp" noSave="true" nullable="false" onModifyNotifyMode="periodic" precision="" replaces="" type="u32" />
    <stc:property category="result" collectionType="vector" databaseType="DEFAULT" default="0" displayName="Subscribers down" format="number" id="0x30002006" idlMapped="true" ilMapped="true" isComposite="false" isDataStream="false" isDeprecated="false" isInternal="false" isReadOnly="true" maxOccurs="1" minOccurs="1" name="SubscribersDown" noSave="true" nullable="false" onModifyNotifyMode="periodic" precision="" replaces="" type="u32" />

    
    <stc:property category="result" collectionType="vector" databaseType="DEFAULT" default="0" displayName="Tx SYN" format="number" id="0x30002007" idlMapped="true" ilMapped="true" isComposite="false" isDataStream="false" isDeprecated="false" isInternal="false" isReadOnly="true" maxOccurs="1" minOccurs="1" name="TxSynCount" noSave="true" nullable="false" onModifyNotifyMode="periodic" precision="" replaces="" type="u32" />
    <stc:property category="result" collectionType="vector" databaseType="DEFAULT" default="0" displayName="Rx SYN" format="number" id="0x30002008" idlMapped="true" ilMapped="true" isComposite="false" isDataStream="false" isDeprecated="false" isInternal="false" isReadOnly="true" maxOccurs="1" minOccurs="1" name="RxSynCount" noSave="true" nullable="false" onModifyNotifyMode="periodic" precision="" replaces="" type="u32" />
    <stc:property category="result" collectionType="vector" databaseType="DEFAULT" default="0" displayName="Tx SYNACK" format="number" id="0x30002009" idlMapped="true" ilMapped="true" isComposite="false" isDataStream="false" isDeprecated="false" isInternal="false" isReadOnly="true" maxOccurs="1" minOccurs="1" name="TxSynackCount" noSave="true" nullable="false" onModifyNotifyMode="periodic" precision="" replaces="" type="u32" />
    <stc:property category="result" collectionType="vector" databaseType="DEFAULT" default="0" displayName="Rx SYNACK" format="number" id="0x3000200A" idlMapped="true" ilMapped="true" isComposite="false" isDataStream="false" isDeprecated="false" isInternal="false" isReadOnly="true" maxOccurs="1" minOccurs="1" name="RxSynackCount" noSave="true" nullable="false" onModifyNotifyMode="periodic" precision="" replaces="" type="u32" />
    <stc:property category="result" collectionType="vector" databaseType="DEFAULT" default="0" displayName="Tx ACK" format="number" id="0x3000200B" idlMapped="true" ilMapped="true" isComposite="false" isDataStream="false" isDeprecated="false" isInternal="false" isReadOnly="true" maxOccurs="1" minOccurs="1" name="TxAckCount" noSave="true" nullable="false" onModifyNotifyMode="periodic" precision="" replaces="" type="u32" />
    <stc:property category="result" collectionType="vector" databaseType="DEFAULT" default="0" displayName="Rx ACK" format="number" id="0x3000200C" idlMapped="true" ilMapped="true" isComposite="false" isDataStream="false" isDeprecated="false" isInternal="false" isReadOnly="true" maxOccurs="1" minOccurs="1" name="RxAckCount" noSave="true" nullable="false" onModifyNotifyMode="periodic" precision="" replaces="" type="u32" />
    <stc:property category="result" collectionType="vector" databaseType="DEFAULT" default="0" displayName="Tx RSTACK" format="number" id="0x3000200D" idlMapped="true" ilMapped="true" isComposite="false" isDataStream="false" isDeprecated="false" isInternal="false" isReadOnly="true" maxOccurs="1" minOccurs="1" name="TxRstackCount" noSave="true" nullable="false" onModifyNotifyMode="periodic" precision="" replaces="" type="u32" />
    <stc:property category="result" collectionType="vector" databaseType="DEFAULT" default="0" displayName="Rx RSTACK" format="number" id="0x3000200E" idlMapped="true" ilMapped="true" isComposite="false" isDataStream="false" isDeprecated="false" isInternal="false" isReadOnly="true" maxOccurs="1" minOccurs="1" name="RxRstackCount" noSave="true" nullable="false" onModifyNotifyMode="periodic" precision="" replaces="" type="u32" />
    <stc:property category="result" collectionType="vector" databaseType="DEFAULT" default="0" displayName="Tx Keep-alive" format="number" id="0x3000200F" idlMapped="true" ilMapped="true" isComposite="false" isDataStream="false" isDeprecated="false" isInternal="false" isReadOnly="true" maxOccurs="1" minOccurs="1" name="TxKeepAliveCount" noSave="true" nullable="false" onModifyNotifyMode="periodic" precision="" replaces="" type="u32" />
    <stc:property category="result" collectionType="vector" databaseType="DEFAULT" default="0" displayName="Rx Keep-alive" format="number" id="0x30002010" idlMapped="true" ilMapped="true" isComposite="false" isDataStream="false" isDeprecated="false" isInternal="false" isReadOnly="true" maxOccurs="1" minOccurs="1" name="RxKeepAliveCount" noSave="true" nullable="false" onModifyNotifyMode="periodic" precision="" replaces="" type="u32" />
    <stc:property category="result" collectionType="vector" databaseType="DEFAULT" default="0" displayName="Keep-alive timeouts" format="number" id="0x30002011" idlMapped="true" ilMapped="true" isComposite="false" isDataStream="false" isDeprecated="false" isInternal="false" isReadOnly="true" maxOccurs="1" minOccurs="1" name="KeepAliveTimeoutCount" noSave="true" nullable="false" onModifyNotifyMode="periodic" precision="" replaces="" type="u32" />
    <stc:property category="result" collectionType="vector" databaseType="DEFAULT" default="0" displayName="Rx TCP reset by peer" format="number" id="0x30002012" idlMapped="true" ilMapped="true" isComposite="false" isDataStream="false" isDeprecated="false" isInternal="false" isReadOnly="true" maxOccurs="1" minOccurs="1" name="RxTcpResetCount" noSave="true" nullable="false" onModifyNotifyMode="periodic" precision="" replaces="" type="u32" />

    <stc:property category="result" collectionType="vector" databaseType="DEFAULT" default="0" displayName="Tx Port Up" format="number" id="0x30002013" idlMapped="true" ilMapped="true" isComposite="false" isDataStream="false" isDeprecated="false" isInternal="false" isReadOnly="true" maxOccurs="1" minOccurs="1" name="TxPortUpCount" noSave="true" nullable="false" onModifyNotifyMode="periodic" precision="" replaces="" type="u32" />
    <stc:property category="result" collectionType="vector" databaseType="DEFAULT" default="0" displayName="Tx Port Down" format="number" id="0x30002014" idlMapped="true" ilMapped="true" isComposite="false" isDataStream="false" isDeprecated="false" isInternal="false" isReadOnly="true" maxOccurs="1" minOccurs="1" name="TxPortDownCount" noSave="true" nullable="false" onModifyNotifyMode="periodic" precision="" replaces="" type="u32" />
    <stc:property category="result" collectionType="vector" databaseType="DEFAULT" default="0" displayName="Rx Management" format="number" id="0x30002015" idlMapped="true" ilMapped="true" isComposite="false" isDataStream="false" isDeprecated="false" isInternal="false" isReadOnly="true" maxOccurs="1" minOccurs="1" name="RxManagementCount" noSave="true" nullable="false" onModifyNotifyMode="periodic" precision="" replaces="" type="u32" />
  </stc:class>



  
  
  
  
  
  
  <stc:class baseClass="framework.Scriptable" canCreate="true" id="0x30003000" idlMapped="na" ilMapped="na" isInternal="false" isReadOnly="false" isSingleton="false" name="AncpWildcardModifier" noSave="false" profile="ancp">

    
    <stc:property category="config" collectionType="vector" databaseType="DEFAULT" default="" displayName="Offset Reference" format="number" id="0x30003001" idlMapped="true" ilMapped="true" isComposite="false" isDataStream="false" isDeprecated="false" isInternal="false" isReadOnly="false" maxOccurs="1" minOccurs="1" name="OffsetReference" noSave="false" nullable="false" onModifyNotifyMode="periodic" precision="" replaces="" type="string">
    </stc:property>

    
    <stc:property category="config" collectionType="vector" databaseType="DEFAULT" default="" displayName="Wildcard Data" format="number" id="0x30003002" idlMapped="true" ilMapped="true" isComposite="false" isDataStream="false" isDeprecated="false" isInternal="false" isReadOnly="false" maxOccurs="1" minOccurs="1" name="Data" noSave="false" nullable="false" onModifyNotifyMode="periodic" precision="" replaces="" type="string">
    </stc:property>
  </stc:class>



  
  
  
  <stc:class baseClass="access.accesscore.AbstAccessBlockConfig" canCreate="true" id="0x30004000" idlMapped="na" ilMapped="na" isInternal="false" isReadOnly="false" isSingleton="false" name="AncpAccessNodeConfig" noSave="false" profile="ancp">

    
    <stc:relation allowDuplicate="false" dstClassRef="AncpAccessNodeConfig" dstName="none" embedDstInIlClass="false" embedSrcInIlClass="false" id="0x30004001" isInternal="false" maxOccurs="unbounded" minOccurs="0" name="ParentDevice" order="sequenced" srcClassRef="core.EmulatedDevice" srcName="none" type="framework.ParentChild" />

    <stc:relation allowDuplicate="false" dstClassRef="core.Ipv4NetworkBlock" dstName="none" embedDstInIlClass="false" embedSrcInIlClass="false" id="0x30004002" isInternal="false" maxOccurs="1" minOccurs="1" name="AncpPeerIpv4Addr" order="sequenced" srcClassRef="AncpAccessNodeConfig" srcName="none" type="framework.ParentChild" />

    
    <stc:enumeration idlEnumerationRef="ancp.1:blockState_t" idlMapped="true" ilMapped="true" isFlags="false" name="EnumAncpBlockState">
        <stc:enum displayName="None" idlEnumValueRef="NONE" idlMapped="true" ilMapped="true" name="NONE" value="0" />
        <stc:enum displayName="Idle" idlEnumValueRef="IDLE" idlMapped="true" ilMapped="true" name="IDLE" value="1" />
        <stc:enum displayName="Establishing" idlEnumValueRef="ESTABLISHING" idlMapped="true" ilMapped="true" name="ESTABLISHING" value="2" />
        <stc:enum displayName="Terminating" idlEnumValueRef="TERMINATING" idlMapped="true" ilMapped="true" name="TERMINATING" value="3" />
        <stc:enum displayName="Established" idlEnumValueRef="ESTABLISHED" idlMapped="true" ilMapped="true" name="ESTABLISHED" value="5" />
    </stc:enumeration>

    <stc:enumeration idlMapped="true" ilMapped="true" isFlags="false" name="EnumAncpVersion">
        <stc:enum displayName="draft-wadhwa-gsmp-l2control-configuration-00" idlMapped="true" ilMapped="true" name="L2CP_DRAFT_00" value="0" />
        
        <stc:enum displayName="draft-ietf-ancp-protocol-02" idlMapped="true" ilMapped="true" name="ANCP_DRAFT_02" value="5" />
        <stc:enum displayName="RFC_6320" idlMapped="true" ilMapped="true" name="RFC_6320" value="6" />
    </stc:enumeration>

    <stc:enumeration idlMapped="true" ilMapped="true" isFlags="false" name="EnumSenderNameSrc">
        <stc:enum displayName="Manual" idlMapped="true" ilMapped="true" name="MANUAL" value="0" />
        <stc:enum displayName="Use Ethernet MAC" idlMapped="true" ilMapped="true" name="USE_ETHMAC" value="1" />
    </stc:enumeration>

    <stc:enumeration idlMapped="true" ilMapped="true" isFlags="false" name="EnumPartitionType">
      <stc:enum displayName="No Partition" idlMapped="true" ilMapped="true" name="NO_PARTITION" value="0" />
      <stc:enum displayName="Fixed Partition Request" idlMapped="true" ilMapped="true" name="FIXED_PARTITION_REQUEST" value="1" />
      <stc:enum displayName="Fixed Partition Assigned" idlMapped="true" ilMapped="true" name="FIXED_PARTITION_ASSIGNED" value="2" />
    </stc:enumeration>

    <stc:enumeration idlMapped="true" ilMapped="true" isFlags="false" name="EnumPartitionFlag">
      <stc:enum displayName="New Adjacency" idlMapped="true" ilMapped="true" name="NEW_ADJACENCY" value="1" />
      <stc:enum displayName="Recovered Adjacency" idlMapped="true" ilMapped="true" name="RECOVERED_ADJACENCY" value="2" />
    </stc:enumeration>

    <stc:property category="config" collectionType="vector" databaseType="DEFAULT" default="L2CP_DRAFT_00" displayName="ANCP Version" format="number" id="0x30004003" idlMapped="true" ilMapped="true" isComposite="false" isDataStream="false" isDeprecated="false" isInternal="false" isReadOnly="false" maxOccurs="1" minOccurs="1" name="AncpVersion" noSave="false" nullable="false" onModifyNotifyMode="periodic" precision="" replaces="" type="u8">
        <stc:enumerationRef ref="EnumAncpVersion" />
    </stc:property>

    <stc:property category="state" collectionType="vector" databaseType="DEFAULT" default="NONE" displayName="Adjacency State" format="number" id="0x30004004" idlMapped="true" ilMapped="true" isComposite="false" isDataStream="false" isDeprecated="false" isInternal="false" isReadOnly="true" maxOccurs="1" minOccurs="1" name="AdjacencyBlockState" noSave="true" nullable="false" onModifyNotifyMode="queued" precision="" replaces="" type="u8">
        <stc:enumerationRef ref="EnumAncpBlockState" />
    </stc:property>

    <stc:property category="state" collectionType="vector" databaseType="DEFAULT" default="NONE" displayName="Subscriber State" format="number" id="0x30004005" idlMapped="true" ilMapped="true" isComposite="false" isDataStream="false" isDeprecated="false" isInternal="false" isReadOnly="true" maxOccurs="1" minOccurs="1" name="SubscriberBlockState" noSave="true" nullable="false" onModifyNotifyMode="queued" precision="" replaces="" type="u8">
        <stc:enumerationRef ref="EnumAncpBlockState" />
    </stc:property>

    <stc:property category="config" collectionType="vector" databaseType="DEFAULT" default="true" displayName="Enable Dynamic Topology Discovery" format="number" id="0x30004006" idlMapped="true" ilMapped="true" isComposite="false" isDataStream="false" isDeprecated="false" isInternal="false" isReadOnly="false" maxOccurs="1" minOccurs="1" name="EnableDynamicTopologyDiscovery" noSave="false" nullable="false" onModifyNotifyMode="periodic" precision="" replaces="" type="bool">
    </stc:property>

    <stc:property category="config" collectionType="vector" databaseType="DEFAULT" default="true" displayName="Enable DSL Line Testing" format="number" id="0x30004007" idlMapped="true" ilMapped="true" isComposite="false" isDataStream="false" isDeprecated="false" isInternal="false" isReadOnly="false" maxOccurs="1" minOccurs="1" name="EnableDslRemoteLineConnectivityTesting" noSave="false" nullable="false" onModifyNotifyMode="periodic" precision="" replaces="" type="bool">
    </stc:property>

    <stc:property category="config" collectionType="vector" databaseType="DEFAULT" default="false" displayName="Enable Bulk Transaction" format="number" id="0x30004008" idlMapped="true" ilMapped="true" isComposite="false" isDataStream="false" isDeprecated="false" isInternal="false" isReadOnly="false" maxOccurs="1" minOccurs="1" name="EnableBulkTransaction" noSave="false" nullable="false" onModifyNotifyMode="periodic" precision="" replaces="" type="bool">
        <stc:condition operator="equal" property="AncpVersion" type="applicable" value="EnumAncpVersion.AncpDraft02" />
    </stc:property>

    <stc:property category="config" collectionType="vector" databaseType="DEFAULT" default="USE_ETHMAC" displayName="Sender Name Source" format="number" id="0x30004009" idlMapped="true" ilMapped="true" isComposite="false" isDataStream="false" isDeprecated="false" isInternal="false" isReadOnly="false" maxOccurs="1" minOccurs="1" name="SenderNameSrc" noSave="false" nullable="false" onModifyNotifyMode="periodic" precision="" replaces="" type="u8">
        <stc:enumerationRef ref="EnumSenderNameSrc" />
    </stc:property>
    <stc:property category="config" collectionType="vector" databaseType="DEFAULT" default="00:10:94:00:00:02" displayName="Sender Name" format="number" id="0x3000400A" idlMapped="true" ilMapped="true" isComposite="false" isDataStream="false" isDeprecated="false" isInternal="false" isReadOnly="false" maxOccurs="1" minOccurs="1" name="SenderName" noSave="false" nullable="false" onModifyNotifyMode="periodic" precision="" replaces="" type="mac">
        <stc:condition operator="equal" property="SenderNameSrc" type="applicable" value="EnumSenderNameSrc.Manual" />
    </stc:property>

    <stc:property category="config" collectionType="vector" databaseType="DEFAULT" default="6068" displayName="ANCP TCP Port" format="number" id="0x3000400B" idlMapped="true" ilMapped="true" isComposite="false" isDataStream="false" isDeprecated="false" isInternal="false" isReadOnly="false" maxOccurs="1" minOccurs="1" name="TcpPort" noSave="false" nullable="false" onModifyNotifyMode="periodic" precision="" replaces="" type="u16">
        <stc:numericValidation errorMsg="Please enter a valid number" maxInclusive="65535" minInclusive="1" />
    </stc:property>

    <stc:property category="config" collectionType="vector" databaseType="DEFAULT" default="10" displayName="ANCP KeepAlive Timeout (sec)" format="number" id="0x3000400C" idlMapped="true" ilMapped="true" isComposite="false" isDataStream="false" isDeprecated="false" isInternal="false" isReadOnly="false" maxOccurs="1" minOccurs="1" name="AncpKeepAliveTimeout" noSave="false" nullable="false" onModifyNotifyMode="periodic" precision="" replaces="" type="u8">
        <stc:numericValidation errorMsg="Please enter a valid number" maxInclusive="25" minInclusive="1" />
    </stc:property>

    <stc:property category="config" collectionType="vector" databaseType="DEFAULT" default="NO_PARTITION" displayName="P Type" format="number" id="0x3000400D" idlMapped="true" ilMapped="true" isComposite="false" isDataStream="false" isDeprecated="false" isInternal="false" isReadOnly="false" maxOccurs="1" minOccurs="1" name="PartitionType" noSave="false" nullable="false" onModifyNotifyMode="periodic" precision="" replaces="" type="u8">
      <stc:enumerationRef ref="EnumPartitionType" />
      <stc:condition operator="equal" property="AncpVersion" type="applicable" value="EnumAncpVersion.Rfc6320" />
    </stc:property>

    <stc:property category="config" collectionType="vector" databaseType="DEFAULT" default="NEW_ADJACENCY" displayName="P Flag" format="number" id="0x3000400E" idlMapped="true" ilMapped="true" isComposite="false" isDataStream="false" isDeprecated="false" isInternal="false" isReadOnly="false" maxOccurs="1" minOccurs="1" name="PartitionFlag" noSave="false" nullable="false" onModifyNotifyMode="periodic" precision="" replaces="" type="u8">
      <stc:enumerationRef ref="EnumPartitionFlag" />
      <stc:condition operator="equal" property="AncpVersion" type="applicable" value="EnumAncpVersion.Rfc6320" />
    </stc:property>

    <stc:property category="config" collectionType="vector" databaseType="DEFAULT" default="0" displayName="Partition ID" format="number" id="0x3000400F" idlMapped="true" ilMapped="true" isComposite="false" isDataStream="false" isDeprecated="false" isInternal="false" isReadOnly="false" maxOccurs="1" minOccurs="1" name="PartitionId" noSave="false" nullable="false" onModifyNotifyMode="periodic" precision="" replaces="" type="u8">
      <stc:condition operator="equal" property="AncpVersion" type="applicable" value="EnumAncpVersion.Rfc6320" />
    </stc:property>

    <stc:property category="config" collectionType="vector" databaseType="DEFAULT" default="0" displayName="Adjacency Update Message Code" format="number" id="0x30004010" idlMapped="true" ilMapped="true" isComposite="false" isDataStream="false" isDeprecated="false" isInternal="false" isReadOnly="false" maxOccurs="1" minOccurs="1" name="Code" noSave="false" nullable="false" onModifyNotifyMode="periodic" precision="" replaces="" type="u16">
      <stc:condition operator="equal" property="AncpVersion" type="applicable" value="EnumAncpVersion.Rfc6320" />
      <stc:numericValidation errorMsg="Please enter a valid number" maxInclusive="4095" minInclusive="0" />
    </stc:property>
    
  </stc:class>



  
  
  
  <stc:class baseClass="framework.Result" canCreate="false" id="0x30005000" idlMapped="na" ilMapped="na" isInternal="false" isReadOnly="false" isSingleton="false" name="AbstAncpProtocolResults" noSave="false" profile="ancp">

    
    <stc:relation allowDuplicate="false" dstClassRef="AbstAncpProtocolResults" dstName="none" embedDstInIlClass="false" embedSrcInIlClass="false" id="0x30005001" isInternal="false" maxOccurs="unbounded" minOccurs="0" name="ResultParentBlockConfig" order="sequenced" srcClassRef="AncpAccessNodeConfig" srcName="none" type="framework.ResultChild" />

    
    <stc:enumeration idlMapped="true" ilMapped="true" isFlags="false" name="EnumCapabilitySupport">
        <stc:enum displayName="Unsupported" idlMapped="true" ilMapped="true" name="UNSUPPORTED" value="0" />
        <stc:enum displayName="Master Supported" idlMapped="true" ilMapped="true" name="MASTER" value="1" />
        <stc:enum displayName="Slave Supported" idlMapped="true" ilMapped="true" name="SLAVE" value="2" />
        <stc:enum displayName="Negotiated" idlMapped="true" ilMapped="true" name="NEGOTIATED" value="3" />
    </stc:enumeration>

    
    <stc:property category="result" collectionType="vector" databaseType="DEFAULT" default="0" displayName="Tx SYN" format="number" id="0x30005002" idlMapped="true" ilMapped="true" isComposite="false" isDataStream="false" isDeprecated="false" isInternal="false" isReadOnly="true" maxOccurs="1" minOccurs="1" name="TxSynCount" noSave="true" nullable="false" onModifyNotifyMode="periodic" precision="" replaces="" type="u32" />
    <stc:property category="result" collectionType="vector" databaseType="DEFAULT" default="0" displayName="Rx SYN" format="number" id="0x30005003" idlMapped="true" ilMapped="true" isComposite="false" isDataStream="false" isDeprecated="false" isInternal="false" isReadOnly="true" maxOccurs="1" minOccurs="1" name="RxSynCount" noSave="true" nullable="false" onModifyNotifyMode="periodic" precision="" replaces="" type="u32" />
    <stc:property category="result" collectionType="vector" databaseType="DEFAULT" default="0" displayName="Tx SYNACK" format="number" id="0x30005004" idlMapped="true" ilMapped="true" isComposite="false" isDataStream="false" isDeprecated="false" isInternal="false" isReadOnly="true" maxOccurs="1" minOccurs="1" name="TxSynackCount" noSave="true" nullable="false" onModifyNotifyMode="periodic" precision="" replaces="" type="u32" />
    <stc:property category="result" collectionType="vector" databaseType="DEFAULT" default="0" displayName="Rx SYNACK" format="number" id="0x30005005" idlMapped="true" ilMapped="true" isComposite="false" isDataStream="false" isDeprecated="false" isInternal="false" isReadOnly="true" maxOccurs="1" minOccurs="1" name="RxSynackCount" noSave="true" nullable="false" onModifyNotifyMode="periodic" precision="" replaces="" type="u32" />
    <stc:property category="result" collectionType="vector" databaseType="DEFAULT" default="0" displayName="Tx ACK" format="number" id="0x30005006" idlMapped="true" ilMapped="true" isComposite="false" isDataStream="false" isDeprecated="false" isInternal="false" isReadOnly="true" maxOccurs="1" minOccurs="1" name="TxAckCount" noSave="true" nullable="false" onModifyNotifyMode="periodic" precision="" replaces="" type="u32" />
    <stc:property category="result" collectionType="vector" databaseType="DEFAULT" default="0" displayName="Rx ACK" format="number" id="0x30005007" idlMapped="true" ilMapped="true" isComposite="false" isDataStream="false" isDeprecated="false" isInternal="false" isReadOnly="true" maxOccurs="1" minOccurs="1" name="RxAckCount" noSave="true" nullable="false" onModifyNotifyMode="periodic" precision="" replaces="" type="u32" />
    <stc:property category="result" collectionType="vector" databaseType="DEFAULT" default="0" displayName="Tx RSTACK" format="number" id="0x30005008" idlMapped="true" ilMapped="true" isComposite="false" isDataStream="false" isDeprecated="false" isInternal="false" isReadOnly="true" maxOccurs="1" minOccurs="1" name="TxRstackCount" noSave="true" nullable="false" onModifyNotifyMode="periodic" precision="" replaces="" type="u32" />
    <stc:property category="result" collectionType="vector" databaseType="DEFAULT" default="0" displayName="Rx RSTACK" format="number" id="0x30005009" idlMapped="true" ilMapped="true" isComposite="false" isDataStream="false" isDeprecated="false" isInternal="false" isReadOnly="true" maxOccurs="1" minOccurs="1" name="RxRstackCount" noSave="true" nullable="false" onModifyNotifyMode="periodic" precision="" replaces="" type="u32" />
    <stc:property category="result" collectionType="vector" databaseType="DEFAULT" default="false" displayName="Keep-alive enabled" format="number" id="0x3000500A" idlMapped="true" ilMapped="true" isComposite="false" isDataStream="false" isDeprecated="false" isInternal="false" isReadOnly="true" maxOccurs="1" minOccurs="1" name="KeepAliveEnabled" noSave="true" nullable="false" onModifyNotifyMode="periodic" precision="" replaces="" type="bool" />
    <stc:property category="result" collectionType="vector" databaseType="DEFAULT" default="0" displayName="Tx Keep-alive" format="number" id="0x3000500B" idlMapped="true" ilMapped="true" isComposite="false" isDataStream="false" isDeprecated="false" isInternal="false" isReadOnly="true" maxOccurs="1" minOccurs="1" name="TxKeepAliveCount" noSave="true" nullable="false" onModifyNotifyMode="periodic" precision="" replaces="" type="u32" />
    <stc:property category="result" collectionType="vector" databaseType="DEFAULT" default="0" displayName="Rx Keep-alive" format="number" id="0x3000500C" idlMapped="true" ilMapped="true" isComposite="false" isDataStream="false" isDeprecated="false" isInternal="false" isReadOnly="true" maxOccurs="1" minOccurs="1" name="RxKeepAliveCount" noSave="true" nullable="false" onModifyNotifyMode="periodic" precision="" replaces="" type="u32" />
    <stc:property category="result" collectionType="vector" databaseType="DEFAULT" default="0" displayName="Keep-alive timeouts" format="number" id="0x3000500D" idlMapped="true" ilMapped="true" isComposite="false" isDataStream="false" isDeprecated="false" isInternal="false" isReadOnly="true" maxOccurs="1" minOccurs="1" name="KeepAliveTimeoutCount" noSave="true" nullable="false" onModifyNotifyMode="periodic" precision="" replaces="" type="u32" />
    <stc:property category="result" collectionType="vector" databaseType="DEFAULT" default="0" displayName="Rx TCP reset by peer" format="number" id="0x3000500E" idlMapped="true" ilMapped="true" isComposite="false" isDataStream="false" isDeprecated="false" isInternal="false" isReadOnly="true" maxOccurs="1" minOccurs="1" name="RxTcpResetCount" noSave="true" nullable="false" onModifyNotifyMode="periodic" precision="" replaces="" type="u32" />
    <stc:property category="result" collectionType="vector" databaseType="DEFAULT" default="0" displayName="Subscribers up" format="number" id="0x3000500F" idlMapped="true" ilMapped="true" isComposite="false" isDataStream="false" isDeprecated="false" isInternal="false" isReadOnly="true" maxOccurs="1" minOccurs="1" name="SubscribersUp" noSave="true" nullable="false" onModifyNotifyMode="periodic" precision="" replaces="" type="u32" />
    <stc:property category="result" collectionType="vector" databaseType="DEFAULT" default="0" displayName="Subscribers down" format="number" id="0x30005010" idlMapped="true" ilMapped="true" isComposite="false" isDataStream="false" isDeprecated="false" isInternal="false" isReadOnly="true" maxOccurs="1" minOccurs="1" name="SubscribersDown" noSave="true" nullable="false" onModifyNotifyMode="periodic" precision="" replaces="" type="u32" />

    <stc:property category="result" collectionType="vector" databaseType="DEFAULT" default="UNSUPPORTED" displayName="Dynamic Topology Discovery" format="number" id="0x30005011" idlMapped="true" ilMapped="true" isComposite="false" isDataStream="false" isDeprecated="false" isInternal="false" isReadOnly="true" maxOccurs="1" minOccurs="1" name="DynamicTopologyDiscoverySupported" noSave="true" nullable="false" onModifyNotifyMode="periodic" precision="" replaces="" type="u8">
                  <stc:enumerationRef ref="EnumCapabilitySupport" />
    </stc:property>

    <stc:property category="result" collectionType="vector" databaseType="DEFAULT" default="UNSUPPORTED" displayName="Line Configuration" format="number" id="0x30005012" idlMapped="true" ilMapped="true" isComposite="false" isDataStream="false" isDeprecated="false" isInternal="false" isReadOnly="true" maxOccurs="1" minOccurs="1" name="LineConfigSupported" noSave="true" nullable="false" onModifyNotifyMode="periodic" precision="" replaces="" type="u8">
                  <stc:enumerationRef ref="EnumCapabilitySupport" />
    </stc:property>

    <stc:property category="result" collectionType="vector" databaseType="DEFAULT" default="UNSUPPORTED" displayName="Transactional Multicast" format="number" id="0x30005013" idlMapped="true" ilMapped="true" isComposite="false" isDataStream="false" isDeprecated="false" isInternal="false" isReadOnly="true" maxOccurs="1" minOccurs="1" name="TransactionalMulticastSupported" noSave="true" nullable="false" onModifyNotifyMode="periodic" precision="" replaces="" type="u8">
                  <stc:enumerationRef ref="EnumCapabilitySupport" />
    </stc:property>

    <stc:property category="result" collectionType="vector" databaseType="DEFAULT" default="UNSUPPORTED" displayName="OAM" format="number" id="0x30005014" idlMapped="true" ilMapped="true" isComposite="false" isDataStream="false" isDeprecated="false" isInternal="false" isReadOnly="true" maxOccurs="1" minOccurs="1" name="OamSupported" noSave="true" nullable="false" onModifyNotifyMode="periodic" precision="" replaces="" type="u8">
                  <stc:enumerationRef ref="EnumCapabilitySupport" />
    </stc:property>

    <stc:property category="result" collectionType="vector" databaseType="DEFAULT" default="UNSUPPORTED" displayName="Bulk Transaction" format="number" id="0x30005015" idlMapped="true" ilMapped="true" isComposite="false" isDataStream="false" isDeprecated="false" isInternal="false" isReadOnly="true" maxOccurs="1" minOccurs="1" name="BulkTransactionSupported" noSave="true" nullable="false" onModifyNotifyMode="periodic" precision="" replaces="" type="u8">
                  <stc:enumerationRef ref="EnumCapabilitySupport" />
    </stc:property>
  </stc:class>



  
  
  
  <stc:class baseClass="AbstAncpProtocolResults" canCreate="true" id="0x30006000" idlMapped="na" ilMapped="na" isInternal="false" isReadOnly="false" isSingleton="false" name="AncpAccessNodeResults" noSave="false" profile="ancp">

    
    <stc:relation allowDuplicate="false" dstClassRef="AncpAccessNodeResults" dstName="none" embedDstInIlClass="false" embedSrcInIlClass="false" id="0x30006001" isInternal="false" maxOccurs="1" minOccurs="1" name="ParentBlock" order="sequenced" srcClassRef="AncpAccessNodeConfig" srcName="none" type="framework.ParentChild" />

    <stc:relation allowDuplicate="false" dstClassRef="AncpAccessNodeResults" dstName="none" embedDstInIlClass="false" embedSrcInIlClass="false" id="0x30006002" isInternal="false" maxOccurs="unbounded" minOccurs="0" name="ResultParentBlockConfig" order="sequenced" srcClassRef="AncpAccessNodeConfig" srcName="none" type="framework.ResultChild" />

    
    <stc:property category="result" collectionType="vector" databaseType="DEFAULT" default="0" displayName="Tx Port Up" format="number" id="0x30006003" idlMapped="true" ilMapped="true" isComposite="false" isDataStream="false" isDeprecated="false" isInternal="false" isReadOnly="true" maxOccurs="1" minOccurs="1" name="TxPortUpCount" noSave="true" nullable="false" onModifyNotifyMode="periodic" precision="" replaces="" type="u32" />
    <stc:property category="result" collectionType="vector" databaseType="DEFAULT" default="0" displayName="Tx Port Down" format="number" id="0x30006004" idlMapped="true" ilMapped="true" isComposite="false" isDataStream="false" isDeprecated="false" isInternal="false" isReadOnly="true" maxOccurs="1" minOccurs="1" name="TxPortDownCount" noSave="true" nullable="false" onModifyNotifyMode="periodic" precision="" replaces="" type="u32" />
    <stc:property category="result" collectionType="vector" databaseType="DEFAULT" default="0" displayName="Rx Management" format="number" id="0x30006005" idlMapped="true" ilMapped="true" isComposite="false" isDataStream="false" isDeprecated="false" isInternal="false" isReadOnly="true" maxOccurs="1" minOccurs="1" name="RxManagementCount" noSave="true" nullable="false" onModifyNotifyMode="periodic" precision="" replaces="" type="u32" />
  </stc:class>



  
  
  
  
  <stc:class baseClass="base.core.PduContainer" canCreate="true" id="0x30007000" idlMapped="na" ilMapped="na" isInternal="false" isReadOnly="false" isSingleton="false" name="AncpTlvConfig" noSave="false" profile="ancp">

    
    <stc:relation allowDuplicate="false" dstClassRef="AncpWildcardModifier" dstName="none" embedDstInIlClass="false" embedSrcInIlClass="false" id="0x30007001" isInternal="false" maxOccurs="unbounded" minOccurs="0" name="Modifiers" order="sequenced" srcClassRef="AncpTlvConfig" srcName="none" type="framework.ParentChild" />
  </stc:class>



  
  
  
  
  <stc:class baseClass="framework.Scriptable" canCreate="true" id="0x30008000" idlMapped="na" ilMapped="na" isInternal="false" isReadOnly="false" isSingleton="false" name="AncpAccessLoopBlockConfig" noSave="false" profile="ancp">

    
    <stc:relation allowDuplicate="false" dstClassRef="AncpAccessLoopBlockConfig" dstName="none" embedDstInIlClass="false" embedSrcInIlClass="false" id="0x30008001" isInternal="false" maxOccurs="unbounded" minOccurs="0" name="ParentConfig" order="sequenced" srcClassRef="AncpAccessNodeConfig" srcName="none" type="framework.ParentChild" />

    
    <stc:relation allowDuplicate="false" dstClassRef="AncpTlvConfig" dstName="none" embedDstInIlClass="false" embedSrcInIlClass="false" id="0x30008002" isInternal="false" maxOccurs="1" minOccurs="0" name="TlvConfig" order="sequenced" srcClassRef="AncpAccessLoopBlockConfig" srcName="none" type="framework.ParentChild" />

    <stc:relation allowDuplicate="false" dstClassRef="AbstAncpDslLineProfile" dstName="none" embedDstInIlClass="false" embedSrcInIlClass="false" id="0x30008003" isInternal="false" maxOccurs="255" minOccurs="0" name="AncpDslLineProfile" order="sequenced" srcClassRef="AncpAccessLoopBlockConfig" srcName="none" type="AffiliatedAncpDslLineProfile" />

    
    <stc:enumeration idlEnumerationRef="ancp.1:dslLinePortUpStateType_t" idlMapped="true" ilMapped="true" isFlags="false" name="EnumDslLineStatePortUp">
        <stc:enum displayName="Showtime" idlEnumValueRef="SHOWTIME" idlMapped="true" ilMapped="true" name="SHOWTIME" value="1" />
        <stc:enum displayName="Idle" idlEnumValueRef="IDLE" idlMapped="true" ilMapped="true" name="IDLE" value="2" />
        <stc:enum displayName="Silent" idlEnumValueRef="SILENT" idlMapped="true" ilMapped="true" name="SILENT" value="3" />
    </stc:enumeration>

    <stc:enumeration idlEnumerationRef="ancp.1:dslLinePortDownStateType_t" idlMapped="true" ilMapped="true" isFlags="false" name="EnumDslLineStatePortDown">
        <stc:enum displayName="Idle" idlEnumValueRef="IDLE" idlMapped="true" ilMapped="true" name="IDLE" value="2" />
        <stc:enum displayName="Silent" idlEnumValueRef="SILENT" idlMapped="true" ilMapped="true" name="SILENT" value="3" />
    </stc:enumeration>

    <stc:property category="config" collectionType="vector" databaseType="DEFAULT" default="SHOWTIME" displayName="DSL Line State Port Up" format="number" id="0x30008004" idlMapped="true" ilMapped="true" isComposite="false" isDataStream="false" isDeprecated="false" isInternal="false" isReadOnly="false" maxOccurs="1" minOccurs="1" name="DslLineStatePortUp" noSave="false" nullable="false" onModifyNotifyMode="periodic" precision="" replaces="" type="u8">
        <stc:enumerationRef ref="EnumDslLineStatePortUp" />
    </stc:property>

    <stc:property category="config" collectionType="vector" databaseType="DEFAULT" default="IDLE" displayName="DSL Line State Port Down" format="number" id="0x30008005" idlMapped="true" ilMapped="true" isComposite="false" isDataStream="false" isDeprecated="false" isInternal="false" isReadOnly="false" maxOccurs="1" minOccurs="1" name="DslLineStatePortDown" noSave="false" nullable="false" onModifyNotifyMode="periodic" precision="" replaces="" type="u8">
        <stc:enumerationRef ref="EnumDslLineStatePortDown" />
    </stc:property>

    <stc:property category="config" collectionType="vector" databaseType="DEFAULT" default="true" displayName="Include DSL Line State in Port Up" format="number" id="0x30008006" idlMapped="true" ilMapped="true" isComposite="false" isDataStream="false" isDeprecated="false" isInternal="false" isReadOnly="false" maxOccurs="1" minOccurs="1" name="IncludeDslLineStatePortUp" noSave="false" nullable="false" onModifyNotifyMode="periodic" precision="" replaces="" type="bool">
    </stc:property>

    
    <stc:property category="config" collectionType="vector" databaseType="DEFAULT" default="0" displayName="Session Block" format="number" id="0x30008007" idlMapped="true" ilMapped="true" isComposite="false" isDataStream="false" isDeprecated="false" isInternal="false" isReadOnly="false" maxOccurs="1" minOccurs="1" name="SessionBlock" noSave="false" nullable="false" onModifyNotifyMode="periodic" precision="" replaces="" type="handle">
    </stc:property>

    
    <stc:property category="config" collectionType="vector" databaseType="DEFAULT" default="0" displayName="Associated Device L2 Network Interface" format="number" id="0x30008008" idlMapped="true" ilMapped="true" isComposite="false" isDataStream="false" isDeprecated="false" isInternal="true" isReadOnly="false" maxOccurs="1" minOccurs="1" name="L2NetworkIf" noSave="false" nullable="false" onModifyNotifyMode="periodic" precision="" replaces="" type="handle" />
  </stc:class>


  
  
  <stc:class baseClass="framework.Scriptable" canCreate="true" id="0x30009000" idlMapped="na" ilMapped="na" isInternal="true" isReadOnly="false" isSingleton="false" name="AncpSubscriberMap" noSave="false" profile="ancp">
    
    <stc:relation allowDuplicate="false" dstClassRef="AncpSubscriberMap" dstName="none" embedDstInIlClass="false" embedSrcInIlClass="false" id="0x30009001" isInternal="false" maxOccurs="unbounded" minOccurs="0" name="ParentAncpAccessLoopBlock" order="sequenced" srcClassRef="AncpAccessLoopBlockConfig" srcName="none" type="framework.ParentChild" />

    <stc:relation allowDuplicate="false" dstClassRef="AbstAncpDslLineProfile" dstName="none" embedDstInIlClass="false" embedSrcInIlClass="false" id="0x30009002" isInternal="false" maxOccurs="unbounded" minOccurs="0" name="ParentSubscriberMap" order="sequenced" srcClassRef="AncpSubscriberMap" srcName="none" type="AffiliatedSubscriberDslLineProfile" />

    
    <stc:property category="input" collectionType="vector" databaseType="DEFAULT" default="0" displayName="Subscriber Range [Start-End]" format="number" id="0x30009003" idlMapped="true" ilMapped="true" isComposite="false" isDataStream="false" isDeprecated="false" isInternal="true" isReadOnly="false" maxOccurs="unbounded" minOccurs="0" name="SubscriberStartEndList" noSave="false" nullable="false" onModifyNotifyMode="none" precision="" replaces="" type="u16" />
  </stc:class>


  
  
  
  <stc:class baseClass="framework.Scriptable" canCreate="false" id="0x3000A000" idlMapped="na" ilMapped="na" isInternal="false" isReadOnly="false" isSingleton="false" name="AbstAncpDslLineProfile" noSave="false" profile="ancp">

    
    <stc:relation allowDuplicate="false" dstClassRef="AbstAncpDslLineProfile" dstName="none" embedDstInIlClass="false" embedSrcInIlClass="false" id="0x3000A001" isInternal="false" maxOccurs="unbounded" minOccurs="0" name="DslProfile" order="sequenced" srcClassRef="framework.Project" srcName="none" type="framework.ParentChild" />

    
    <stc:relation allowDuplicate="false" dstClassRef="AncpTlvConfig" dstName="none" embedDstInIlClass="false" embedSrcInIlClass="false" id="0x3000A002" isInternal="false" maxOccurs="1" minOccurs="0" name="TlvConfig" order="sequenced" srcClassRef="AbstAncpDslLineProfile" srcName="none" type="framework.ParentChild" />

    <stc:property category="config" collectionType="vector" databaseType="DEFAULT" default="L2CP_DRAFT_00" displayName="ANCP Version" format="number" id="0x3000A003" idlMapped="true" ilMapped="true" isComposite="false" isDataStream="false" isDeprecated="false" isInternal="false" isReadOnly="false" maxOccurs="1" minOccurs="1" name="AncpVersion" noSave="false" nullable="false" onModifyNotifyMode="instant" precision="" replaces="" type="u8">
        <stc:enumerationRef ref="AncpAccessNodeConfig.EnumAncpVersion" />
    </stc:property>
  </stc:class>



  
  
  
  <stc:class baseClass="AbstAncpDslLineProfile" canCreate="true" id="0x3000B000" idlMapped="na" ilMapped="na" isInternal="false" isReadOnly="false" isSingleton="false" name="AncpDslLineProfile" noSave="false" profile="ancp">
  </stc:class>



  
  
  
  <stc:class baseClass="core.DeviceGenProtocolParams" canCreate="true" id="0x3000C000" idlMapped="na" ilMapped="na" isInternal="false" isReadOnly="false" isSingleton="false" name="AncpDeviceGenProtocolParams" noSave="false" profile="ancp">

    
    <stc:relation allowDuplicate="false" dstClassRef="AncpDeviceGenProtocolParams" dstName="none" embedDstInIlClass="false" embedSrcInIlClass="false" id="0x3000C001" isInternal="false" maxOccurs="unbounded" minOccurs="0" name="ParentRouterGenParams" order="sequenced" srcClassRef="core.DeviceGenParams" srcName="none" type="framework.ParentChild" />

    
    <stc:enumeration idlMapped="true" ilMapped="true" isFlags="false" name="EnumLayer2Encap">
      <stc:enum displayName="Ethernet" idlMapped="true" ilMapped="true" name="ETHERNET" value="0" />
      <stc:enum displayName="ATM" idlMapped="true" ilMapped="true" name="ATM" value="1" />
      <stc:enum displayName="EoA" idlMapped="true" ilMapped="true" name="EOA" value="2" />
    </stc:enumeration>

    <stc:property category="config" collectionType="vector" databaseType="DEFAULT" default="ETHERNET" displayName="Layer 2 Encapsulation" format="number" id="0x3000C002" idlMapped="true" ilMapped="true" isComposite="false" isDataStream="false" isDeprecated="false" isInternal="true" isReadOnly="false" maxOccurs="1" minOccurs="1" name="Layer2Encap" noSave="false" nullable="false" onModifyNotifyMode="periodic" precision="" replaces="" type="u8">
      <stc:enumerationRef ref="EnumLayer2Encap" />
    </stc:property>

    <stc:property category="config" collectionType="vector" databaseType="DEFAULT" default="true" displayName="Use Gateway address as peer IP address" format="number" id="0x3000C003" idlMapped="true" ilMapped="true" isComposite="false" isDataStream="false" isDeprecated="false" isInternal="false" isReadOnly="false" maxOccurs="1" minOccurs="1" name="UseGatewayAsPeerIpAddr" noSave="false" nullable="false" onModifyNotifyMode="periodic" precision="" replaces="" type="bool" />

    <stc:property category="config" collectionType="vector" databaseType="DEFAULT" default="0.0.0.0" displayName="Peer IPv4 Address" format="number" id="0x3000C004" idlMapped="true" ilMapped="true" isComposite="false" isDataStream="false" isDeprecated="false" isInternal="false" isReadOnly="false" maxOccurs="1" minOccurs="1" name="PeerIpv4Addr" noSave="false" nullable="false" onModifyNotifyMode="periodic" precision="" replaces="" type="ip" />

    <stc:property category="config" collectionType="vector" databaseType="DEFAULT" default="0.0.0.0" displayName="Peer IPv4 Address step per device" format="number" id="0x3000C005" idlMapped="true" ilMapped="true" isComposite="false" isDataStream="false" isDeprecated="false" isInternal="false" isReadOnly="false" maxOccurs="1" minOccurs="1" name="PeerIpv4AddrStep" noSave="false" nullable="false" onModifyNotifyMode="periodic" precision="" replaces="" type="ip" />

    <stc:property category="config" collectionType="vector" databaseType="DEFAULT" default="L2CP_DRAFT_00" displayName="ANCP Version" format="number" id="0x3000C006" idlMapped="true" ilMapped="true" isComposite="false" isDataStream="false" isDeprecated="false" isInternal="false" isReadOnly="false" maxOccurs="1" minOccurs="1" name="AncpVersion" noSave="false" nullable="false" onModifyNotifyMode="periodic" precision="" replaces="" type="u8">
        <stc:enumerationRef ref="AncpAccessNodeConfig.EnumAncpVersion" />
    </stc:property>

    <stc:property category="config" collectionType="vector" databaseType="DEFAULT" default="true" displayName="Enable Dynamic Topology Discovery" format="number" id="0x3000C007" idlMapped="true" ilMapped="true" isComposite="false" isDataStream="false" isDeprecated="false" isInternal="false" isReadOnly="false" maxOccurs="1" minOccurs="1" name="EnableDynamicTopologyDiscovery" noSave="false" nullable="false" onModifyNotifyMode="periodic" precision="" replaces="" type="bool">
    </stc:property>

    <stc:property category="config" collectionType="vector" databaseType="DEFAULT" default="true" displayName="Enable DSL Line Testing" format="number" id="0x3000C008" idlMapped="true" ilMapped="true" isComposite="false" isDataStream="false" isDeprecated="false" isInternal="false" isReadOnly="false" maxOccurs="1" minOccurs="1" name="EnableDslRemoteLineConnectivityTesting" noSave="false" nullable="false" onModifyNotifyMode="periodic" precision="" replaces="" type="bool">
    </stc:property>

    <stc:property category="config" collectionType="vector" databaseType="DEFAULT" default="true" displayName="Enable Bulk Transaction" format="number" id="0x3000C009" idlMapped="true" ilMapped="true" isComposite="false" isDataStream="false" isDeprecated="false" isInternal="false" isReadOnly="false" maxOccurs="1" minOccurs="1" name="EnableBulkTransaction" noSave="false" nullable="false" onModifyNotifyMode="periodic" precision="" replaces="" type="bool">
    </stc:property>

    <stc:property category="config" collectionType="vector" databaseType="DEFAULT" default="USE_ETHMAC" displayName="Sender Name Source" format="number" id="0x3000C00A" idlMapped="true" ilMapped="true" isComposite="false" isDataStream="false" isDeprecated="false" isInternal="false" isReadOnly="false" maxOccurs="1" minOccurs="1" name="SenderNameSrc" noSave="false" nullable="false" onModifyNotifyMode="periodic" precision="" replaces="" type="u8">
      <stc:enumerationRef ref="AncpAccessNodeConfig.EnumSenderNameSrc" />
    </stc:property>
    <stc:property category="config" collectionType="vector" databaseType="DEFAULT" default="00:10:94:00:00:02" displayName="Sender Name" format="number" id="0x3000C00B" idlMapped="true" ilMapped="true" isComposite="false" isDataStream="false" isDeprecated="false" isInternal="false" isReadOnly="false" maxOccurs="1" minOccurs="1" name="SenderName" noSave="false" nullable="false" onModifyNotifyMode="periodic" precision="" replaces="" type="mac">
      <stc:condition operator="equal" property="SenderNameSrc" type="applicable" value="AncpAccessNodeConfigProxy.EnumSenderNameSrc.Manual" />
    </stc:property>
    <stc:property category="config" collectionType="vector" databaseType="DEFAULT" default="00:00:00:00:00:01" displayName="Sender Name Step" format="number" id="0x3000C00C" idlMapped="true" ilMapped="true" isComposite="false" isDataStream="false" isDeprecated="false" isInternal="false" isReadOnly="false" maxOccurs="1" minOccurs="1" name="SenderNameStep" noSave="false" nullable="false" onModifyNotifyMode="periodic" precision="" replaces="" type="mac">
      <stc:condition operator="equal" property="SenderNameSrc" type="applicable" value="AncpAccessNodeConfigProxy.EnumSenderNameSrc.Manual" />
    </stc:property>

    <stc:property category="config" collectionType="vector" databaseType="DEFAULT" default="6068" displayName="ANCP TCP Port" format="number" id="0x3000C00D" idlMapped="true" ilMapped="true" isComposite="false" isDataStream="false" isDeprecated="false" isInternal="false" isReadOnly="false" maxOccurs="1" minOccurs="1" name="TcpPort" noSave="false" nullable="false" onModifyNotifyMode="periodic" precision="" replaces="" type="u16">
        <stc:numericValidation errorMsg="Please enter a valid number" maxInclusive="65535" minInclusive="1" />
    </stc:property>

    <stc:property category="config" collectionType="vector" databaseType="DEFAULT" default="10" displayName="ANCP KeepAlive Timeout (sec)" format="number" id="0x3000C00E" idlMapped="true" ilMapped="true" isComposite="false" isDataStream="false" isDeprecated="false" isInternal="false" isReadOnly="false" maxOccurs="1" minOccurs="1" name="AncpKeepAliveTimeout" noSave="false" nullable="false" onModifyNotifyMode="periodic" precision="" replaces="" type="u8">
        <stc:numericValidation errorMsg="Please enter a valid number" maxInclusive="25" minInclusive="1" />
    </stc:property>
  </stc:class>



  
  
  
  <stc:class baseClass="access.accesscore.AccessCommand" canCreate="false" id="0x3000D000" idlMapped="na" ilMapped="na" isInternal="false" isReadOnly="false" isSingleton="false" name="AncpCommand" noSave="false" profile="ancp">
  </stc:class>



  
  
  
  <stc:class baseClass="AncpCommand" canCreate="false" id="0x3000E000" idlMapped="na" ilMapped="na" isInternal="false" isReadOnly="false" isSingleton="false" name="AncpControlCommand" noSave="false" profile="ancp">

      <stc:enumeration idlEnumerationRef="ancp.1:controlType_t" idlMapped="true" ilMapped="true" isFlags="false" name="EnumControlCommandType">
          <stc:enum displayName="Abort" idlEnumValueRef="ABORT" idlMapped="true" ilMapped="true" name="ABORT" value="0" />
          <stc:enum displayName="Initiate Adjacency" idlEnumValueRef="INITIATE_ADJACENCY" idlMapped="true" ilMapped="true" name="INITIATEADJACENCY" value="1" />
          <stc:enum displayName="Terminate Adjacency" idlEnumValueRef="TERMINATE_ADJACENCY" idlMapped="true" ilMapped="true" name="TERMINATEADJACENCY" value="2" />
          <stc:enum displayName="Port Up" idlEnumValueRef="PORTUP" idlMapped="true" ilMapped="true" name="PORTUP" value="3" />
          <stc:enum displayName="Port Down" idlEnumValueRef="PORTDOWN" idlMapped="true" ilMapped="true" name="PORTDOWN" value="4" />
          <stc:enum displayName="Start KeepAlive" idlEnumValueRef="STARTKEEPALIVE" idlMapped="true" ilMapped="true" name="STARTKEEPALIVE" value="5" />
          <stc:enum displayName="Stop KeepAlive" idlEnumValueRef="STOPKEEPALIVE" idlMapped="true" ilMapped="true" name="STOPKEEPALIVE" value="6" />
          <stc:enum displayName="Clear Stats" idlEnumValueRef="CLEAR" idlMapped="true" ilMapped="true" name="CLEARSTATS" value="7" />
          <stc:enum displayName="Adjacency Update" idlEnumValueRef="ADJACENCY_UPDATE" idlMapped="true" ilMapped="true" name="ADJACENCYUPDATE" value="9" />
      </stc:enumeration>

      <stc:property category="config" collectionType="vector" databaseType="DEFAULT" default="ABORT" displayName="Control Type" format="number" id="0x3000E001" idlMapped="true" ilMapped="true" isComposite="false" isDataStream="false" isDeprecated="false" isInternal="false" isReadOnly="false" maxOccurs="1" minOccurs="1" name="ControlType" noSave="false" nullable="false" onModifyNotifyMode="periodic" precision="" replaces="" type="u8">
          <stc:enumerationRef ref="EnumControlCommandType" />
      </stc:property>
  </stc:class>



  
  <stc:class baseClass="AncpControlCommand" canCreate="true" displayName="Abort Emulation" id="0x3000F000" idlMapped="na" ilMapped="na" isInternal="false" isReadOnly="false" isSingleton="false" name="AncpAbortCommand" noSave="false" profile="ancp">
      <stc:attribute id="0x3000F001" internalIsEnum="false" internalType="bool" name="none" type="core.Sequenceable" value="true" />
      <stc:attribute id="0x3000F002" internalIsEnum="false" internalType="bool" name="none" type="core.RequireApplyToIL" value="false" />
      <stc:attribute id="0x3000F003" internalIsEnum="false" internalType="string" name="none" type="framework.CommandCategory" value="Access//ANCP" />
      <stc:attribute id="0x3000F004" internalIsEnum="false" internalType="string" name="none" type="framework.CommandDescription" value="Abort ANCP" />
  </stc:class>


  
  <stc:class baseClass="AncpControlCommand" canCreate="true" displayName="Initiate Adjacency" id="0x30010000" idlMapped="na" ilMapped="na" isInternal="false" isReadOnly="false" isSingleton="false" name="AncpInitiateAdjacencyCommand" noSave="false" profile="ancp">
      <stc:attribute id="0x30010001" internalIsEnum="false" internalType="bool" name="none" type="core.Sequenceable" value="true" />
      <stc:attribute id="0x30010002" internalIsEnum="false" internalType="bool" name="none" type="core.RequireApplyToIL" value="true" />
      <stc:attribute id="0x30010003" internalIsEnum="false" internalType="string" name="none" type="framework.CommandCategory" value="Access//ANCP" />
      <stc:attribute id="0x30010004" internalIsEnum="false" internalType="string" name="none" type="framework.CommandDescription" value="ANCP Initiate Adjacency" />
  </stc:class>

  <stc:class baseClass="access.accesscore.AccessWaitableCommand" canCreate="true" displayName="Wait for Adjacency to Establish" id="0x30011000" idlMapped="na" ilMapped="na" isInternal="false" isReadOnly="false" isSingleton="false" name="AncpInitiateAdjacencyWaitCommand" noSave="false" profile="ancp">
      <stc:attribute id="0x30011001" internalIsEnum="false" internalType="bool" name="none" type="core.Sequenceable" value="true" />
      <stc:attribute id="0x30011002" internalIsEnum="false" internalType="string" name="none" type="framework.CommandCategory" value="Access//ANCP" />
      <stc:attribute id="0x30011003" internalIsEnum="false" internalType="string" name="none" type="framework.CommandDescription" value="Wait for Adjacency to Establish" />
      <stc:property category="config" collectionType="vector" databaseType="DEFAULT" default="ESTABLISHED" displayName="Adjacency Block State" format="number" id="0x30011004" idlMapped="true" ilMapped="true" isComposite="false" isDataStream="false" isDeprecated="false" isInternal="false" isReadOnly="false" maxOccurs="1" minOccurs="1" name="AdjacencyBlockState" noSave="false" nullable="false" onModifyNotifyMode="periodic" precision="" replaces="" type="u8">
          <stc:enumerationRef ref="AncpAccessNodeConfig.EnumAncpBlockState" />
      </stc:property>
  </stc:class>


  
  <stc:class baseClass="AncpControlCommand" canCreate="true" displayName="Terminate Adjacency" id="0x30012000" idlMapped="na" ilMapped="na" isInternal="false" isReadOnly="false" isSingleton="false" name="AncpTerminateAdjacencyCommand" noSave="false" profile="ancp">
      <stc:attribute id="0x30012001" internalIsEnum="false" internalType="bool" name="none" type="core.Sequenceable" value="true" />
      <stc:attribute id="0x30012002" internalIsEnum="false" internalType="bool" name="none" type="core.RequireApplyToIL" value="true" />
      <stc:attribute id="0x30012003" internalIsEnum="false" internalType="string" name="none" type="framework.CommandCategory" value="Access//ANCP" />
      <stc:attribute id="0x30012004" internalIsEnum="false" internalType="string" name="none" type="framework.CommandDescription" value="ANCP Terminate Adjacency" />
  </stc:class>

  <stc:class baseClass="access.accesscore.AccessWaitableCommand" canCreate="true" displayName="Wait for Adjacency to Terminate" id="0x30013000" idlMapped="na" ilMapped="na" isInternal="false" isReadOnly="false" isSingleton="false" name="AncpTerminateAdjacencyWaitCommand" noSave="false" profile="ancp">
      <stc:attribute id="0x30013001" internalIsEnum="false" internalType="bool" name="none" type="core.Sequenceable" value="true" />
      <stc:attribute id="0x30013002" internalIsEnum="false" internalType="string" name="none" type="framework.CommandCategory" value="Access//ANCP" />
      <stc:attribute id="0x30013003" internalIsEnum="false" internalType="string" name="none" type="framework.CommandDescription" value="Wait for Adjacency to Terminate" />
      <stc:property category="config" collectionType="vector" databaseType="DEFAULT" default="IDLE" displayName="Adjacency Block State" format="number" id="0x30013004" idlMapped="true" ilMapped="true" isComposite="false" isDataStream="false" isDeprecated="false" isInternal="false" isReadOnly="false" maxOccurs="1" minOccurs="1" name="AdjacencyBlockState" noSave="false" nullable="false" onModifyNotifyMode="periodic" precision="" replaces="" type="u8">
          <stc:enumerationRef ref="AncpAccessNodeConfig.EnumAncpBlockState" />
      </stc:property>
  </stc:class>

  <stc:class baseClass="AncpControlCommand" canCreate="true" displayName="Send Adjacency Update" id="0x30014000" idlMapped="na" ilMapped="na" isInternal="false" isReadOnly="false" isSingleton="false" name="AncpSendAdjacencyUpdateCommand" noSave="false" profile="ancp">
    <stc:attribute id="0x30014001" internalIsEnum="false" internalType="bool" name="none" type="core.Sequenceable" value="true" />
    <stc:attribute id="0x30014002" internalIsEnum="false" internalType="bool" name="none" type="core.RequireApplyToIL" value="true" />
    <stc:attribute id="0x30014003" internalIsEnum="false" internalType="string" name="none" type="framework.CommandCategory" value="Access//ANCP" />
    <stc:attribute id="0x30014004" internalIsEnum="false" internalType="string" name="none" type="framework.CommandDescription" value="ANCP Send Adjacency Update" />
  </stc:class>

  
  <stc:class baseClass="AncpControlCommand" canCreate="true" displayName="Port Up" id="0x30015000" idlMapped="na" ilMapped="na" isInternal="false" isReadOnly="false" isSingleton="false" name="AncpPortUpCommand" noSave="false" profile="ancp">
      <stc:attribute id="0x30015001" internalIsEnum="false" internalType="bool" name="none" type="core.Sequenceable" value="true" />
      <stc:attribute id="0x30015002" internalIsEnum="false" internalType="bool" name="none" type="core.RequireApplyToIL" value="true" />
      <stc:attribute id="0x30015003" internalIsEnum="false" internalType="string" name="none" type="framework.CommandCategory" value="Access//ANCP" />
      <stc:attribute id="0x30015004" internalIsEnum="false" internalType="string" name="none" type="framework.CommandDescription" value="ANCP Port Up" />
  </stc:class>

  <stc:class baseClass="access.accesscore.AccessWaitableCommand" canCreate="true" displayName="Wait for All PortUps to be sent" id="0x30016000" idlMapped="na" ilMapped="na" isInternal="false" isReadOnly="false" isSingleton="false" name="AncpPortUpWaitCommand" noSave="false" profile="ancp">
      <stc:attribute id="0x30016001" internalIsEnum="false" internalType="bool" name="none" type="core.Sequenceable" value="true" />
      <stc:attribute id="0x30016002" internalIsEnum="false" internalType="string" name="none" type="framework.CommandCategory" value="Access//ANCP" />
      <stc:attribute id="0x30016003" internalIsEnum="false" internalType="string" name="none" type="framework.CommandDescription" value="Wait for All PortUps to be sent" />
      <stc:property category="config" collectionType="vector" databaseType="DEFAULT" default="ESTABLISHED" displayName="Subscriber Block State" format="number" id="0x30016004" idlMapped="true" ilMapped="true" isComposite="false" isDataStream="false" isDeprecated="false" isInternal="false" isReadOnly="false" maxOccurs="1" minOccurs="1" name="SubscriberBlockState" noSave="false" nullable="false" onModifyNotifyMode="periodic" precision="" replaces="" type="u8">
          <stc:enumerationRef ref="AncpAccessNodeConfig.EnumAncpBlockState" />
      </stc:property>
  </stc:class>


  
  <stc:class baseClass="AncpControlCommand" canCreate="true" displayName="Port Down" id="0x30017000" idlMapped="na" ilMapped="na" isInternal="false" isReadOnly="false" isSingleton="false" name="AncpPortDownCommand" noSave="false" profile="ancp">
      <stc:attribute id="0x30017001" internalIsEnum="false" internalType="bool" name="none" type="core.Sequenceable" value="true" />
      <stc:attribute id="0x30017002" internalIsEnum="false" internalType="bool" name="none" type="core.RequireApplyToIL" value="true" />
      <stc:attribute id="0x30017003" internalIsEnum="false" internalType="string" name="none" type="framework.CommandCategory" value="Access//ANCP" />
      <stc:attribute id="0x30017004" internalIsEnum="false" internalType="string" name="none" type="framework.CommandDescription" value="ANCP Port Down" />
  </stc:class>

  <stc:class baseClass="access.accesscore.AccessWaitableCommand" canCreate="true" displayName="Wait for All PortDowns to be sent" id="0x30018000" idlMapped="na" ilMapped="na" isInternal="false" isReadOnly="false" isSingleton="false" name="AncpPortDownWaitCommand" noSave="false" profile="ancp">
      <stc:attribute id="0x30018001" internalIsEnum="false" internalType="bool" name="none" type="core.Sequenceable" value="true" />
      <stc:attribute id="0x30018002" internalIsEnum="false" internalType="string" name="none" type="framework.CommandCategory" value="Access//ANCP" />
      <stc:attribute id="0x30018003" internalIsEnum="false" internalType="string" name="none" type="framework.CommandDescription" value="Wait for All PortDowns to be sent" />
      <stc:property category="config" collectionType="vector" databaseType="DEFAULT" default="IDLE" displayName="Subscriber Block State" format="number" id="0x30018004" idlMapped="true" ilMapped="true" isComposite="false" isDataStream="false" isDeprecated="false" isInternal="false" isReadOnly="false" maxOccurs="1" minOccurs="1" name="SubscriberBlockState" noSave="false" nullable="false" onModifyNotifyMode="periodic" precision="" replaces="" type="u8">
          <stc:enumerationRef ref="AncpAccessNodeConfig.EnumAncpBlockState" />
      </stc:property>
  </stc:class>


  
  <stc:class baseClass="AncpControlCommand" canCreate="true" displayName="Clear Stats" id="0x30019000" idlMapped="na" ilMapped="na" isInternal="false" isReadOnly="false" isSingleton="false" name="AncpClearStatsCommand" noSave="false" profile="ancp">
      <stc:attribute id="0x30019001" internalIsEnum="false" internalType="bool" name="none" type="core.Sequenceable" value="true" />
      <stc:attribute id="0x30019002" internalIsEnum="false" internalType="bool" name="none" type="core.RequireApplyToIL" value="false" />
      <stc:attribute id="0x30019003" internalIsEnum="false" internalType="string" name="none" type="framework.CommandCategory" value="Access//ANCP" />
      <stc:attribute id="0x30019004" internalIsEnum="false" internalType="string" name="none" type="framework.CommandDescription" value="ANCP Clear Stats" />
  </stc:class>

  
  <stc:class baseClass="AncpControlCommand" canCreate="true" displayName="Start KeepAlive" id="0x3001A000" idlMapped="na" ilMapped="na" isInternal="false" isReadOnly="false" isSingleton="false" name="AncpStartKeepAliveCommand" noSave="false" profile="ancp">
      <stc:attribute id="0x3001A001" internalIsEnum="false" internalType="bool" name="none" type="core.Sequenceable" value="true" />
      <stc:attribute id="0x3001A002" internalIsEnum="false" internalType="bool" name="none" type="core.RequireApplyToIL" value="true" />
      <stc:attribute id="0x3001A003" internalIsEnum="false" internalType="string" name="none" type="framework.CommandCategory" value="Access//ANCP" />
      <stc:attribute id="0x3001A004" internalIsEnum="false" internalType="string" name="none" type="framework.CommandDescription" value="ANCP Start KeepAlive" />
  </stc:class>

  
  <stc:class baseClass="AncpControlCommand" canCreate="true" displayName="Stop KeepAlive" id="0x3001B000" idlMapped="na" ilMapped="na" isInternal="false" isReadOnly="false" isSingleton="false" name="AncpStopKeepAliveCommand" noSave="false" profile="ancp">
      <stc:attribute id="0x3001B001" internalIsEnum="false" internalType="bool" name="none" type="core.Sequenceable" value="true" />
      <stc:attribute id="0x3001B002" internalIsEnum="false" internalType="bool" name="none" type="core.RequireApplyToIL" value="true" />
      <stc:attribute id="0x3001B003" internalIsEnum="false" internalType="string" name="none" type="framework.CommandCategory" value="Access//ANCP" />
      <stc:attribute id="0x3001B004" internalIsEnum="false" internalType="string" name="none" type="framework.CommandDescription" value="ANCP Stop KeepAlive" />
  </stc:class>



  
  <stc:class baseClass="framework.Command" canCreate="true" displayName="Import Subscriber Info" id="0x3001C000" idlMapped="na" ilMapped="na" isInternal="false" isReadOnly="false" isSingleton="false" name="AncpImportSubscriberInfoCommand" noSave="false" profile="ancp">
      <stc:attribute id="0x3001C001" internalIsEnum="false" internalType="bool" name="none" type="core.RequireApplyToIL" value="false" />
      
      <stc:property category="input" collectionType="vector" databaseType="DEFAULT" default="0" displayName="Session Block List" format="number" id="0x3001C002" idlMapped="true" ilMapped="true" isComposite="false" isDataStream="false" isDeprecated="false" isInternal="false" isReadOnly="false" maxOccurs="unbounded" minOccurs="0" name="BlockList" noSave="false" nullable="false" onModifyNotifyMode="none" precision="" replaces="" type="handle" />

      
      <stc:property category="input" collectionType="vector" databaseType="DEFAULT" default="0" displayName="Access Loop Block List" format="number" id="0x3001C003" idlMapped="true" ilMapped="true" isComposite="false" isDataStream="false" isDeprecated="false" isInternal="false" isReadOnly="false" maxOccurs="unbounded" minOccurs="0" name="AccessLoopBlockList" noSave="false" nullable="false" onModifyNotifyMode="none" precision="" replaces="" type="handle" />

      
      <stc:property category="input" collectionType="vector" databaseType="DEFAULT" default="0" displayName="L2 NetworkIf List" format="number" id="0x3001C004" idlMapped="true" ilMapped="true" isComposite="false" isDataStream="false" isDeprecated="false" isInternal="false" isReadOnly="false" maxOccurs="unbounded" minOccurs="0" name="L2NetworkIfList" noSave="false" nullable="false" onModifyNotifyMode="none" precision="" replaces="" type="handle" />
  </stc:class>


  <stc:class baseClass="framework.Command" canCreate="false" id="0x3001D000" idlMapped="na" ilMapped="na" isInternal="false" isReadOnly="false" isSingleton="false" name="AncpSubscriberCommand" noSave="false" profile="ancp">
      <stc:property category="input" collectionType="vector" databaseType="DEFAULT" default="0" displayName="Access Loop Block List" format="number" id="0x3001D001" idlMapped="true" ilMapped="true" isComposite="false" isDataStream="false" isDeprecated="false" isInternal="false" isReadOnly="false" maxOccurs="unbounded" minOccurs="0" name="AccessLoopBlockList" noSave="false" nullable="false" onModifyNotifyMode="none" precision="" replaces="" type="handle" />

      
      <stc:property category="input" collectionType="vector" databaseType="DEFAULT" default="0" displayName="Subscriber Range [Start-End]" format="number" id="0x3001D002" idlMapped="true" ilMapped="true" isComposite="false" isDataStream="false" isDeprecated="false" isInternal="false" isReadOnly="false" maxOccurs="unbounded" minOccurs="0" name="SubscriberStartEndList" noSave="false" nullable="false" onModifyNotifyMode="none" precision="" replaces="" type="u16" />

      <stc:property category="input" collectionType="vector" databaseType="DEFAULT" default="0" displayName="Subscriber Profile" format="number" id="0x3001D003" idlMapped="true" ilMapped="true" isComposite="false" isDataStream="false" isDeprecated="false" isInternal="false" isReadOnly="false" maxOccurs="unbounded" minOccurs="0" name="DslProfileList" noSave="false" nullable="false" onModifyNotifyMode="none" precision="" replaces="" type="handle" />
  </stc:class>


  
  <stc:class baseClass="AncpSubscriberCommand" canCreate="true" displayName="Map Subscribers" id="0x3001E000" idlMapped="na" ilMapped="na" isInternal="false" isReadOnly="false" isSingleton="false" name="AncpMapSubscriberCommand" noSave="false" profile="ancp">
      <stc:attribute id="0x3001E001" internalIsEnum="false" internalType="bool" name="none" type="core.Sequenceable" value="true" />
      <stc:attribute id="0x3001E002" internalIsEnum="false" internalType="bool" name="none" type="core.RequireApplyToIL" value="false" />
      <stc:attribute id="0x3001E003" internalIsEnum="false" internalType="string" name="none" type="framework.CommandCategory" value="Access//ANCP" />
      <stc:attribute id="0x3001E004" internalIsEnum="false" internalType="string" name="none" type="framework.CommandDescription" value="ANCP Map Subscribers" />
  </stc:class>


  
  <stc:class baseClass="AncpSubscriberCommand" canCreate="true" displayName="UnMap Subscribers" id="0x3001F000" idlMapped="na" ilMapped="na" isInternal="false" isReadOnly="false" isSingleton="false" name="AncpUnMapSubscriberCommand" noSave="false" profile="ancp">
      <stc:attribute id="0x3001F001" internalIsEnum="false" internalType="bool" name="none" type="core.Sequenceable" value="true" />
      <stc:attribute id="0x3001F002" internalIsEnum="false" internalType="bool" name="none" type="core.RequireApplyToIL" value="false" />
      <stc:attribute id="0x3001F003" internalIsEnum="false" internalType="string" name="none" type="framework.CommandCategory" value="Access//ANCP" />
      <stc:attribute id="0x3001F004" internalIsEnum="false" internalType="string" name="none" type="framework.CommandDescription" value="Ancp UnMap Subscribers" />
  </stc:class>



  
  <stc:class baseClass="core.Command" canCreate="true" displayName="Update the objects frame config" id="0x30020000" idlMapped="na" ilMapped="na" isInternal="true" isReadOnly="false" isSingleton="false" name="AncpUpdateFrameConfigCommand" noSave="false" profile="ancp">
      <stc:property category="config" collectionType="vector" databaseType="DEFAULT" default="0" displayName="ANCP objects to update" format="number" id="0x30020001" idlMapped="true" ilMapped="true" isComposite="false" isDataStream="false" isDeprecated="false" isInternal="false" isReadOnly="false" maxOccurs="unbounded" minOccurs="0" name="Objects" noSave="false" nullable="false" onModifyNotifyMode="periodic" precision="" replaces="" type="handle" />
  </stc:class>
</stc:meta>