<stc:meta xmlns:stc="urn:www.spirentcom.com:XMLSchema.xsd" id="0x29000000" package="access" plugin="accesstest" version="0.0.0-0">

  
  <stc:relationType allowDuplicate="true" dstName="Generated" id="0x29000001" name="AccessConcentratorGenerated" saveAtSource="true" srcName="GeneratedBy" />

  
  <stc:relationType allowDuplicate="true" dstName="Generated" id="0x29000002" name="AccessTestGenerated" saveAtSource="true" srcName="GeneratedBy" />

  
  <stc:relationType allowDuplicate="false" dstName="FrameLengthDistribution" id="0x29000003" name="AccessTestImixAffiliation" saveAtSource="true" srcName="GenParams" />

  
  <stc:class baseClass="framework.Scriptable" canCreate="true" id="0x29001000" idlMapped="na" ilMapped="na" isInternal="false" isReadOnly="false" isSingleton="false" name="AccessConcentratorGenParams" noSave="false" profile="accesstest">

    <stc:relation allowDuplicate="false" dstClassRef="AccessConcentratorGenParams" dstName="none" embedDstInIlClass="false" embedSrcInIlClass="false" id="0x29001001" isInternal="false" maxOccurs="unbounded" minOccurs="0" name="ParentProject" order="sequenced" srcClassRef="framework.Project" srcName="none" type="framework.ParentChild" />

    <stc:relation allowDuplicate="false" dstClassRef="core.DeviceGenParams" dstName="none" embedDstInIlClass="false" embedSrcInIlClass="false" id="0x29001002" isInternal="false" maxOccurs="unbounded" minOccurs="0" name="ParentDeviceGenParams" order="sequenced" srcClassRef="AccessConcentratorGenParams" srcName="none" type="framework.ParentChild" />

    <stc:relation allowDuplicate="false" dstClassRef="traffictests.benchmarking.Rfc2544Config" dstName="none" embedDstInIlClass="false" embedSrcInIlClass="false" id="0x29001003" isInternal="false" maxOccurs="unbounded" minOccurs="0" name="ParentRfc2544Config" order="sequenced" srcClassRef="AccessConcentratorGenParams" srcName="none" type="framework.ParentChild" />

    <stc:relation allowDuplicate="false" dstClassRef="framework.Scriptable" dstName="none" embedDstInIlClass="false" embedSrcInIlClass="false" id="0x29001004" isInternal="true" maxOccurs="unbounded" minOccurs="0" name="GeneratedObjects" order="sequenced" srcClassRef="AccessConcentratorGenParams" srcName="none" type="AccessConcentratorGenerated" />

    <stc:enumeration idlMapped="true" ilMapped="true" isFlags="false" name="EnumTrafficConfigMode">
      <stc:enum displayName="Automatic" idlMapped="true" ilMapped="true" name="AUTO" value="0" />
      <stc:enum displayName="Manual" idlMapped="true" ilMapped="true" name="MANUAL" value="1" />
    </stc:enumeration>

    <stc:enumeration idlMapped="true" ilMapped="true" isFlags="false" name="EnumTrafficDevices">
      <stc:enum displayName="All" idlMapped="true" ilMapped="true" name="ALL" value="0" />
      <stc:enum displayName="Edge" idlMapped="true" ilMapped="true" name="EDGE" value="1" />
    </stc:enumeration>

    <stc:enumeration idlMapped="true" ilMapped="true" isFlags="false" name="EnumTrafficFlow">
      <stc:enum displayName="Bi-directional" idlMapped="true" ilMapped="true" name="BIDIRECTIONAL" value="0" />
      <stc:enum displayName="Downstream to Upstream" idlMapped="true" ilMapped="true" name="DOWNSTREAM_TO_UPSTREAM" value="1" />
      <stc:enum displayName="Upstream to Downstream" idlMapped="true" ilMapped="true" name="UPSTREAM_TO_DOWNSTREAM" value="2" />
    </stc:enumeration>

    <stc:enumeration idlMapped="true" ilMapped="true" isFlags="false" name="EnumTrafficConnectivity">
      <stc:enum displayName="Full" idlMapped="true" ilMapped="true" name="FULL" value="0" />
      <stc:enum displayName="Pair" idlMapped="true" ilMapped="true" name="PAIR" value="1" />
    </stc:enumeration>

    <stc:property category="config" collectionType="vector" databaseType="DEFAULT" default="AUTO" displayName="Traffic Configuration Mode" format="number" id="0x29001005" idlMapped="true" ilMapped="true" isComposite="false" isDataStream="false" isDeprecated="false" isInternal="false" isReadOnly="false" maxOccurs="1" minOccurs="1" name="TrafficConfigMode" noSave="false" nullable="false" onModifyNotifyMode="periodic" precision="" replaces="" type="u8">
      <stc:enumerationRef ref="EnumTrafficConfigMode" />
    </stc:property>

    <stc:property category="config" collectionType="vector" databaseType="DEFAULT" default="EDGE" displayName="Traffic Devices" format="number" id="0x29001006" idlMapped="true" ilMapped="true" isComposite="false" isDataStream="false" isDeprecated="false" isInternal="false" isReadOnly="false" maxOccurs="1" minOccurs="1" name="TrafficDevices" noSave="false" nullable="false" onModifyNotifyMode="periodic" precision="" replaces="" type="u8">
      <stc:enumerationRef ref="EnumTrafficDevices" />
    </stc:property>

    <stc:property category="config" collectionType="vector" databaseType="DEFAULT" default="BIDIRECTIONAL" displayName="Traffic Flow" format="number" id="0x29001007" idlMapped="true" ilMapped="true" isComposite="false" isDataStream="false" isDeprecated="false" isInternal="false" isReadOnly="false" maxOccurs="1" minOccurs="1" name="TrafficFlow" noSave="false" nullable="false" onModifyNotifyMode="periodic" precision="" replaces="" type="u8">
      <stc:enumerationRef ref="EnumTrafficFlow" />
    </stc:property>

    <stc:property category="config" collectionType="vector" databaseType="DEFAULT" default="FULL" displayName="Traffic Connectivity" format="number" id="0x29001008" idlMapped="true" ilMapped="true" isComposite="false" isDataStream="false" isDeprecated="false" isInternal="false" isReadOnly="false" maxOccurs="1" minOccurs="1" name="TrafficConnectivity" noSave="false" nullable="false" onModifyNotifyMode="periodic" precision="" replaces="" type="u8">
      <stc:enumerationRef ref="EnumTrafficConnectivity" />
    </stc:property>

    <stc:property category="config" collectionType="vector" databaseType="DEFAULT" default="0" displayName="Downstream Traffic IP ToS" format="hex" id="0x29001009" idlMapped="true" ilMapped="true" isComposite="false" isDataStream="false" isDeprecated="false" isInternal="false" isReadOnly="false" maxOccurs="unbounded" minOccurs="0" name="DownstreamTrafficIpTos" noSave="false" nullable="false" onModifyNotifyMode="periodic" precision="" replaces="" type="u8">
    </stc:property>

    <stc:property category="config" collectionType="vector" databaseType="DEFAULT" default="0" displayName="Downstream Traffic VLAN Priority" format="number" id="0x2900100A" idlMapped="true" ilMapped="true" isComposite="false" isDataStream="false" isDeprecated="false" isInternal="false" isReadOnly="false" maxOccurs="unbounded" minOccurs="0" name="DownstreamTrafficVlanPriority" noSave="false" nullable="false" onModifyNotifyMode="periodic" precision="" replaces="" type="u8">
    </stc:property>

    <stc:property category="config" collectionType="vector" databaseType="DEFAULT" default="0" displayName="Upstream Traffic IP ToS" format="hex" id="0x2900100B" idlMapped="true" ilMapped="true" isComposite="false" isDataStream="false" isDeprecated="false" isInternal="false" isReadOnly="false" maxOccurs="unbounded" minOccurs="0" name="UpstreamTrafficIpTos" noSave="false" nullable="false" onModifyNotifyMode="periodic" precision="" replaces="" type="u8">
    </stc:property>

    <stc:property category="config" collectionType="vector" databaseType="DEFAULT" default="0" displayName="Upstream Traffic VLAN Priority" format="number" id="0x2900100C" idlMapped="true" ilMapped="true" isComposite="false" isDataStream="false" isDeprecated="false" isInternal="false" isReadOnly="false" maxOccurs="unbounded" minOccurs="0" name="UpstreamTrafficVlanPriority" noSave="false" nullable="false" onModifyNotifyMode="periodic" precision="" replaces="" type="u8">
    </stc:property>

    <stc:property category="config" collectionType="vector" databaseType="DEFAULT" default="0" displayName="IP Next Protocol" format="number" id="0x2900100D" idlMapped="true" ilMapped="true" isComposite="false" isDataStream="false" isDeprecated="false" isInternal="false" isReadOnly="false" maxOccurs="unbounded" minOccurs="0" name="IpNextProtocolId" noSave="false" nullable="false" onModifyNotifyMode="periodic" precision="" replaces="" type="u8">
    </stc:property>

    <stc:property category="config" collectionType="vector" databaseType="DEFAULT" default="10" displayName="Ttl" format="number" id="0x2900100E" idlMapped="true" ilMapped="true" isComposite="false" isDataStream="false" isDeprecated="false" isInternal="false" isReadOnly="false" maxOccurs="1" minOccurs="1" name="Ttl" noSave="false" nullable="false" onModifyNotifyMode="periodic" precision="" replaces="" type="u8">
      <stc:numericValidation errorMsg="Please enter a valid number" maxInclusive="255" minInclusive="0" />
    </stc:property>

  </stc:class>


  
  <stc:class baseClass="framework.Scriptable" canCreate="false" id="0x29002000" idlMapped="na" ilMapped="na" isInternal="false" isReadOnly="false" isSingleton="false" name="AccessTestGenParams" noSave="false" profile="accesstest">
    <stc:relation allowDuplicate="false" dstClassRef="AccessTestGenParams" dstName="none" embedDstInIlClass="false" embedSrcInIlClass="false" id="0x29002001" isInternal="false" maxOccurs="unbounded" minOccurs="0" name="ParentProject" order="sequenced" srcClassRef="framework.Project" srcName="none" type="framework.ParentChild" />
    <stc:relation allowDuplicate="false" dstClassRef="core.DeviceGenParams" dstName="none" embedDstInIlClass="false" embedSrcInIlClass="false" id="0x29002002" isInternal="false" maxOccurs="unbounded" minOccurs="0" name="ParentDeviceGenParams" order="sequenced" srcClassRef="AccessTestGenParams" srcName="none" type="framework.ParentChild" />
    <stc:relation allowDuplicate="false" dstClassRef="framework.Scriptable" dstName="none" embedDstInIlClass="false" embedSrcInIlClass="false" id="0x29002003" isInternal="true" maxOccurs="unbounded" minOccurs="0" name="GeneratedObjects" order="sequenced" srcClassRef="AccessTestGenParams" srcName="none" type="AccessTestGenerated" />
    <stc:enumeration idlMapped="true" ilMapped="true" isFlags="false" name="EnumIpVersion">
      <stc:enum displayName="IPv4" idlMapped="true" ilMapped="true" name="IPV4" value="0" />
      <stc:enum displayName="IPv6" idlMapped="true" ilMapped="true" name="IPV6" value="1" />
    </stc:enumeration>
    <stc:enumeration idlMapped="true" ilMapped="true" isFlags="false" name="EnumTestType">
      <stc:enum displayName="DHCP" idlMapped="true" ilMapped="true" name="DHCP" value="0" />
      <stc:enum displayName="PPPoX" idlMapped="true" ilMapped="true" name="PPPOX" value="1" />
      <stc:enum displayName="L2TP" idlMapped="true" ilMapped="true" name="L2TP" value="2" />
    </stc:enumeration>
    <stc:enumeration idlMapped="true" ilMapped="true" isFlags="false" name="EnumDutL2tpNodeType">
      <stc:enum displayName="LAC" idlMapped="true" ilMapped="true" name="LAC" value="0" />
      <stc:enum displayName="LNS" idlMapped="true" ilMapped="true" name="LNS" value="1" />
    </stc:enumeration>
    <stc:property category="config" collectionType="vector" databaseType="DEFAULT" default="DHCP" displayName="Access stability test type" format="number" id="0x29002004" idlMapped="true" ilMapped="true" isComposite="false" isDataStream="false" isDeprecated="false" isInternal="false" isReadOnly="false" maxOccurs="1" minOccurs="1" name="TestType" noSave="false" nullable="false" onModifyNotifyMode="periodic" precision="" replaces="" type="u8">
      <stc:enumerationRef ref="EnumTestType" />
    </stc:property>
    <stc:property category="config" collectionType="vector" databaseType="DEFAULT" default="IPV4" displayName="IP version" format="number" id="0x29002005" idlMapped="true" ilMapped="true" isComposite="false" isDataStream="false" isDeprecated="false" isInternal="false" isReadOnly="false" maxOccurs="1" minOccurs="1" name="IpVersion" noSave="false" nullable="false" onModifyNotifyMode="periodic" precision="" replaces="" type="u8">
      <stc:enumerationRef ref="EnumIpVersion" />
    </stc:property>
    <stc:property category="config" collectionType="vector" databaseType="DEFAULT" default="LNS" displayName="DUT L2TP Node Type" format="number" id="0x29002006" idlMapped="true" ilMapped="true" isComposite="false" isDataStream="false" isDeprecated="false" isInternal="false" isReadOnly="false" maxOccurs="1" minOccurs="1" name="DutL2tpNodeType" noSave="false" nullable="false" onModifyNotifyMode="periodic" precision="" replaces="" type="u8">
      <stc:enumerationRef ref="EnumDutL2tpNodeType" />
    </stc:property>
  </stc:class>

  
  <stc:class baseClass="AccessTestGenParams" canCreate="true" id="0x29003000" idlMapped="na" ilMapped="na" isInternal="false" isReadOnly="false" isSingleton="false" name="AccessStabilityGenParams" noSave="false" profile="accesstest">

    <stc:relation allowDuplicate="false" dstClassRef="traffic.l2l3.FrameLengthDistribution" dstName="none" embedDstInIlClass="false" embedSrcInIlClass="false" id="0x29003001" isInternal="false" maxOccurs="1" minOccurs="0" name="ImixAffiliation" order="sequenced" srcClassRef="AccessStabilityGenParams" srcName="none" type="AccessTestImixAffiliation" />

    
    <stc:enumeration idlMapped="true" ilMapped="true" isFlags="false" name="EnumTrafficConfigMode">
      <stc:enum displayName="Automatic" idlMapped="true" ilMapped="true" name="AUTO" value="0" />
      <stc:enum displayName="Manual" idlMapped="true" ilMapped="true" name="MANUAL" value="1" />
      <stc:enum displayName="None" idlMapped="true" ilMapped="true" name="NONE" value="2" />
    </stc:enumeration>
    <stc:enumeration idlMapped="true" ilMapped="true" isFlags="false" name="EnumTrafficDevices">
      <stc:enum displayName="All" idlMapped="true" ilMapped="true" name="ALL" value="0" />
      <stc:enum displayName="Edge" idlMapped="true" ilMapped="true" name="EDGE" value="1" />
    </stc:enumeration>
    <stc:enumeration idlMapped="true" ilMapped="true" isFlags="false" name="EnumTrafficFlow">
      <stc:enum displayName="Bi-directional" idlMapped="true" ilMapped="true" name="BIDIRECTIONAL" value="0" />
      <stc:enum displayName="Downstream to Upstream" idlMapped="true" ilMapped="true" name="DOWNSTREAM_TO_UPSTREAM" value="1" />
      <stc:enum displayName="Upstream to Downstream" idlMapped="true" ilMapped="true" name="UPSTREAM_TO_DOWNSTREAM" value="2" />
    </stc:enumeration>
    <stc:enumeration idlMapped="true" ilMapped="true" isFlags="false" name="EnumTrafficConnectivity">
      <stc:enum displayName="Full" idlMapped="true" ilMapped="true" name="FULL" value="0" />
      <stc:enum displayName="Pair" idlMapped="true" ilMapped="true" name="PAIR" value="1" />
    </stc:enumeration>
    <stc:enumeration idlMapped="true" ilMapped="true" isFlags="false" name="EnumDurationMode">
      <stc:enum displayName="Seconds" idlMapped="true" ilMapped="true" name="SECONDS" value="0" />
      <stc:enum displayName="Bursts" idlMapped="true" ilMapped="true" name="BURSTS" value="1" />
    </stc:enumeration>
    <stc:enumeration idlMapped="true" ilMapped="true" isFlags="false" name="EnumLoadMode">
      <stc:enum displayName="Fixed" idlMapped="true" ilMapped="true" name="FIXED" value="0" />
      <stc:enum displayName="Random" idlMapped="true" ilMapped="true" name="RANDOM" value="1" />
    </stc:enumeration>
    <stc:enumeration idlMapped="true" ilMapped="true" isFlags="false" name="EnumLoadUnits">
      <stc:enum displayName="Percent (%)" idlMapped="true" ilMapped="true" name="PERCENT_LINE_RATE" value="0" />
      <stc:enum displayName="Frames/sec" idlMapped="true" ilMapped="true" name="FRAMES_PER_SECOND" value="1" />
      <stc:enum displayName="Inter-burst Gap" idlMapped="true" ilMapped="true" name="INTER_BURST_GAP" value="2" />
      <stc:enum displayName="Mbps" idlMapped="true" ilMapped="true" name="MEGABITS_PER_SECOND" value="3" />
      <stc:enum displayName="Kbps" idlMapped="true" ilMapped="true" name="KILOBITS_PER_SECOND" value="4" />
      <stc:enum displayName="bps" idlMapped="true" ilMapped="true" name="BITS_PER_SECOND" value="5" />
    </stc:enumeration>
    <stc:enumeration idlMapped="true" ilMapped="true" isFlags="false" name="EnumFrameLengthMode">
      <stc:enum displayName="Fixed" idlMapped="true" ilMapped="true" name="FIXED" value="0" />
      <stc:enum displayName="Increment" idlMapped="true" ilMapped="true" name="INCR" value="1" />
      <stc:enum displayName="Decrement" idlMapped="true" ilMapped="true" name="DECR" value="2" />
      <stc:enum displayName="iMIX" idlMapped="true" ilMapped="true" name="IMIX" value="3" />
      <stc:enum displayName="Random" idlMapped="true" ilMapped="true" name="RANDOM" value="4" />
      <stc:enum displayName="Auto" idlMapped="true" ilMapped="true" name="AUTO" value="5" />
    </stc:enumeration>
    
    
    <stc:property category="config" collectionType="vector" databaseType="DEFAULT" default="AUTO" displayName="Traffic configuration mode" format="number" id="0x29003002" idlMapped="true" ilMapped="true" isComposite="false" isDataStream="false" isDeprecated="false" isInternal="false" isReadOnly="false" maxOccurs="1" minOccurs="1" name="TrafficConfigMode" noSave="false" nullable="false" onModifyNotifyMode="periodic" precision="" replaces="" type="u8">
      <stc:enumerationRef ref="EnumTrafficConfigMode" />
    </stc:property>
    <stc:property category="config" collectionType="vector" databaseType="DEFAULT" default="EDGE" displayName="Traffic Devices" format="number" id="0x29003003" idlMapped="true" ilMapped="true" isComposite="false" isDataStream="false" isDeprecated="false" isInternal="false" isReadOnly="false" maxOccurs="1" minOccurs="1" name="TrafficDevices" noSave="false" nullable="false" onModifyNotifyMode="periodic" precision="" replaces="" type="u8">
      <stc:enumerationRef ref="EnumTrafficDevices" />
    </stc:property>
    <stc:property category="config" collectionType="vector" databaseType="DEFAULT" default="BIDIRECTIONAL" displayName="Traffic flow" format="number" id="0x29003004" idlMapped="true" ilMapped="true" isComposite="false" isDataStream="false" isDeprecated="false" isInternal="false" isReadOnly="false" maxOccurs="1" minOccurs="1" name="TrafficFlow" noSave="false" nullable="false" onModifyNotifyMode="periodic" precision="" replaces="" type="u8">
      <stc:enumerationRef ref="EnumTrafficFlow" />
    </stc:property>
    <stc:property category="config" collectionType="vector" databaseType="DEFAULT" default="FULL" displayName="Traffic connectivity" format="number" id="0x29003005" idlMapped="true" ilMapped="true" isComposite="false" isDataStream="false" isDeprecated="false" isInternal="false" isReadOnly="false" maxOccurs="1" minOccurs="1" name="TrafficConnectivity" noSave="false" nullable="false" onModifyNotifyMode="periodic" precision="" replaces="" type="u8">
      <stc:enumerationRef ref="EnumTrafficConnectivity" />
    </stc:property>

    <stc:property category="config" collectionType="vector" databaseType="DEFAULT" default="FIXED" displayName="Load mode" format="number" id="0x29003006" idlMapped="true" ilMapped="true" isComposite="false" isDataStream="false" isDeprecated="false" isInternal="false" isReadOnly="false" maxOccurs="1" minOccurs="1" name="LoadMode" noSave="false" nullable="false" onModifyNotifyMode="periodic" precision="" replaces="" type="u8">
      <stc:enumerationRef ref="EnumLoadMode" />
    </stc:property>
    <stc:property category="config" collectionType="vector" databaseType="DEFAULT" default="PERCENT_LINE_RATE" displayName="Load units" format="number" id="0x29003007" idlMapped="true" ilMapped="true" isComposite="false" isDataStream="false" isDeprecated="false" isInternal="false" isReadOnly="false" maxOccurs="1" minOccurs="1" name="LoadUnits" noSave="false" nullable="false" onModifyNotifyMode="periodic" precision="" replaces="" type="u8">
      <stc:enumerationRef ref="EnumLoadUnits" />
    </stc:property>
    <stc:property category="config" collectionType="vector" databaseType="DEFAULT" default="10" displayName="Load" format="number" id="0x29003008" idlMapped="true" ilMapped="true" isComposite="false" isDataStream="false" isDeprecated="false" isInternal="false" isReadOnly="false" maxOccurs="1" minOccurs="1" name="Load" noSave="false" nullable="false" onModifyNotifyMode="periodic" precision="" replaces="" type="double">
    </stc:property>
    <stc:property category="config" collectionType="vector" databaseType="DEFAULT" default="10" displayName="Min load" format="number" id="0x29003009" idlMapped="true" ilMapped="true" isComposite="false" isDataStream="false" isDeprecated="false" isInternal="false" isReadOnly="false" maxOccurs="1" minOccurs="1" name="LoadMin" noSave="false" nullable="false" onModifyNotifyMode="periodic" precision="" replaces="" type="double">
    </stc:property>
    <stc:property category="config" collectionType="vector" databaseType="DEFAULT" default="100" displayName="Max load" format="number" id="0x2900300A" idlMapped="true" ilMapped="true" isComposite="false" isDataStream="false" isDeprecated="false" isInternal="false" isReadOnly="false" maxOccurs="1" minOccurs="1" name="LoadMax" noSave="false" nullable="false" onModifyNotifyMode="periodic" precision="" replaces="" type="double">
    </stc:property>

    <stc:property category="config" collectionType="vector" databaseType="DEFAULT" default="FIXED" displayName="Frame Size Mode" format="number" id="0x2900300B" idlMapped="true" ilMapped="true" isComposite="false" isDataStream="false" isDeprecated="false" isInternal="false" isReadOnly="false" maxOccurs="1" minOccurs="1" name="FrameLengthMode" noSave="false" nullable="false" onModifyNotifyMode="periodic" precision="" replaces="" type="u8">
      <stc:enumerationRef ref="EnumFrameLengthMode" />
    </stc:property>
    <stc:property category="config" collectionType="vector" databaseType="DEFAULT" default="128" displayName="Frame size" format="number" id="0x2900300C" idlMapped="true" ilMapped="true" isComposite="false" isDataStream="false" isDeprecated="false" isInternal="false" isReadOnly="false" maxOccurs="1" minOccurs="1" name="FrameSize" noSave="false" nullable="false" onModifyNotifyMode="periodic" precision="" replaces="" type="u16">
      <stc:numericValidation errorMsg="Please enter a valid number" maxInclusive="16383" minInclusive="12" />
    </stc:property>
    <stc:property category="config" collectionType="vector" databaseType="DEFAULT" default="128" displayName="Frame size min" format="number" id="0x2900300D" idlMapped="true" ilMapped="true" isComposite="false" isDataStream="false" isDeprecated="false" isInternal="false" isReadOnly="false" maxOccurs="1" minOccurs="1" name="FrameSizeMin" noSave="false" nullable="false" onModifyNotifyMode="periodic" precision="" replaces="" type="u16">
      <stc:numericValidation errorMsg="Please enter a valid number" maxInclusive="16383" minInclusive="12" />
    </stc:property>
    <stc:property category="config" collectionType="vector" databaseType="DEFAULT" default="256" displayName="Frame size max" format="number" id="0x2900300E" idlMapped="true" ilMapped="true" isComposite="false" isDataStream="false" isDeprecated="false" isInternal="false" isReadOnly="false" maxOccurs="1" minOccurs="1" name="FrameSizeMax" noSave="false" nullable="false" onModifyNotifyMode="periodic" precision="" replaces="" type="u16">
      <stc:numericValidation errorMsg="Please enter a valid number" maxInclusive="16383" minInclusive="12" />
    </stc:property>
    <stc:property category="config" collectionType="vector" databaseType="DEFAULT" default="1" displayName="Frame size step" format="number" id="0x2900300F" idlMapped="true" ilMapped="true" isComposite="false" isDataStream="false" isDeprecated="false" isInternal="false" isReadOnly="false" maxOccurs="1" minOccurs="1" name="FrameSizeStep" noSave="false" nullable="false" onModifyNotifyMode="periodic" precision="" replaces="" type="u16">
      <stc:numericValidation errorMsg="Please enter a valid number" maxInclusive="8192" minInclusive="1" />
    </stc:property>

    <stc:property category="config" collectionType="vector" databaseType="DEFAULT" default="0" displayName="Downstream Traffic IP ToS" format="hex" id="0x29003010" idlMapped="true" ilMapped="true" isComposite="false" isDataStream="false" isDeprecated="false" isInternal="false" isReadOnly="false" maxOccurs="1" minOccurs="1" name="DownstreamTrafficIpTos" noSave="false" nullable="false" onModifyNotifyMode="periodic" precision="" replaces="" type="u8">
    </stc:property>
    <stc:property category="config" collectionType="vector" databaseType="DEFAULT" default="0" displayName="Downstream Traffic VLAN Priority" format="number" id="0x29003011" idlMapped="true" ilMapped="true" isComposite="false" isDataStream="false" isDeprecated="false" isInternal="false" isReadOnly="false" maxOccurs="1" minOccurs="1" name="DownstreamTrafficVlanPriority" noSave="false" nullable="false" onModifyNotifyMode="periodic" precision="" replaces="" type="u8">
      <stc:numericValidation errorMsg="Please enter a valid number" maxInclusive="7" minInclusive="0" />
    </stc:property>
    <stc:property category="config" collectionType="vector" databaseType="DEFAULT" default="0" displayName="Upstream Traffic IP ToS" format="hex" id="0x29003012" idlMapped="true" ilMapped="true" isComposite="false" isDataStream="false" isDeprecated="false" isInternal="false" isReadOnly="false" maxOccurs="1" minOccurs="1" name="UpstreamTrafficIpTos" noSave="false" nullable="false" onModifyNotifyMode="periodic" precision="" replaces="" type="u8">
    </stc:property>
    <stc:property category="config" collectionType="vector" databaseType="DEFAULT" default="0" displayName="Upstream Traffic VLAN Priority" format="number" id="0x29003013" idlMapped="true" ilMapped="true" isComposite="false" isDataStream="false" isDeprecated="false" isInternal="false" isReadOnly="false" maxOccurs="1" minOccurs="1" name="UpstreamTrafficVlanPriority" noSave="false" nullable="false" onModifyNotifyMode="periodic" precision="" replaces="" type="u8">
      <stc:numericValidation errorMsg="Please enter a valid number" maxInclusive="7" minInclusive="0" />
    </stc:property>
    <stc:property category="config" collectionType="vector" databaseType="DEFAULT" default="0" displayName="IP Next Protocol" format="number" id="0x29003014" idlMapped="true" ilMapped="true" isComposite="false" isDataStream="false" isDeprecated="false" isInternal="false" isReadOnly="false" maxOccurs="unbounded" minOccurs="0" name="IpNextProtocolId" noSave="false" nullable="false" onModifyNotifyMode="periodic" precision="" replaces="" type="u8">
    </stc:property>
    <stc:property category="config" collectionType="vector" databaseType="DEFAULT" default="10" displayName="Ttl" format="number" id="0x29003015" idlMapped="true" ilMapped="true" isComposite="false" isDataStream="false" isDeprecated="false" isInternal="false" isReadOnly="false" maxOccurs="1" minOccurs="1" name="Ttl" noSave="false" nullable="false" onModifyNotifyMode="periodic" precision="" replaces="" type="u8">
      <stc:numericValidation errorMsg="Please enter a valid number" maxInclusive="255" minInclusive="0" />
    </stc:property>
    
    
    <stc:property category="config" collectionType="vector" databaseType="DEFAULT" default="120" displayName="Max time (sec) to wait for the session to come up" format="number" id="0x29003016" idlMapped="true" ilMapped="true" isComposite="false" isDataStream="false" isDeprecated="false" isInternal="false" isReadOnly="false" maxOccurs="1" minOccurs="1" name="SessionUpTimeout" noSave="false" nullable="false" onModifyNotifyMode="periodic" precision="" replaces="" type="u32">
      <stc:numericValidation errorMsg="Please enter a valid number" maxInclusive="4294967295" minInclusive="1" />
    </stc:property>
    <stc:property category="config" collectionType="vector" databaseType="DEFAULT" default="120" displayName="Max time (sec) to wait for the session to come down" format="number" id="0x29003017" idlMapped="true" ilMapped="true" isComposite="false" isDataStream="false" isDeprecated="false" isInternal="false" isReadOnly="false" maxOccurs="1" minOccurs="1" name="SessionDownTimeout" noSave="false" nullable="false" onModifyNotifyMode="periodic" precision="" replaces="" type="u32">
      <stc:numericValidation errorMsg="Please enter a valid number" maxInclusive="4294967295" minInclusive="1" />
    </stc:property>
    <stc:property category="config" collectionType="vector" databaseType="DEFAULT" default="120" displayName="Max time (sec) to wait for the tunnel to come up" format="number" id="0x29003018" idlMapped="true" ilMapped="true" isComposite="false" isDataStream="false" isDeprecated="false" isInternal="false" isReadOnly="false" maxOccurs="1" minOccurs="1" name="TunnelUpTimeout" noSave="false" nullable="false" onModifyNotifyMode="periodic" precision="" replaces="" type="u32">
      <stc:numericValidation errorMsg="Please enter a valid number" maxInclusive="4294967295" minInclusive="1" />
    </stc:property>
    <stc:property category="config" collectionType="vector" databaseType="DEFAULT" default="120" displayName="Max time (sec) to wait for the tunnel to come down" format="number" id="0x29003019" idlMapped="true" ilMapped="true" isComposite="false" isDataStream="false" isDeprecated="false" isInternal="false" isReadOnly="false" maxOccurs="1" minOccurs="1" name="TunnelDownTimeout" noSave="false" nullable="false" onModifyNotifyMode="periodic" precision="" replaces="" type="u32">
      <stc:numericValidation errorMsg="Please enter a valid number" maxInclusive="4294967295" minInclusive="1" />
    </stc:property>
    <stc:property category="config" collectionType="vector" databaseType="DEFAULT" default="SECONDS" displayName="Duration Mode" format="number" id="0x2900301A" idlMapped="true" ilMapped="true" isComposite="false" isDataStream="false" isDeprecated="false" isInternal="false" isReadOnly="false" maxOccurs="1" minOccurs="1" name="DurationMode" noSave="false" nullable="false" onModifyNotifyMode="periodic" precision="" replaces="" type="u8">
      <stc:enumerationRef ref="EnumDurationMode" />
    </stc:property>
    <stc:property category="config" collectionType="vector" databaseType="DEFAULT" default="60" displayName="Duration As Seconds" format="number" id="0x2900301B" idlMapped="true" ilMapped="true" isComposite="false" isDataStream="false" isDeprecated="false" isInternal="false" isReadOnly="false" maxOccurs="1" minOccurs="1" name="DurationSeconds" noSave="false" nullable="false" onModifyNotifyMode="periodic" precision="" replaces="" type="u32">
      <stc:numericValidation errorMsg="Please enter a valid number" maxInclusive="5184000" minInclusive="1" />
    </stc:property>
    <stc:property category="config" collectionType="vector" databaseType="DEFAULT" default="1000" displayName="Duration as Burst" format="number" id="0x2900301C" idlMapped="true" ilMapped="true" isComposite="false" isDataStream="false" isDeprecated="false" isInternal="false" isReadOnly="false" maxOccurs="1" minOccurs="1" name="DurationBursts" noSave="false" nullable="false" onModifyNotifyMode="periodic" precision="" replaces="" type="u32">
      <stc:numericValidation errorMsg="Please enter a valid number" maxInclusive="16777215" minInclusive="1" />
    </stc:property>
    <stc:property category="config" collectionType="vector" databaseType="DEFAULT" default="false" displayName="Enable test flapping" format="number" id="0x2900301D" idlMapped="true" ilMapped="true" isComposite="false" isDataStream="false" isDeprecated="false" isInternal="false" isReadOnly="false" maxOccurs="1" minOccurs="1" name="EnableFlapping" noSave="false" nullable="false" onModifyNotifyMode="periodic" precision="" replaces="" type="bool">
    </stc:property>
    <stc:property category="config" collectionType="vector" databaseType="DEFAULT" default="2" displayName="Number of flap iterations" format="number" id="0x2900301E" idlMapped="true" ilMapped="true" isComposite="false" isDataStream="false" isDeprecated="false" isInternal="false" isReadOnly="false" maxOccurs="1" minOccurs="1" name="FlapCount" noSave="false" nullable="false" onModifyNotifyMode="periodic" precision="" replaces="" type="u8">
    </stc:property>


  </stc:class>
  
  
  <stc:class baseClass="framework.Scriptable" canCreate="true" id="0x29004000" idlMapped="na" ilMapped="na" isInternal="false" isReadOnly="false" isSingleton="false" name="AccessTestGenPortParams" noSave="false" profile="accesstest">

    <stc:relation allowDuplicate="false" dstClassRef="AccessTestGenPortParams" dstName="none" embedDstInIlClass="false" embedSrcInIlClass="false" id="0x29004001" isInternal="false" maxOccurs="unbounded" minOccurs="0" name="ParentChild" order="sequenced" srcClassRef="AccessTestGenParams" srcName="none" type="framework.ParentChild" />

    <stc:relation allowDuplicate="false" dstClassRef="core.Port" dstName="AffiliatedPort" embedDstInIlClass="false" embedSrcInIlClass="false" id="0x29004002" isInternal="false" maxOccurs="1" minOccurs="0" name="AffiliationPort" order="sequenced" srcClassRef="AccessTestGenPortParams" srcName="AffiliatedPortSource" type="core.AffiliationPort" />

    <stc:relation allowDuplicate="false" dstClassRef="access.dhcpv4.Dhcpv4PortConfig" dstName="none" embedDstInIlClass="false" embedSrcInIlClass="false" id="0x29004003" isInternal="false" maxOccurs="1" minOccurs="0" name="ParentDhcpv4PortConfig" order="sequenced" srcClassRef="AccessTestGenPortParams" srcName="none" type="framework.ParentChild" />

    <stc:relation allowDuplicate="false" dstClassRef="access.dhcpv6.Dhcpv6PortConfig" dstName="none" embedDstInIlClass="false" embedSrcInIlClass="false" id="0x29004004" isInternal="false" maxOccurs="1" minOccurs="0" name="ParentDhcpv6PortConfig" order="sequenced" srcClassRef="AccessTestGenPortParams" srcName="none" type="framework.ParentChild" />

    <stc:relation allowDuplicate="false" dstClassRef="access.pppox.PppoxPortConfig" dstName="none" embedDstInIlClass="false" embedSrcInIlClass="false" id="0x29004005" isInternal="false" maxOccurs="1" minOccurs="0" name="ParentPppoxPortConfig" order="sequenced" srcClassRef="AccessTestGenPortParams" srcName="none" type="framework.ParentChild" />

    <stc:relation allowDuplicate="false" dstClassRef="access.l2tp.L2tpPortConfig" dstName="none" embedDstInIlClass="false" embedSrcInIlClass="false" id="0x29004006" isInternal="false" maxOccurs="1" minOccurs="0" name="ParentL2tpPortConfig" order="sequenced" srcClassRef="AccessTestGenPortParams" srcName="none" type="framework.ParentChild" />

    <stc:enumeration idlMapped="true" ilMapped="true" isFlags="false" name="EnumPortSide">
      <stc:enum displayName="Downstream" idlMapped="true" ilMapped="true" name="DOWNSTREAM" value="0" />
      <stc:enum displayName="Upstream" idlMapped="true" ilMapped="true" name="UPSTREAM" value="1" />
    </stc:enumeration>
    <stc:property category="config" collectionType="vector" databaseType="DEFAULT" default="DOWNSTREAM" displayName="Side" format="number" id="0x29004007" idlMapped="true" ilMapped="true" isComposite="false" isDataStream="false" isDeprecated="false" isInternal="false" isReadOnly="false" maxOccurs="1" minOccurs="1" name="Side" noSave="false" nullable="false" onModifyNotifyMode="periodic" precision="" replaces="" type="u8">
      <stc:enumerationRef ref="EnumPortSide" />
    </stc:property>

  </stc:class>


  
  <stc:class baseClass="framework.Command" canCreate="true" id="0x29005000" idlMapped="na" ilMapped="na" isInternal="false" isReadOnly="false" isSingleton="false" name="AccessConcentratorGenConfigExpandCommand" noSave="false" profile="accesstest">

      <stc:enumeration idlMapped="true" ilMapped="true" isFlags="false" name="EnumYesNoPrompt">
          <stc:enum displayName="Prompt user" idlMapped="true" ilMapped="true" name="PROMPT" value="0" />
          <stc:enum displayName="Yes" idlMapped="true" ilMapped="true" name="YES" value="1" />
          <stc:enum displayName="No" idlMapped="true" ilMapped="true" name="NO" value="2" />
      </stc:enumeration>

      <stc:property category="config" collectionType="vector" databaseType="DEFAULT" default="PROMPT" displayName="Clear existing configuration." format="number" id="0x29005001" idlMapped="true" ilMapped="true" isComposite="false" isDataStream="false" isDeprecated="false" isInternal="false" isReadOnly="false" maxOccurs="1" minOccurs="1" name="ClearExisting" noSave="false" nullable="false" onModifyNotifyMode="periodic" precision="" replaces="" type="u8">
          <stc:enumerationRef ref="EnumYesNoPrompt" />
      </stc:property>

      
      <stc:property category="input" collectionType="vector" databaseType="DEFAULT" default="0" displayName="Handle of AccessConcentratorGenParams" format="number" id="0x29005002" idlMapped="true" ilMapped="true" isComposite="false" isDataStream="false" isDeprecated="false" isInternal="false" isReadOnly="false" maxOccurs="1" minOccurs="1" name="GenParams" noSave="false" nullable="false" onModifyNotifyMode="none" precision="" replaces="" type="handle" />

  </stc:class>

  
  <stc:class baseClass="framework.Command" canCreate="true" id="0x29006000" idlMapped="na" ilMapped="na" isInternal="false" isReadOnly="false" isSingleton="false" name="AccessConcentratorGenUpdateTrafficCommand" noSave="false" profile="accesstest">

    
    <stc:property category="input" collectionType="vector" databaseType="DEFAULT" default="0" displayName="Handle of AccessConcentratorGenParams" format="number" id="0x29006001" idlMapped="true" ilMapped="true" isComposite="false" isDataStream="false" isDeprecated="false" isInternal="false" isReadOnly="false" maxOccurs="1" minOccurs="1" name="GenParams" noSave="false" nullable="false" onModifyNotifyMode="none" precision="" replaces="" type="handle" />

    <stc:property category="input" collectionType="vector" databaseType="DEFAULT" default="true" displayName="Update frame configuration" format="number" id="0x29006002" idlMapped="true" ilMapped="true" isComposite="false" isDataStream="false" isDeprecated="false" isInternal="false" isReadOnly="false" maxOccurs="1" minOccurs="1" name="EnableFrameConfigUpdate" noSave="false" nullable="false" onModifyNotifyMode="none" precision="" replaces="" type="bool">
    </stc:property>

  </stc:class>

  
  <stc:class baseClass="framework.Command" canCreate="true" id="0x29007000" idlMapped="na" ilMapped="na" isInternal="false" isReadOnly="false" isSingleton="false" name="AccessTestGenConfigExpandCommand" noSave="false" profile="accesstest">

      <stc:enumeration idlMapped="true" ilMapped="true" isFlags="false" name="EnumYesNoPrompt">
          <stc:enum displayName="Prompt user" idlMapped="true" ilMapped="true" name="PROMPT" value="0" />
          <stc:enum displayName="Yes" idlMapped="true" ilMapped="true" name="YES" value="1" />
          <stc:enum displayName="No" idlMapped="true" ilMapped="true" name="NO" value="2" />
      </stc:enumeration>

      <stc:property category="config" collectionType="vector" databaseType="DEFAULT" default="PROMPT" displayName="Clear existing configuration." format="number" id="0x29007001" idlMapped="true" ilMapped="true" isComposite="false" isDataStream="false" isDeprecated="false" isInternal="false" isReadOnly="false" maxOccurs="1" minOccurs="1" name="ClearExisting" noSave="false" nullable="false" onModifyNotifyMode="periodic" precision="" replaces="" type="u8">
          <stc:enumerationRef ref="EnumYesNoPrompt" />
      </stc:property>

      
      <stc:property category="input" collectionType="vector" databaseType="DEFAULT" default="0" displayName="Handle of AccessTestGenParams" format="number" id="0x29007002" idlMapped="true" ilMapped="true" isComposite="false" isDataStream="false" isDeprecated="false" isInternal="false" isReadOnly="false" maxOccurs="1" minOccurs="1" name="GenParams" noSave="false" nullable="false" onModifyNotifyMode="none" precision="" replaces="" type="handle" />

  </stc:class>

  
  
  
  <stc:class baseClass="framework.Command" canCreate="true" id="0x29008000" idlMapped="na" ilMapped="na" isInternal="false" isReadOnly="false" isSingleton="false" name="AccessTestGenUpdateAvailablePortsCommand" noSave="false" profile="accesstest">

    
    <stc:property category="input" collectionType="vector" databaseType="DEFAULT" default="0" displayName="Handle of AccessTestGenParams" format="number" id="0x29008001" idlMapped="true" ilMapped="true" isComposite="false" isDataStream="false" isDeprecated="false" isInternal="false" isReadOnly="false" maxOccurs="1" minOccurs="1" name="GenParams" noSave="false" nullable="false" onModifyNotifyMode="none" precision="" replaces="" type="handle" />
    <stc:property category="config" collectionType="vector" databaseType="DEFAULT" default="false" displayName="Remove unused ports" format="number" id="0x29008002" idlMapped="true" ilMapped="true" isComposite="false" isDataStream="false" isDeprecated="false" isInternal="false" isReadOnly="false" maxOccurs="1" minOccurs="1" name="RemoveUnusedPorts" noSave="false" nullable="false" onModifyNotifyMode="periodic" precision="" replaces="" type="bool" />

  </stc:class>

  
  <stc:class baseClass="framework.Command" canCreate="true" id="0x29009000" idlMapped="na" ilMapped="na" isInternal="false" isReadOnly="false" isSingleton="false" name="AccessTestGenUpdateTrafficCommand" noSave="false" profile="accesstest">

    
    <stc:property category="input" collectionType="vector" databaseType="DEFAULT" default="0" displayName="Handle of AccessTestGenParams" format="number" id="0x29009001" idlMapped="true" ilMapped="true" isComposite="false" isDataStream="false" isDeprecated="false" isInternal="false" isReadOnly="false" maxOccurs="1" minOccurs="1" name="GenParams" noSave="false" nullable="false" onModifyNotifyMode="none" precision="" replaces="" type="handle" />

    <stc:property category="input" collectionType="vector" databaseType="DEFAULT" default="true" displayName="Update frame configuration" format="number" id="0x29009002" idlMapped="true" ilMapped="true" isComposite="false" isDataStream="false" isDeprecated="false" isInternal="false" isReadOnly="false" maxOccurs="1" minOccurs="1" name="EnableFrameConfigUpdate" noSave="false" nullable="false" onModifyNotifyMode="none" precision="" replaces="" type="bool">
    </stc:property>

  </stc:class>


  
  
  
  <stc:class baseClass="framework.Scriptable" canCreate="true" id="0x2900A000" idlMapped="na" ilMapped="na" isInternal="false" isReadOnly="false" isSingleton="false" name="AncpAccessLoopGenParams" noSave="false" profile="ancp">

    
    <stc:relation allowDuplicate="false" dstClassRef="AncpAccessLoopGenParams" dstName="none" embedDstInIlClass="false" embedSrcInIlClass="false" id="0x2900A001" isInternal="false" maxOccurs="unbounded" minOccurs="0" name="ParentProject" order="sequenced" srcClassRef="framework.Project" srcName="none" type="framework.ParentChild" />

    
    <stc:relation allowDuplicate="false" dstClassRef="access.ancp.AncpAccessLoopBlockConfig" dstName="none" embedDstInIlClass="false" embedSrcInIlClass="false" id="0x2900A002" isInternal="false" maxOccurs="1" minOccurs="1" name="ParentAccessLoop" order="sequenced" srcClassRef="AncpAccessLoopGenParams" srcName="none" type="framework.ParentChild" />

    <stc:relation allowDuplicate="false" dstClassRef="access.dhcpv4.Dhcpv4DeviceGenProtocolParams" dstName="none" embedDstInIlClass="false" embedSrcInIlClass="false" id="0x2900A003" isInternal="false" maxOccurs="1" minOccurs="0" name="ParentDhcpv4Params" order="sequenced" srcClassRef="AncpAccessLoopGenParams" srcName="none" type="framework.ParentChild" />

    <stc:relation allowDuplicate="false" dstClassRef="access.pppox.PppoeDeviceGenProtocolParams" dstName="none" embedDstInIlClass="false" embedSrcInIlClass="false" id="0x2900A004" isInternal="false" maxOccurs="1" minOccurs="0" name="ParentPppoeParams" order="sequenced" srcClassRef="AncpAccessLoopGenParams" srcName="none" type="framework.ParentChild" />

    <stc:relation allowDuplicate="false" dstClassRef="access.pppox.PppoaDeviceGenProtocolParams" dstName="none" embedDstInIlClass="false" embedSrcInIlClass="false" id="0x2900A005" isInternal="false" maxOccurs="1" minOccurs="0" name="ParentPppoaParams" order="sequenced" srcClassRef="AncpAccessLoopGenParams" srcName="none" type="framework.ParentChild" />

    
    <stc:enumeration idlMapped="true" ilMapped="true" isFlags="false" name="EnumL2Type">
      <stc:enum displayName="Ethernet" idlMapped="true" ilMapped="true" name="ETHERNET" value="1" />
      <stc:enum displayName="ATM" idlMapped="true" ilMapped="true" name="ATM" value="2" />
      <stc:enum displayName="EoA" idlMapped="true" ilMapped="true" name="EOA" value="3" />
    </stc:enumeration>

    <stc:enumeration idlMapped="true" ilMapped="true" isFlags="false" name="EnumSessionProtocol">
      <stc:enum displayName="None" idlMapped="true" ilMapped="true" name="NONE" value="0" />
      <stc:enum displayName="PPP" idlMapped="true" ilMapped="true" name="PPP" value="1" />
      <stc:enum displayName="DHCP" idlMapped="true" ilMapped="true" name="DHCP" value="2" />
    </stc:enumeration>

    <stc:enumeration idlMapped="true" ilMapped="true" isFlags="false" name="EnumAncpVersion">
      <stc:enum displayName="draft-wadhwa-gsmp-l2control-configuration-00" idlMapped="true" ilMapped="true" name="L2CP_DRAFT_00" value="0" />
      
      <stc:enum displayName="draft-ietf-ancp-protocol-02" idlMapped="true" ilMapped="true" name="ANCP_DRAFT_02" value="5" />
      <stc:enum displayName="RFC_6320" idlMapped="true" ilMapped="true" name="RFC_6320" value="6" />
    </stc:enumeration>

    <stc:enumeration idlMapped="true" ilMapped="true" isFlags="false" name="EnumIpProtocol">
      <stc:enum displayName="None" idlMapped="true" ilMapped="true" name="NONE" value="0" />
      <stc:enum displayName="IPv4" idlMapped="true" ilMapped="true" name="IPV4" value="1" />
    </stc:enumeration>

    
    <stc:property category="config" collectionType="vector" databaseType="DEFAULT" default="ETHERNET" displayName="Layer 2 Type" format="number" id="0x2900A006" idlMapped="true" ilMapped="true" isComposite="false" isDataStream="false" isDeprecated="false" isInternal="false" isReadOnly="false" maxOccurs="1" minOccurs="1" name="L2Type" noSave="false" nullable="false" onModifyNotifyMode="periodic" precision="" replaces="" type="u8">
      <stc:enumerationRef ref="EnumL2Type" />
    </stc:property>

    <stc:property category="config" collectionType="vector" databaseType="DEFAULT" default="IPV4" displayName="IP Protocol" format="number" id="0x2900A007" idlMapped="true" ilMapped="true" isComposite="false" isDataStream="false" isDeprecated="false" isInternal="false" isReadOnly="false" maxOccurs="1" minOccurs="1" name="IpProtocol" noSave="false" nullable="false" onModifyNotifyMode="periodic" precision="" replaces="" type="u8">
      <stc:enumerationRef ref="EnumIpProtocol" />
    </stc:property>

    <stc:property category="config" collectionType="vector" databaseType="DEFAULT" default="DHCP" displayName="Session Protocol" format="number" id="0x2900A008" idlMapped="true" ilMapped="true" isComposite="false" isDataStream="false" isDeprecated="false" isInternal="false" isReadOnly="false" maxOccurs="1" minOccurs="1" name="SessionProtocol" noSave="false" nullable="false" onModifyNotifyMode="periodic" precision="" replaces="" type="u8">
      <stc:enumerationRef ref="EnumSessionProtocol" />
    </stc:property>

    <stc:property category="config" collectionType="vector" databaseType="DEFAULT" default="L2CP_DRAFT_00" displayName="ANCP Version" format="number" id="0x2900A009" idlMapped="true" ilMapped="true" isComposite="false" isDataStream="false" isDeprecated="false" isInternal="false" isReadOnly="false" maxOccurs="1" minOccurs="1" name="AncpVersion" noSave="false" nullable="false" onModifyNotifyMode="periodic" precision="" replaces="" type="u8">
      <stc:enumerationRef ref="EnumAncpVersion" />
    </stc:property>

    <stc:property category="config" collectionType="vector" databaseType="DEFAULT" default="1" displayName="Loop blocks per Access Node" format="number" id="0x2900A00A" idlMapped="true" ilMapped="true" isComposite="false" isDataStream="false" isDeprecated="false" isInternal="false" isReadOnly="false" maxOccurs="1" minOccurs="1" name="BlocksPerNode" noSave="false" nullable="false" onModifyNotifyMode="periodic" precision="" replaces="" type="u32">
      <stc:numericValidation errorMsg="Please enter a valid number" maxInclusive="4095" minInclusive="1" />
    </stc:property>

    <stc:property category="config" collectionType="vector" databaseType="DEFAULT" default="1" displayName="Starting block index" format="number" id="0x2900A00B" idlMapped="true" ilMapped="true" isComposite="false" isDataStream="false" isDeprecated="false" isInternal="false" isReadOnly="false" maxOccurs="1" minOccurs="1" name="BlockIndexStart" noSave="false" nullable="false" onModifyNotifyMode="periodic" precision="" replaces="" type="u32">
      <stc:numericValidation errorMsg="Please enter a valid number" maxInclusive="4294967295" minInclusive="0" />
    </stc:property>

    <stc:property category="config" collectionType="vector" databaseType="DEFAULT" default="true" displayName="Replace session block index" format="number" id="0x2900A00C" idlMapped="true" ilMapped="true" isComposite="false" isDataStream="false" isDeprecated="false" isInternal="false" isReadOnly="false" maxOccurs="1" minOccurs="1" name="ReplaceSessionBlockWildcard" noSave="false" nullable="false" onModifyNotifyMode="periodic" precision="" replaces="" type="bool">
    </stc:property>

  </stc:class>

  
  
  
  <stc:class baseClass="framework.Scriptable" canCreate="true" id="0x2900B000" idlMapped="na" ilMapped="na" isInternal="false" isReadOnly="false" isSingleton="false" name="AncpAccessLoopGenSubscriberParams" noSave="false" profile="ancp">

    
    <stc:relation allowDuplicate="false" dstClassRef="AncpAccessLoopGenSubscriberParams" dstName="none" embedDstInIlClass="false" embedSrcInIlClass="false" id="0x2900B001" isInternal="false" maxOccurs="unbounded" minOccurs="0" name="ParentParams" order="sequenced" srcClassRef="AncpAccessLoopGenParams" srcName="none" type="framework.ParentChild" />

    <stc:relation allowDuplicate="false" dstClassRef="core.EmulatedDevice" dstName="none" embedDstInIlClass="false" embedSrcInIlClass="false" id="0x2900B002" isInternal="false" maxOccurs="unbounded" minOccurs="0" name="AccessNode" order="sequenced" srcClassRef="AncpAccessLoopGenSubscriberParams" srcName="none" type="access.ancp.AffiliatedAncpAccessNode" />

    
    <stc:property category="config" collectionType="vector" databaseType="DEFAULT" default="2" displayName="Number of VLAN Tags in Stack" format="number" id="0x2900B003" idlMapped="true" ilMapped="true" isComposite="false" isDataStream="false" isDeprecated="false" isInternal="false" isReadOnly="false" maxOccurs="1" minOccurs="1" name="NumVlanTagsInStack" noSave="false" nullable="false" onModifyNotifyMode="periodic" precision="" replaces="" type="u32">
      <stc:numericValidation errorMsg="Please enter a valid number" maxInclusive="9" minInclusive="0" />
    </stc:property>

    <stc:property category="config" collectionType="vector" databaseType="DEFAULT" default="1" displayName="Subscriber VLAN Count" format="number" id="0x2900B004" idlMapped="true" ilMapped="true" isComposite="false" isDataStream="false" isDeprecated="false" isInternal="false" isReadOnly="false" maxOccurs="1" minOccurs="1" name="SubscriberVlanCount" noSave="false" nullable="false" onModifyNotifyMode="periodic" precision="" replaces="" type="u32">
      <stc:numericValidation errorMsg="Please enter a valid number" maxInclusive="4095" minInclusive="1" />
    </stc:property>

    <stc:property category="config" collectionType="vector" databaseType="DEFAULT" default="100" displayName="Subscriber VLAN ID" format="number" id="0x2900B005" idlMapped="true" ilMapped="true" isComposite="false" isDataStream="false" isDeprecated="false" isInternal="false" isReadOnly="false" maxOccurs="1" minOccurs="1" name="SubscriberVlanId" noSave="false" nullable="false" onModifyNotifyMode="periodic" precision="" replaces="" type="u16">
      <stc:numericValidation errorMsg="Please enter a valid number" maxInclusive="4095" minInclusive="0" />
    </stc:property>

    <stc:property category="config" collectionType="vector" databaseType="DEFAULT" default="1" displayName="Subscriber VLAN ID Step" format="number" id="0x2900B006" idlMapped="true" ilMapped="true" isComposite="false" isDataStream="false" isDeprecated="false" isInternal="false" isReadOnly="false" maxOccurs="1" minOccurs="1" name="SubscriberVlanIdStep" noSave="false" nullable="false" onModifyNotifyMode="periodic" precision="" replaces="" type="u16">
      <stc:numericValidation errorMsg="Please enter a valid number" maxInclusive="4095" minInclusive="0" />
    </stc:property>

    <stc:property category="config" collectionType="vector" databaseType="DEFAULT" default="1" displayName="Subscriber VPI Count" format="number" id="0x2900B007" idlMapped="true" ilMapped="true" isComposite="false" isDataStream="false" isDeprecated="false" isInternal="false" isReadOnly="false" maxOccurs="1" minOccurs="1" name="SubscriberVpiCount" noSave="false" nullable="false" onModifyNotifyMode="periodic" precision="" replaces="" type="u16">
      <stc:numericValidation errorMsg="Please enter a valid number" maxInclusive="4095" minInclusive="1" />
    </stc:property>

    <stc:property category="config" collectionType="vector" databaseType="DEFAULT" default="0" displayName="Subscriber VPI" format="number" id="0x2900B008" idlMapped="true" ilMapped="true" isComposite="false" isDataStream="false" isDeprecated="false" isInternal="false" isReadOnly="false" maxOccurs="1" minOccurs="1" name="SubscriberVpi" noSave="false" nullable="false" onModifyNotifyMode="periodic" precision="" replaces="" type="u16">
      <stc:numericValidation errorMsg="Please enter a valid number" maxInclusive="4095" minInclusive="0" />
    </stc:property>

    <stc:property category="config" collectionType="vector" databaseType="DEFAULT" default="1" displayName="Subscriber VPI Step" format="number" id="0x2900B009" idlMapped="true" ilMapped="true" isComposite="false" isDataStream="false" isDeprecated="false" isInternal="false" isReadOnly="false" maxOccurs="1" minOccurs="1" name="SubscriberVpiStep" noSave="false" nullable="false" onModifyNotifyMode="periodic" precision="" replaces="" type="u16">
      <stc:numericValidation errorMsg="Please enter a valid number" maxInclusive="4095" minInclusive="0" />
    </stc:property>

    <stc:property category="config" collectionType="vector" databaseType="DEFAULT" default="1" displayName="Subscriber VCI Count" format="number" id="0x2900B00A" idlMapped="true" ilMapped="true" isComposite="false" isDataStream="false" isDeprecated="false" isInternal="false" isReadOnly="false" maxOccurs="1" minOccurs="1" name="SubscriberVciCount" noSave="false" nullable="false" onModifyNotifyMode="periodic" precision="" replaces="" type="u16">
      <stc:numericValidation errorMsg="Please enter a valid number" maxInclusive="65535" minInclusive="1" />
    </stc:property>

    <stc:property category="config" collectionType="vector" databaseType="DEFAULT" default="0" displayName="Subscriber VCI" format="number" id="0x2900B00B" idlMapped="true" ilMapped="true" isComposite="false" isDataStream="false" isDeprecated="false" isInternal="false" isReadOnly="false" maxOccurs="1" minOccurs="1" name="SubscriberVci" noSave="false" nullable="false" onModifyNotifyMode="periodic" precision="" replaces="" type="u16">
      <stc:numericValidation errorMsg="Please enter a valid number" maxInclusive="65535" minInclusive="0" />
    </stc:property>

    <stc:property category="config" collectionType="vector" databaseType="DEFAULT" default="1" displayName="Subscriber VCI Step" format="number" id="0x2900B00C" idlMapped="true" ilMapped="true" isComposite="false" isDataStream="false" isDeprecated="false" isInternal="false" isReadOnly="false" maxOccurs="1" minOccurs="1" name="SubscriberVciStep" noSave="false" nullable="false" onModifyNotifyMode="periodic" precision="" replaces="" type="u16">
      <stc:numericValidation errorMsg="Please enter a valid number" maxInclusive="65535" minInclusive="0" />
    </stc:property>

    <stc:property category="config" collectionType="vector" databaseType="DEFAULT" default="1" displayName="Subscriber Count" format="number" id="0x2900B00D" idlMapped="true" ilMapped="true" isComposite="false" isDataStream="false" isDeprecated="false" isInternal="false" isReadOnly="false" maxOccurs="1" minOccurs="1" name="SubscriberCount" noSave="false" nullable="false" onModifyNotifyMode="periodic" precision="" replaces="" type="u32">
      <stc:numericValidation errorMsg="Please enter a valid number" maxInclusive="32768" minInclusive="1" />
    </stc:property>

    <stc:property category="config" collectionType="vector" databaseType="DEFAULT" default="00:10:94:00:00:02" displayName="Subscriber MAC Address" format="number" id="0x2900B00E" idlMapped="true" ilMapped="true" isComposite="false" isDataStream="false" isDeprecated="false" isInternal="false" isReadOnly="false" maxOccurs="1" minOccurs="1" name="SubscriberMac" noSave="false" nullable="false" onModifyNotifyMode="periodic" precision="" replaces="" type="mac" />

    <stc:property category="config" collectionType="vector" databaseType="DEFAULT" default="00:00:00:00:00:01" displayName="Subscriber MAC Step" format="number" id="0x2900B00F" idlMapped="true" ilMapped="true" isComposite="false" isDataStream="false" isDeprecated="false" isInternal="false" isReadOnly="false" maxOccurs="1" minOccurs="1" name="SubscriberMacStep" noSave="false" nullable="false" onModifyNotifyMode="periodic" precision="" replaces="" type="mac" />

    <stc:property category="config" collectionType="vector" databaseType="DEFAULT" default="24" displayName="Subscriber IP Prefix Length" format="number" id="0x2900B010" idlMapped="true" ilMapped="true" isComposite="false" isDataStream="false" isDeprecated="false" isInternal="false" isReadOnly="false" maxOccurs="1" minOccurs="1" name="SubscriberIpv4PrefixLength" noSave="false" nullable="false" onModifyNotifyMode="periodic" precision="" replaces="" type="u8">
      <stc:numericValidation errorMsg="Please enter a valid number" maxInclusive="32" minInclusive="1" />
    </stc:property>

    <stc:property category="config" collectionType="vector" databaseType="DEFAULT" default="192.0.0.2" displayName="Subscriber IPv4" format="number" id="0x2900B011" idlMapped="true" ilMapped="true" isComposite="false" isDataStream="false" isDeprecated="false" isInternal="false" isReadOnly="false" maxOccurs="1" minOccurs="1" name="SubscriberIpv4Addr" noSave="false" nullable="false" onModifyNotifyMode="periodic" precision="" replaces="" type="ip">
    </stc:property>

    <stc:property category="config" collectionType="vector" databaseType="DEFAULT" default="0.0.0.1" displayName="Subscriber IPv4 Step" format="number" id="0x2900B012" idlMapped="true" ilMapped="true" isComposite="false" isDataStream="false" isDeprecated="false" isInternal="false" isReadOnly="false" maxOccurs="1" minOccurs="1" name="SubscriberIpv4AddrStep" noSave="false" nullable="false" onModifyNotifyMode="periodic" precision="" replaces="" type="ip">
    </stc:property>

    <stc:property category="config" collectionType="vector" databaseType="DEFAULT" default="192.0.0.1" displayName="Subscriber IPv4 Gateway" format="number" id="0x2900B013" idlMapped="true" ilMapped="true" isComposite="false" isDataStream="false" isDeprecated="false" isInternal="false" isReadOnly="false" maxOccurs="1" minOccurs="1" name="SubscriberIpv4Gateway" noSave="false" nullable="false" onModifyNotifyMode="periodic" precision="" replaces="" type="ip">
    </stc:property>

    <stc:property category="config" collectionType="vector" databaseType="DEFAULT" default="true" displayName="Use Access Node as Relay Agent" format="number" id="0x2900B014" idlMapped="true" ilMapped="true" isComposite="false" isDataStream="false" isDeprecated="false" isInternal="true" isReadOnly="false" maxOccurs="1" minOccurs="1" name="UseAccessNodeAsRelayAgent" noSave="true" nullable="false" onModifyNotifyMode="periodic" precision="" replaces="" type="bool">
    </stc:property>

    <stc:property category="config" collectionType="vector" databaseType="DEFAULT" default="00:10:94:10:00:02" displayName="Relay Agent MAC Address" format="number" id="0x2900B015" idlMapped="true" ilMapped="true" isComposite="false" isDataStream="false" isDeprecated="false" isInternal="true" isReadOnly="false" maxOccurs="1" minOccurs="1" name="RelayAgentMac" noSave="true" nullable="false" onModifyNotifyMode="periodic" precision="" replaces="" type="mac">
    </stc:property>

    <stc:property category="config" collectionType="vector" databaseType="DEFAULT" default="0.0.0.0" displayName="Relay Agent Local IP" format="number" id="0x2900B016" idlMapped="true" ilMapped="true" isComposite="false" isDataStream="false" isDeprecated="false" isInternal="true" isReadOnly="false" maxOccurs="1" minOccurs="1" name="RelayAgentIpv4Addr" noSave="true" nullable="false" onModifyNotifyMode="periodic" precision="" replaces="" type="ip">
    </stc:property>

    <stc:property category="config" collectionType="vector" databaseType="DEFAULT" default="0.0.0.0" displayName="Relay Agent Server IP" format="number" id="0x2900B017" idlMapped="true" ilMapped="true" isComposite="false" isDataStream="false" isDeprecated="false" isInternal="true" isReadOnly="false" maxOccurs="1" minOccurs="1" name="RelayServerIpv4Addr" noSave="true" nullable="false" onModifyNotifyMode="periodic" precision="" replaces="" type="ip">
    </stc:property>

    <stc:property category="config" collectionType="vector" databaseType="DEFAULT" default="0.0.0.0" displayName="Relay Agent Pool IP" format="number" id="0x2900B018" idlMapped="true" ilMapped="true" isComposite="false" isDataStream="false" isDeprecated="false" isInternal="true" isReadOnly="false" maxOccurs="1" minOccurs="1" name="RelayPoolIpv4Addr" noSave="true" nullable="false" onModifyNotifyMode="periodic" precision="" replaces="" type="ip">
    </stc:property>

  </stc:class>


  
  <stc:class baseClass="framework.Command" canCreate="true" id="0x2900C000" idlMapped="na" ilMapped="na" isInternal="false" isReadOnly="false" isSingleton="false" name="AncpAccessLoopGenConfigExpandCommand" noSave="false" profile="ancp">

    <stc:enumeration idlMapped="true" ilMapped="true" isFlags="false" name="EnumYesNoPrompt">
      <stc:enum displayName="Prompt user" idlMapped="true" ilMapped="true" name="PROMPT" value="0" />
      <stc:enum displayName="Yes" idlMapped="true" ilMapped="true" name="YES" value="1" />
      <stc:enum displayName="No" idlMapped="true" ilMapped="true" name="NO" value="2" />
    </stc:enumeration>

    <stc:property category="config" collectionType="vector" databaseType="DEFAULT" default="PROMPT" displayName="Clear existing configuration." format="number" id="0x2900C001" idlMapped="true" ilMapped="true" isComposite="false" isDataStream="false" isDeprecated="false" isInternal="false" isReadOnly="false" maxOccurs="1" minOccurs="1" name="ClearExisting" noSave="false" nullable="false" onModifyNotifyMode="periodic" precision="" replaces="" type="u8">
      <stc:enumerationRef ref="EnumYesNoPrompt" />
    </stc:property>

    
    <stc:property category="input" collectionType="vector" databaseType="DEFAULT" default="0" displayName="AncpAccessLoopGenParams" format="number" id="0x2900C002" idlMapped="true" ilMapped="true" isComposite="false" isDataStream="false" isDeprecated="false" isInternal="false" isReadOnly="false" maxOccurs="1" minOccurs="1" name="GenParams" noSave="false" nullable="false" onModifyNotifyMode="none" precision="" replaces="" type="handle" />

    <stc:property category="config" collectionType="vector" databaseType="DEFAULT" default="false" displayName="Expand using EmulatedDevice objects" format="number" id="0x2900C003" idlMapped="true" ilMapped="true" isComposite="false" isDataStream="false" isDeprecated="false" isInternal="false" isReadOnly="false" maxOccurs="1" minOccurs="1" name="UseEmulatedDeviceType" noSave="false" nullable="false" onModifyNotifyMode="periodic" precision="" replaces="" type="bool" />

  </stc:class>

  
  <stc:class baseClass="routing.vpn.VpnGenCeDeviceParams" canCreate="true" id="0x2900D000" idlMapped="na" ilMapped="na" isInternal="false" isReadOnly="false" isSingleton="false" name="AccessVplsGenCeDeviceParams" noSave="false" profile="accesstest">

  </stc:class>

  
  <stc:class baseClass="routing.vpn.VpnGenExtensionParams" canCreate="true" id="0x2900E000" idlMapped="na" ilMapped="na" isInternal="false" isReadOnly="false" isSingleton="false" name="AccessVplsGenParams" noSave="false" profile="accesstest">

    
    <stc:relation allowDuplicate="false" dstClassRef="AccessVplsGenParams" dstName="none" embedDstInIlClass="false" embedSrcInIlClass="false" id="0x2900E001" isInternal="false" maxOccurs="unbounded" minOccurs="0" name="ParentLdpVplsParams" order="sequenced" srcClassRef="routing.vpn.VpnLdpVplsGenParams" srcName="none" type="framework.ParentChild" />

    
    <stc:relation allowDuplicate="false" dstClassRef="AccessVplsGenParams" dstName="none" embedDstInIlClass="false" embedSrcInIlClass="false" id="0x2900E002" isInternal="false" maxOccurs="unbounded" minOccurs="0" name="ParentBgpVplsParams" order="sequenced" srcClassRef="routing.vpn.VpnBgpVplsGenParams" srcName="none" type="framework.ParentChild" />

  </stc:class>

  <stc:commandTarget command="AccessConcentratorGenConfigExpandCommand" default="true" target="AccessConcentratorGenParams" />

  <stc:commandTarget command="AccessTestGenConfigExpandCommand" default="true" target="AccessTestGenParams" />

  <stc:commandTarget command="AccessTestGenUpdateAvailablePortsCommand" default="false" target="AccessTestGenParams" />

</stc:meta>