<stc:meta xmlns:stc="urn:www.spirentcom.com:XMLSchema.xsd" id="0x09000000" package="learning" plugin="arp" version="0.0.0-0">

  

  
  

  
    
  <stc:class baseClass="framework.Scriptable" canCreate="true" id="0x09001000" idlMapped="na" ilMapped="na" isInternal="false" isReadOnly="false" isSingleton="false" name="L2LearningConfig" noSave="false" profile="core">

    
    <stc:relation allowDuplicate="false" dstClassRef="L2LearningConfig" dstName="none" embedDstInIlClass="false" embedSrcInIlClass="false" id="0x09001001" isInternal="false" maxOccurs="1" minOccurs="1" name="ParentProject" order="sequenced" srcClassRef="framework.Project" srcName="none" type="framework.ParentChild" />

    
    <stc:enumeration idlMapped="true" ilMapped="true" isFlags="false" name="EnumL2FrameSizeType">
      <stc:enum displayName="Same As Stream" idlMapped="true" ilMapped="true" name="SAME_AS_STREAM" value="0" />
      <stc:enum displayName="Fixed" idlMapped="true" ilMapped="true" name="FIXED" value="1" />
    </stc:enumeration>
  
    
    <stc:enumeration idlMapped="true" ilMapped="true" isFlags="false" name="EnumEncapOption">
      <stc:enum displayName="Use Tx Encap" idlMapped="true" ilMapped="true" name="USE_TX_ENCAP" value="0" />
      <stc:enum displayName="None" idlMapped="true" ilMapped="true" name="NONE" value="1" />
    </stc:enumeration>

    
    
    <stc:property category="config" collectionType="vector" databaseType="DEFAULT" default="1000" displayName="Rate (fps)" format="number" id="0x09001002" idlMapped="true" ilMapped="true" isComposite="false" isDataStream="false" isDeprecated="false" isInternal="false" isReadOnly="false" maxOccurs="1" minOccurs="1" name="Rate" noSave="false" nullable="false" onModifyNotifyMode="periodic" precision="" replaces="" type="u32" />

    
    <stc:property category="config" collectionType="vector" databaseType="DEFAULT" default="3" displayName="Repeat Count" format="number" id="0x09001003" idlMapped="true" ilMapped="true" isComposite="false" isDataStream="false" isDeprecated="false" isInternal="false" isReadOnly="false" maxOccurs="1" minOccurs="1" name="RepeatCount" noSave="false" nullable="false" onModifyNotifyMode="periodic" precision="" replaces="" type="u32" />

    
    <stc:property category="config" collectionType="vector" databaseType="DEFAULT" default="1" displayName="Learning Start Delay" format="number" id="0x09001004" idlMapped="true" ilMapped="true" isComposite="false" isDataStream="false" isDeprecated="false" isInternal="false" isReadOnly="false" maxOccurs="1" minOccurs="1" name="LearningStartDelay" noSave="false" nullable="false" onModifyNotifyMode="periodic" precision="" replaces="" type="u32" />

    
    <stc:property category="internal" collectionType="vector" databaseType="DEFAULT" default="false" displayName="Send Verification" format="number" id="0x09001005" idlMapped="true" ilMapped="true" isComposite="false" isDataStream="false" isDeprecated="true" isInternal="true" isReadOnly="false" maxOccurs="1" minOccurs="1" name="EnableVerification" noSave="true" nullable="false" onModifyNotifyMode="periodic" precision="" replaces="" type="bool" />

    
    <stc:property category="internal" collectionType="vector" databaseType="DEFAULT" default="10" displayName="Frame Count" format="number" id="0x09001006" idlMapped="true" ilMapped="true" isComposite="false" isDataStream="false" isDeprecated="true" isInternal="true" isReadOnly="false" maxOccurs="1" minOccurs="1" name="VerificationFrameCount" noSave="true" nullable="false" onModifyNotifyMode="periodic" precision="" replaces="" type="u32">
      <stc:condition operator="equal" property="EnableVerification" type="editable" value="true" />
    </stc:property>

    
    <stc:property category="internal" collectionType="vector" databaseType="DEFAULT" default="10000" displayName="Rate (fps)" format="number" id="0x09001007" idlMapped="true" ilMapped="true" isComposite="false" isDataStream="false" isDeprecated="true" isInternal="true" isReadOnly="false" maxOccurs="1" minOccurs="1" name="VerificationFrameRate" noSave="true" nullable="false" onModifyNotifyMode="periodic" precision="" replaces="" type="u32">
      <stc:condition operator="equal" property="EnableVerification" type="editable" value="true" />
    </stc:property>

    
    <stc:property category="config" collectionType="vector" databaseType="DEFAULT" default="SAME_AS_STREAM" displayName="L2 Frame Size" format="number" id="0x09001008" idlMapped="true" ilMapped="true" isComposite="false" isDataStream="false" isDeprecated="false" isInternal="false" isReadOnly="false" maxOccurs="1" minOccurs="1" name="L2FrameSize" noSave="false" nullable="false" onModifyNotifyMode="periodic" precision="" replaces="" type="u8">
      <stc:enumerationRef ref="EnumL2FrameSizeType" />
    </stc:property>

    
    <stc:property category="config" collectionType="vector" databaseType="DEFAULT" default="128" displayName="Fixed" format="number" id="0x09001009" idlMapped="true" ilMapped="true" isComposite="false" isDataStream="false" isDeprecated="false" isInternal="false" isReadOnly="false" maxOccurs="1" minOccurs="1" name="L2FrameSizeFixed" noSave="false" nullable="false" onModifyNotifyMode="periodic" precision="" replaces="" type="u32">
      
    </stc:property>

    
    <stc:property category="config" collectionType="vector" databaseType="DEFAULT" default="USE_TX_ENCAP" displayName="Use Tx Encap" format="number" id="0x0900100A" idlMapped="true" ilMapped="true" isComposite="false" isDataStream="false" isDeprecated="false" isInternal="false" isReadOnly="false" maxOccurs="1" minOccurs="1" name="EncapOption" noSave="false" nullable="false" onModifyNotifyMode="periodic" precision="" replaces="" type="u8">
      <stc:enumerationRef ref="EnumEncapOption" />
    </stc:property>
    
  </stc:class>
 
  
  <stc:class baseClass="framework.Scriptable" canCreate="true" id="0x09002000" idlMapped="na" ilMapped="na" isInternal="false" isReadOnly="false" isSingleton="false" name="ArpNdConfig" noSave="false" profile="core">

    
    <stc:relation allowDuplicate="false" dstClassRef="ArpNdConfig" dstName="none" embedDstInIlClass="false" embedSrcInIlClass="false" id="0x09002001" isInternal="false" maxOccurs="1" minOccurs="1" name="ParentProject" order="sequenced" srcClassRef="framework.Project" srcName="none" type="framework.ParentChild" />
    
    
    
    
    <stc:enumeration idlMapped="true" ilMapped="true" isFlags="false" name="EnumArpMode">
      <stc:enum displayName="Arp on all streams" idlMapped="true" ilMapped="true" name="ARP_MODE_STREAM" value="0" />
      <stc:enum displayName="Arp on one ip config interface" idlMapped="true" ilMapped="true" name="ARP_MODE_IP_CONFIG" value="1" />
      <stc:enum displayName="Arp on all interfaces" idlMapped="true" ilMapped="true" name="ARP_MODE_IP_CONFIG_AND_VLAN" value="2" /> 
    </stc:enumeration>
   
    
    <stc:property category="config" collectionType="vector" databaseType="DEFAULT" default="250" displayName="Rate" format="number" id="0x09002002" idlMapped="true" ilMapped="true" isComposite="false" isDataStream="false" isDeprecated="false" isInternal="false" isReadOnly="false" maxOccurs="1" minOccurs="1" name="LearningRate" noSave="false" nullable="false" onModifyNotifyMode="periodic" precision="" replaces="" type="u32" />

    
    <stc:property category="config" collectionType="vector" databaseType="DEFAULT" default="16" displayName="Max Burst" format="number" id="0x09002003" idlMapped="true" ilMapped="true" isComposite="false" isDataStream="false" isDeprecated="false" isInternal="false" isReadOnly="false" maxOccurs="1" minOccurs="1" name="MaxBurst" noSave="false" nullable="false" onModifyNotifyMode="periodic" precision="" replaces="" type="u32" />

    
    <stc:property category="config" collectionType="vector" databaseType="DEFAULT" default="true" displayName="Enable Cyclic ARP" format="number" id="0x09002004" idlMapped="true" ilMapped="true" isComposite="false" isDataStream="false" isDeprecated="false" isInternal="false" isReadOnly="false" maxOccurs="1" minOccurs="1" name="EnableCyclicArp" noSave="false" nullable="false" onModifyNotifyMode="periodic" precision="" replaces="" type="bool" />

    
    <stc:property category="config" collectionType="vector" databaseType="DEFAULT" default="true" displayName="Duplicate Gateway Detection" format="number" id="0x09002005" idlMapped="true" ilMapped="true" isComposite="false" isDataStream="false" isDeprecated="false" isInternal="false" isReadOnly="false" maxOccurs="1" minOccurs="1" name="DuplicateGatewayDetection" noSave="false" nullable="false" onModifyNotifyMode="periodic" precision="" replaces="" type="bool" />

    
    <stc:property category="config" collectionType="vector" databaseType="DEFAULT" default="3" displayName="Retry Count" format="number" id="0x09002006" idlMapped="true" ilMapped="true" isComposite="false" isDataStream="false" isDeprecated="false" isInternal="false" isReadOnly="false" maxOccurs="1" minOccurs="1" name="RetryCount" noSave="false" nullable="false" onModifyNotifyMode="periodic" precision="" replaces="" type="u32">
      <stc:numericValidation errorMsg="Please enter a valid number" maxInclusive="100" minInclusive="0" />      
    </stc:property>
    
    
    <stc:property category="config" collectionType="vector" databaseType="DEFAULT" default="1000" displayName="Time Out" format="number" id="0x09002007" idlMapped="true" ilMapped="true" isComposite="false" isDataStream="false" isDeprecated="false" isInternal="false" isReadOnly="false" maxOccurs="1" minOccurs="1" name="TimeOut" noSave="false" nullable="false" onModifyNotifyMode="periodic" precision="" replaces="" type="u32" />
    
    
    <stc:property category="config" collectionType="vector" databaseType="DEFAULT" default="false" displayName="Reply With Unique MAC Address" format="number" id="0x09002008" idlMapped="true" ilMapped="true" isComposite="false" isDataStream="false" isDeprecated="false" isInternal="false" isReadOnly="false" maxOccurs="1" minOccurs="1" name="EnableUniqueMacAddrInReply" noSave="false" nullable="false" onModifyNotifyMode="periodic" precision="" replaces="" type="bool" />

    
    <stc:property category="config" collectionType="vector" databaseType="DEFAULT" default="2222" displayName="Unique MAC Pattern" format="number" id="0x09002009" idlMapped="true" ilMapped="true" isComposite="false" isDataStream="false" isDeprecated="false" isInternal="false" isReadOnly="false" maxOccurs="1" minOccurs="1" name="EnableUniqueMacPattern" noSave="false" nullable="false" onModifyNotifyMode="periodic" precision="" replaces="" type="u16">
      <stc:condition operator="equal" property="EnableUniqueMacAddrInReply" type="editable" value="1" />
    </stc:property>

    
    <stc:property category="config" collectionType="vector" databaseType="DEFAULT" default="true" displayName="Allow Gratuitous Arp Request" format="number" id="0x0900200A" idlMapped="true" ilMapped="true" isComposite="false" isDataStream="false" isDeprecated="false" isInternal="false" isReadOnly="false" maxOccurs="1" minOccurs="1" name="ProcessGratuitousArpRequests" noSave="false" nullable="false" onModifyNotifyMode="periodic" precision="" replaces="" type="bool" />

    
    <stc:property category="config" collectionType="vector" databaseType="DEFAULT" default="false" displayName="Update Dest MAC from Received non-Gratuitous Arp Requests" format="number" id="0x0900200B" idlMapped="true" ilMapped="true" isComposite="false" isDataStream="false" isDeprecated="false" isInternal="false" isReadOnly="false" maxOccurs="1" minOccurs="1" name="UpdateDestMacUponNonGratuitousArpRequestsReceived" noSave="false" nullable="false" onModifyNotifyMode="periodic" precision="" replaces="" type="bool" />

    
    <stc:property category="config" collectionType="vector" databaseType="DEFAULT" default="true" displayName="Allow Unsolicited Arp Replies" format="number" id="0x0900200C" idlMapped="true" ilMapped="true" isComposite="false" isDataStream="false" isDeprecated="false" isInternal="false" isReadOnly="false" maxOccurs="1" minOccurs="1" name="ProcessUnsolicitedArpReplies" noSave="false" nullable="false" onModifyNotifyMode="periodic" precision="" replaces="" type="bool" />

    
    <stc:property category="config" collectionType="vector" databaseType="DEFAULT" default="false" displayName="Send Arp before transmission" format="number" id="0x0900200D" idlMapped="true" ilMapped="true" isComposite="false" isDataStream="false" isDeprecated="false" isInternal="false" isReadOnly="false" maxOccurs="1" minOccurs="1" name="EnableAutoArp" noSave="false" nullable="false" onModifyNotifyMode="periodic" precision="" replaces="" type="bool">
    </stc:property>
    
	
    <stc:property category="config" collectionType="vector" databaseType="DEFAULT" default="false" displayName="Use configured gateway MAC address" format="number" id="0x0900200E" idlMapped="true" ilMapped="true" isComposite="false" isDataStream="false" isDeprecated="false" isInternal="false" isReadOnly="false" maxOccurs="1" minOccurs="1" name="ApplyConfiguredGatewayMac" noSave="false" nullable="false" onModifyNotifyMode="periodic" precision="" replaces="" type="bool">
    </stc:property>

    
    <stc:property category="config" collectionType="vector" databaseType="DEFAULT" default="false" displayName="Set ARP/ND No Expire" format="number" id="0x0900200F" idlMapped="true" ilMapped="true" isComposite="false" isDataStream="false" isDeprecated="false" isInternal="false" isReadOnly="false" maxOccurs="1" minOccurs="1" name="SetArpNdNoExpire" noSave="false" nullable="false" onModifyNotifyMode="periodic" precision="" replaces="" type="bool">
    </stc:property>
    
    
    <stc:property category="internal" collectionType="vector" databaseType="DEFAULT" default="false" displayName="Send Verification" format="number" id="0x09002010" idlMapped="true" ilMapped="true" isComposite="false" isDataStream="false" isDeprecated="false" isInternal="true" isReadOnly="false" maxOccurs="1" minOccurs="1" name="EnableVerification" noSave="true" nullable="false" onModifyNotifyMode="periodic" precision="" replaces="" type="bool" />

        
    <stc:property category="internal" collectionType="vector" databaseType="DEFAULT" default="10" displayName="Frame Count" format="number" id="0x09002011" idlMapped="true" ilMapped="true" isComposite="false" isDataStream="false" isDeprecated="false" isInternal="true" isReadOnly="false" maxOccurs="1" minOccurs="1" name="VerificationFrameCount" noSave="true" nullable="false" onModifyNotifyMode="periodic" precision="" replaces="" type="u32">
      <stc:condition operator="equal" property="EnableVerification" type="editable" value="true" />
    </stc:property>

    
    <stc:property category="internal" collectionType="vector" databaseType="DEFAULT" default="10000" displayName="Rate (fps)" format="number" id="0x09002012" idlMapped="true" ilMapped="true" isComposite="false" isDataStream="false" isDeprecated="false" isInternal="true" isReadOnly="false" maxOccurs="1" minOccurs="1" name="VerificationFrameRate" noSave="true" nullable="false" onModifyNotifyMode="periodic" precision="" replaces="" type="u32">
      <stc:condition operator="equal" property="EnableVerification" type="editable" value="true" />
    </stc:property>

    
    <stc:property category="internal" collectionType="vector" databaseType="DEFAULT" default="ARP_MODE_STREAM" displayName="Arp Mode" format="number" id="0x09002013" idlMapped="true" ilMapped="true" isComposite="false" isDataStream="false" isDeprecated="true" isInternal="true" isReadOnly="false" maxOccurs="1" minOccurs="1" name="ArpMode" noSave="true" nullable="false" onModifyNotifyMode="periodic" precision="" replaces="" type="u8">
      <stc:enumerationRef ref="EnumArpMode" />
    </stc:property>

    
    <stc:property category="config" collectionType="vector" databaseType="DEFAULT" default="true" displayName="Ignore ArpNd Failures" format="number" id="0x09002014" idlMapped="true" ilMapped="true" isComposite="false" isDataStream="false" isDeprecated="false" isInternal="false" isReadOnly="false" maxOccurs="1" minOccurs="1" name="IgnoreFailures" noSave="false" nullable="false" onModifyNotifyMode="periodic" precision="" replaces="" type="bool" />
    
    
    <stc:property category="config" collectionType="vector" databaseType="DEFAULT" default="false" displayName="Use LinkLocal Address as ND source address" format="number" id="0x09002015" idlMapped="true" ilMapped="true" isComposite="false" isDataStream="false" isDeprecated="false" isInternal="false" isReadOnly="false" maxOccurs="1" minOccurs="1" name="UseLinkLocalAddrForNeighborDiscovery" noSave="false" nullable="false" onModifyNotifyMode="periodic" precision="" replaces="" type="bool" />

    
    <stc:property category="config" collectionType="vector" databaseType="DEFAULT" default="false" displayName="Use Configured LinkLocal Address as ND source address" format="number" id="0x09002016" idlMapped="true" ilMapped="true" isComposite="false" isDataStream="false" isDeprecated="false" isInternal="false" isReadOnly="false" maxOccurs="1" minOccurs="1" name="UseConfiguredLinkLocalAddrForNeighborDiscovery" noSave="false" nullable="false" onModifyNotifyMode="periodic" precision="" replaces="" type="bool" />				  

    
    <stc:property category="config" collectionType="vector" databaseType="DEFAULT" default="false" displayName="Use link layer cache inside USS" format="number" id="0x09002017" idlMapped="true" ilMapped="true" isComposite="false" isDataStream="false" isDeprecated="false" isInternal="false" isReadOnly="false" maxOccurs="1" minOccurs="1" name="UseLinklayerCacheInStack" noSave="false" nullable="false" onModifyNotifyMode="periodic" precision="" replaces="" type="bool" />	
    
    <stc:property category="config" collectionType="vector" databaseType="DEFAULT" default="false" displayName="Use gateway for target" format="number" id="0x09002018" idlMapped="true" ilMapped="true" isComposite="false" isDataStream="false" isDeprecated="false" isInternal="false" isReadOnly="false" maxOccurs="1" minOccurs="1" name="UseGatewayForTarget" noSave="false" nullable="false" onModifyNotifyMode="periodic" precision="" replaces="" type="bool" />
    
  </stc:class>

  
  
  
  <stc:class baseClass="framework.Result" canCreate="true" id="0x09003000" idlMapped="na" ilMapped="na" isInternal="false" isReadOnly="false" isSingleton="false" name="ArpNdResults" noSave="false" profile="none">

    
    <stc:relation allowDuplicate="false" dstClassRef="ArpNdResults" dstName="none" embedDstInIlClass="false" embedSrcInIlClass="false" id="0x09003001" isInternal="false" maxOccurs="1" minOccurs="0" name="ParentPort" order="sequenced" srcClassRef="core.Port" srcName="none" type="framework.ParentChild" />

    <stc:relation allowDuplicate="false" dstClassRef="ArpNdResults" dstName="ResultChild" embedDstInIlClass="false" embedSrcInIlClass="false" id="0x09003002" isInternal="false" maxOccurs="unbounded" minOccurs="0" name="ResultParentPort" order="sequenced" srcClassRef="core.Port" srcName="ResultParent" type="framework.ResultChild" />

    
    
    <stc:property category="result" collectionType="vector" databaseType="DEFAULT" default="0" displayName="ARP Replies Sent" format="number" id="0x09003003" idlMapped="true" ilMapped="true" isComposite="false" isDataStream="false" isDeprecated="false" isInternal="false" isReadOnly="true" maxOccurs="1" minOccurs="1" name="TxArpReplyCount" noSave="true" nullable="false" onModifyNotifyMode="periodic" precision="" replaces="" type="u32" />
    <stc:property category="result" collectionType="vector" databaseType="DEFAULT" default="0" displayName="ARP Requests Sent" format="number" id="0x09003004" idlMapped="true" ilMapped="true" isComposite="false" isDataStream="false" isDeprecated="false" isInternal="false" isReadOnly="true" maxOccurs="1" minOccurs="1" name="TxArpRequestCount" noSave="true" nullable="false" onModifyNotifyMode="periodic" precision="" replaces="" type="u32" />
    <stc:property category="result" collectionType="vector" databaseType="DEFAULT" default="0" displayName="ARP Replies Received" format="number" id="0x09003005" idlMapped="true" ilMapped="true" isComposite="false" isDataStream="false" isDeprecated="false" isInternal="false" isReadOnly="true" maxOccurs="1" minOccurs="1" name="RxArpReplyCount" noSave="true" nullable="false" onModifyNotifyMode="periodic" precision="" replaces="" type="u32" />
    <stc:property category="result" collectionType="vector" databaseType="DEFAULT" default="0" displayName="ARP Requests Received" format="number" id="0x09003006" idlMapped="true" ilMapped="true" isComposite="false" isDataStream="false" isDeprecated="false" isInternal="false" isReadOnly="true" maxOccurs="1" minOccurs="1" name="RxArpRequestCount" noSave="true" nullable="false" onModifyNotifyMode="periodic" precision="" replaces="" type="u32" />
    <stc:property category="result" collectionType="vector" databaseType="DEFAULT" default="0" displayName="Gratuitous ARP Received" format="number" id="0x09003007" idlMapped="true" ilMapped="true" isComposite="false" isDataStream="false" isDeprecated="false" isInternal="false" isReadOnly="true" maxOccurs="1" minOccurs="1" name="RxGratuitousArpCount" noSave="true" nullable="false" onModifyNotifyMode="periodic" precision="" replaces="" type="u32" />
    
    <stc:property category="result" collectionType="vector" databaseType="DEFAULT" default="0" displayName="Neighbor Solicitations Sent" format="number" id="0x09003008" idlMapped="true" ilMapped="true" isComposite="false" isDataStream="false" isDeprecated="false" isInternal="false" isReadOnly="true" maxOccurs="1" minOccurs="1" name="TxNeighborSolicitationCount" noSave="true" nullable="false" onModifyNotifyMode="periodic" precision="" replaces="" type="u32" />
    <stc:property category="result" collectionType="vector" databaseType="DEFAULT" default="0" displayName="Neighbor Advertisements Sent" format="number" id="0x09003009" idlMapped="true" ilMapped="true" isComposite="false" isDataStream="false" isDeprecated="false" isInternal="false" isReadOnly="true" maxOccurs="1" minOccurs="1" name="TxNeighborAdvertisementCount" noSave="true" nullable="false" onModifyNotifyMode="periodic" precision="" replaces="" type="u32" />
    <stc:property category="result" collectionType="vector" databaseType="DEFAULT" default="0" displayName="Neighbor Solicitations Received" format="number" id="0x0900300A" idlMapped="true" ilMapped="true" isComposite="false" isDataStream="false" isDeprecated="false" isInternal="false" isReadOnly="true" maxOccurs="1" minOccurs="1" name="RxNeighborSolicitationCount" noSave="true" nullable="false" onModifyNotifyMode="periodic" precision="" replaces="" type="u32" />
    <stc:property category="result" collectionType="vector" databaseType="DEFAULT" default="0" displayName="Neighbor Advertisements Received" format="number" id="0x0900300B" idlMapped="true" ilMapped="true" isComposite="false" isDataStream="false" isDeprecated="false" isInternal="false" isReadOnly="true" maxOccurs="1" minOccurs="1" name="RxNeighborAdvertisementCount" noSave="true" nullable="false" onModifyNotifyMode="periodic" precision="" replaces="" type="u32" />
    <stc:property category="result" collectionType="vector" databaseType="DEFAULT" default="0" displayName="Ipv6 Hop Limit Errors Received" format="number" id="0x0900300C" idlMapped="true" ilMapped="true" isComposite="false" isDataStream="false" isDeprecated="false" isInternal="false" isReadOnly="true" maxOccurs="1" minOccurs="1" name="RxIpV6HopLimitErrorCount" noSave="true" nullable="false" onModifyNotifyMode="periodic" precision="" replaces="" type="u32" />
    <stc:property category="result" collectionType="vector" databaseType="DEFAULT" default="0" displayName="IPv6 Payload Length Errors Received" format="number" id="0x0900300D" idlMapped="true" ilMapped="true" isComposite="false" isDataStream="false" isDeprecated="false" isInternal="false" isReadOnly="true" maxOccurs="1" minOccurs="1" name="RxIpV6PayloadLengthErrorCount" noSave="true" nullable="false" onModifyNotifyMode="periodic" precision="" replaces="" type="u32" />
    <stc:property category="result" collectionType="vector" databaseType="DEFAULT" default="0" displayName="ICMPV6 Checksum Errors Received" format="number" id="0x0900300E" idlMapped="true" ilMapped="true" isComposite="false" isDataStream="false" isDeprecated="false" isInternal="false" isReadOnly="true" maxOccurs="1" minOccurs="1" name="RxIcmpV6ChecksumErrorCount" noSave="true" nullable="false" onModifyNotifyMode="periodic" precision="" replaces="" type="u32" />
    <stc:property category="result" collectionType="vector" databaseType="DEFAULT" default="0" displayName="ICMPV6 Code Errors Received" format="number" id="0x0900300F" idlMapped="true" ilMapped="true" isComposite="false" isDataStream="false" isDeprecated="false" isInternal="false" isReadOnly="true" maxOccurs="1" minOccurs="1" name="RxIcmpV6CodeErrorCount" noSave="true" nullable="false" onModifyNotifyMode="periodic" precision="" replaces="" type="u32" />
    <stc:property category="result" collectionType="vector" databaseType="DEFAULT" default="0" displayName="ICMPV6 Length Errors Received" format="number" id="0x09003010" idlMapped="true" ilMapped="true" isComposite="false" isDataStream="false" isDeprecated="false" isInternal="false" isReadOnly="true" maxOccurs="1" minOccurs="1" name="RxIcmpV6LengthErrorCount" noSave="true" nullable="false" onModifyNotifyMode="periodic" precision="" replaces="" type="u32" />
    <stc:property category="result" collectionType="vector" databaseType="DEFAULT" default="0" displayName="Neighbor Discovery Dest Address Errors Received" format="number" id="0x09003011" idlMapped="true" ilMapped="true" isComposite="false" isDataStream="false" isDeprecated="false" isInternal="false" isReadOnly="true" maxOccurs="1" minOccurs="1" name="RxNdDestAddrErrorCount" noSave="true" nullable="false" onModifyNotifyMode="periodic" precision="" replaces="" type="u32" />
    <stc:property category="result" collectionType="vector" databaseType="DEFAULT" default="0" displayName="Neighbor Discovery Target Address Errors Received" format="number" id="0x09003012" idlMapped="true" ilMapped="true" isComposite="false" isDataStream="false" isDeprecated="false" isInternal="false" isReadOnly="true" maxOccurs="1" minOccurs="1" name="RxNdTargetAddrErrorCount" noSave="true" nullable="false" onModifyNotifyMode="periodic" precision="" replaces="" type="u32" />
    <stc:property category="result" collectionType="vector" databaseType="DEFAULT" default="0" displayName="Neighbor Options Errors Received" format="number" id="0x09003013" idlMapped="true" ilMapped="true" isComposite="false" isDataStream="false" isDeprecated="false" isInternal="false" isReadOnly="true" maxOccurs="1" minOccurs="1" name="RxNdOptionErrorCount" noSave="true" nullable="false" onModifyNotifyMode="periodic" precision="" replaces="" type="u32" />
  </stc:class>
  
  
  <stc:class baseClass="framework.Scriptable" canCreate="true" id="0x09004000" idlMapped="na" ilMapped="na" isInternal="false" isReadOnly="false" isSingleton="false" name="ArpCache" noSave="false" profile="core">

    
    <stc:relation allowDuplicate="false" dstClassRef="ArpCache" dstName="none" embedDstInIlClass="false" embedSrcInIlClass="false" id="0x09004001" isInternal="false" maxOccurs="1" minOccurs="1" name="ParentPort" order="sequenced" srcClassRef="core.Port" srcName="none" type="framework.ParentChild" />
    
    <stc:relation allowDuplicate="false" dstClassRef="ArpCache" dstName="ResultChild" embedDstInIlClass="false" embedSrcInIlClass="false" id="0x09004002" isInternal="false" maxOccurs="unbounded" minOccurs="0" name="ResultParentPort" order="sequenced" srcClassRef="core.Port" srcName="ResultParent" type="framework.ResultChild" />

    
    <stc:property category="internal" collectionType="vector" databaseType="DEFAULT" default="00:00:00:00:00:00" displayName="Resolved MAC Address" format="number" id="0x09004003" idlMapped="true" ilMapped="true" isComposite="false" isDataStream="false" isDeprecated="false" isInternal="true" isReadOnly="false" maxOccurs="unbounded" minOccurs="0" name="ResolvedMacAddr" noSave="true" nullable="false" onModifyNotifyMode="periodic" precision="" replaces="" type="mac" />

    
    <stc:property category="internal" collectionType="vector" databaseType="DEFAULT" default="0.0.0.0" displayName="Ipv4 Address" format="number" id="0x09004004" idlMapped="true" ilMapped="true" isComposite="false" isDataStream="false" isDeprecated="false" isInternal="true" isReadOnly="false" maxOccurs="unbounded" minOccurs="0" name="IPAddr" noSave="true" nullable="false" onModifyNotifyMode="periodic" precision="" replaces="" type="ip" />
    
    
    <stc:property category="internal" collectionType="vector" databaseType="DEFAULT" default="::0" displayName="Ipv6 Address" format="number" id="0x09004005" idlMapped="true" ilMapped="true" isComposite="false" isDataStream="false" isDeprecated="false" isInternal="true" isReadOnly="false" maxOccurs="unbounded" minOccurs="0" name="IPAddrV6" noSave="true" nullable="false" onModifyNotifyMode="periodic" precision="" replaces="" type="ipv6" />    

    
    <stc:property category="internal" collectionType="vector" databaseType="DEFAULT" default="" displayName="Name" format="number" id="0x09004006" idlMapped="true" ilMapped="true" isComposite="false" isDataStream="false" isDeprecated="false" isInternal="true" isReadOnly="false" maxOccurs="unbounded" minOccurs="0" name="ObjName" noSave="true" nullable="false" onModifyNotifyMode="periodic" precision="" replaces="" type="string" />

        
    <stc:property category="internal" collectionType="vector" databaseType="DEFAULT" default="//10.100.0.1/1/1" displayName="Location" format="number" id="0x09004007" idlMapped="true" ilMapped="true" isComposite="false" isDataStream="false" isDeprecated="false" isInternal="true" isReadOnly="false" maxOccurs="unbounded" minOccurs="0" name="Location" noSave="true" nullable="false" onModifyNotifyMode="periodic" precision="" replaces="" type="csp">
      
    </stc:property>

    

    <stc:property category="output" collectionType="vector" databaseType="DEFAULT" default="" displayName="ArpCacheData" format="number" id="0x09004008" idlMapped="true" ilMapped="true" isComposite="false" isDataStream="false" isDeprecated="false" isInternal="false" isReadOnly="true" maxOccurs="unbounded" minOccurs="0" name="ArpCacheData" noSave="true" nullable="false" onModifyNotifyMode="instant" precision="" replaces="" type="string">
      
    </stc:property>

  </stc:class>

  
  <stc:class baseClass="framework.Scriptable" canCreate="true" id="0x09005000" idlMapped="na" ilMapped="na" isInternal="false" isReadOnly="false" isSingleton="false" name="ArpNdReport" noSave="false" profile="core">

    
    <stc:relation allowDuplicate="false" dstClassRef="ArpNdReport" dstName="none" embedDstInIlClass="false" embedSrcInIlClass="false" id="0x09005001" isInternal="false" maxOccurs="1" minOccurs="1" name="ParentPort" order="sequenced" srcClassRef="core.Port" srcName="none" type="framework.ParentChild" />

    <stc:relation allowDuplicate="false" dstClassRef="ArpNdReport" dstName="ResultChild" embedDstInIlClass="false" embedSrcInIlClass="false" id="0x09005002" isInternal="false" maxOccurs="unbounded" minOccurs="0" name="ResultParentPort" order="sequenced" srcClassRef="core.Port" srcName="ResultParent" type="framework.ResultChild" />

    
    <stc:enumeration idlMapped="true" ilMapped="true" isFlags="false" name="EnumArpNdStatus">
      <stc:enum displayName="Idle" idlMapped="true" ilMapped="true" name="IDLE" value="0" />
      <stc:enum displayName="Waiting" idlMapped="true" ilMapped="true" name="INPROGRESS" value="1" />
      <stc:enum displayName="Successful" idlMapped="true" ilMapped="true" name="SUCCESSFUL" value="2" />
      <stc:enum displayName="Failure" idlMapped="true" ilMapped="true" name="FAILURE" value="3" />
    </stc:enumeration>

    
    
    <stc:property category="state" collectionType="vector" databaseType="DEFAULT" default="IDLE" displayName="ArpNd Status" format="number" id="0x09005003" idlMapped="true" ilMapped="true" isComposite="false" isDataStream="false" isDeprecated="false" isInternal="false" isReadOnly="true" maxOccurs="1" minOccurs="1" name="ArpNdStatus" noSave="true" nullable="false" onModifyNotifyMode="queued" precision="" replaces="" type="u8">
      <stc:enumerationRef ref="EnumArpNdStatus" />
    </stc:property>
    
    <stc:property category="output" collectionType="vector" databaseType="DEFAULT" default="0" displayName="Total Failed Arp/Nds" format="number" id="0x09005004" idlMapped="true" ilMapped="true" isComposite="false" isDataStream="false" isDeprecated="false" isInternal="false" isReadOnly="true" maxOccurs="1" minOccurs="1" name="FailedArpNdCount" noSave="true" nullable="false" onModifyNotifyMode="instant" precision="" replaces="" type="u32" />

    
    <stc:property category="output" collectionType="vector" databaseType="DEFAULT" default="0" displayName="Total Successful Arp/Nds" format="number" id="0x09005005" idlMapped="true" ilMapped="true" isComposite="false" isDataStream="false" isDeprecated="false" isInternal="false" isReadOnly="true" maxOccurs="1" minOccurs="1" name="SuccessfulArpNdCount" noSave="true" nullable="false" onModifyNotifyMode="instant" precision="" replaces="" type="u32" />

    
    <stc:property category="output" collectionType="vector" databaseType="DEFAULT" default="0" displayName="Total Arp/Nds attempted" format="number" id="0x09005006" idlMapped="true" ilMapped="true" isComposite="false" isDataStream="false" isDeprecated="false" isInternal="false" isReadOnly="true" maxOccurs="1" minOccurs="1" name="AttemptedArpNdCount" noSave="true" nullable="false" onModifyNotifyMode="instant" precision="" replaces="" type="u32" />


  </stc:class>

  
  <stc:class baseClass="framework.Scriptable" canCreate="true" id="0x09006000" idlMapped="na" ilMapped="na" isInternal="false" isReadOnly="false" isSingleton="false" name="PingReport" noSave="false" profile="core">

    
    <stc:relation allowDuplicate="false" dstClassRef="PingReport" dstName="none" embedDstInIlClass="false" embedSrcInIlClass="false" id="0x09006001" isInternal="false" maxOccurs="1" minOccurs="1" name="ParentPort" order="sequenced" srcClassRef="core.Port" srcName="none" type="framework.ParentChild" />

    <stc:relation allowDuplicate="false" dstClassRef="PingReport" dstName="ResultChild" embedDstInIlClass="false" embedSrcInIlClass="false" id="0x09006002" isInternal="false" maxOccurs="unbounded" minOccurs="0" name="ResultParentPort" order="sequenced" srcClassRef="core.Port" srcName="ResultParent" type="framework.ResultChild" />

    
    <stc:enumeration idlMapped="true" ilMapped="true" isFlags="false" name="EnumPingStatus">
      <stc:enum displayName="Idle" idlMapped="true" ilMapped="true" name="IDLE" value="0" />
      <stc:enum displayName="Waiting" idlMapped="true" ilMapped="true" name="INPROGRESS" value="1" />
      <stc:enum displayName="Successful" idlMapped="true" ilMapped="true" name="SUCCESSFUL" value="2" />
      <stc:enum displayName="Failure" idlMapped="true" ilMapped="true" name="FAILURE" value="3" />
    </stc:enumeration>

    
    
    <stc:property category="state" collectionType="vector" databaseType="DEFAULT" default="IDLE" displayName="Ping Status" format="number" id="0x09006003" idlMapped="true" ilMapped="true" isComposite="false" isDataStream="false" isDeprecated="false" isInternal="false" isReadOnly="true" maxOccurs="1" minOccurs="1" name="PingStatus" noSave="true" nullable="false" onModifyNotifyMode="queued" precision="" replaces="" type="u8">
      <stc:enumerationRef ref="EnumPingStatus" />
    </stc:property>
    
    <stc:property category="output" collectionType="vector" databaseType="DEFAULT" default="0" displayName="Total Failed Pings" format="number" id="0x09006004" idlMapped="true" ilMapped="true" isComposite="false" isDataStream="false" isDeprecated="false" isInternal="false" isReadOnly="true" maxOccurs="1" minOccurs="1" name="FailedPingCount" noSave="true" nullable="false" onModifyNotifyMode="instant" precision="" replaces="" type="u32" />

    
    <stc:property category="output" collectionType="vector" databaseType="DEFAULT" default="0" displayName="Total Successful Pings" format="number" id="0x09006005" idlMapped="true" ilMapped="true" isComposite="false" isDataStream="false" isDeprecated="false" isInternal="false" isReadOnly="true" maxOccurs="1" minOccurs="1" name="SuccessfulPingCount" noSave="true" nullable="false" onModifyNotifyMode="instant" precision="" replaces="" type="u32" />

    
    <stc:property category="output" collectionType="vector" databaseType="DEFAULT" default="0" displayName="Total Pingss attempted" format="number" id="0x09006006" idlMapped="true" ilMapped="true" isComposite="false" isDataStream="false" isDeprecated="false" isInternal="false" isReadOnly="true" maxOccurs="1" minOccurs="1" name="AttemptedPingCount" noSave="true" nullable="false" onModifyNotifyMode="instant" precision="" replaces="" type="u32" />

    <stc:property category="output" collectionType="vector" databaseType="DEFAULT" default="" displayName="Ping Result" format="number" id="0x09006007" idlMapped="true" ilMapped="true" isComposite="false" isDataStream="false" isDeprecated="false" isInternal="false" isReadOnly="true" maxOccurs="1" minOccurs="1" name="PingResult" noSave="true" nullable="false" onModifyNotifyMode="instant" precision="" replaces="" type="string">
    </stc:property>
    
  </stc:class>


  
  
  

  
  
  
  <stc:class baseClass="framework.Command" canCreate="true" displayName="Start L2 Learning" id="0x09007000" idlMapped="na" ilMapped="na" isInternal="false" isReadOnly="false" isSingleton="false" name="L2LearningStartCommand" noSave="false" profile="none">

    <stc:attribute id="0x09007001" internalIsEnum="false" internalType="bool" name="none" type="core.Sequenceable" value="true" />
    <stc:attribute id="0x09007002" internalIsEnum="false" internalType="bool" name="none" type="core.RequireApplyToIL" value="true" />
    
    <stc:attribute id="0x09007003" internalIsEnum="false" internalType="string" name="none" type="framework.CommandDescription" value="Teach the DUT the MAC addresses of streams or devices." />
    <stc:attribute id="0x09007004" internalIsEnum="false" internalType="string" name="none" type="framework.CommandCategory" value="Learning" />

    
    <stc:enumeration idlMapped="true" ilMapped="true" isFlags="false" name="EnumL2LearningState">
      <stc:enum displayName="Idle" idlMapped="true" ilMapped="true" name="IDLE" value="0" />
      <stc:enum displayName="Configuring" idlMapped="true" ilMapped="true" name="CONFIGURING" value="1" />
      <stc:enum displayName="Waiting" idlMapped="true" ilMapped="true" name="INPROGRESS" value="2" />
      <stc:enum displayName="Successful" idlMapped="true" ilMapped="true" name="SUCCESSFUL" value="3" />
      <stc:enum displayName="Failure" idlMapped="true" ilMapped="true" name="FAILURE" value="4" />
    </stc:enumeration>

    
    
    <stc:enumeration idlMapped="true" ilMapped="true" isFlags="false" name="EnumL2LearningOption">
      <stc:enum displayName="L2LearningOnTxOnly" idlMapped="true" ilMapped="true" name="TX_ONLY" value="0" />
          <stc:enum displayName="L2LearningOnRxOnly" idlMapped="true" ilMapped="true" name="RX_ONLY" value="1" />
          <stc:enum displayName="L2LearningOnTxRx" idlMapped="true" ilMapped="true" name="TX_RX" value="2" />
        </stc:enumeration>

        
    
    <stc:property category="input" collectionType="vector" databaseType="DEFAULT" default="TX_RX" displayName="EnumL2LearningOption" format="number" id="0x09007005" idlMapped="true" ilMapped="true" isComposite="false" isDataStream="false" isDeprecated="false" isInternal="false" isReadOnly="false" maxOccurs="1" minOccurs="1" name="L2LearningOption" noSave="false" nullable="false" onModifyNotifyMode="none" precision="" replaces="" type="u16">
      <stc:attribute id="0x09007008" internalIsEnum="false" internalType="string" name="none" type="framework.PropertyDescription" value="L2LearningOption takes places on Tx, or Rx, or both Tx and Rx." />
      <stc:enumerationRef ref="EnumL2LearningOption" />
    </stc:property>    
    
    
    <stc:property category="input" collectionType="vector" databaseType="DEFAULT" default="0" displayName="Port or stream handle list" format="number" id="0x09007006" idlMapped="true" ilMapped="true" isComposite="false" isDataStream="false" isDeprecated="false" isInternal="false" isReadOnly="false" maxOccurs="unbounded" minOccurs="0" name="HandleList" noSave="false" nullable="false" onModifyNotifyMode="none" precision="" replaces="" type="handle">
      <stc:attribute id="0x09007009" internalIsEnum="false" internalType="string" name="none" type="framework.PropertyDescription" value="Port or stream handle list." />
      <stc:attribute id="0x0900700A" internalIsEnum="false" internalType="string" name="none" type="core.ValidHandleTypes" value="Port,StreamBlock" />
    </stc:property>
    
    
    <stc:property category="state" collectionType="vector" databaseType="DEFAULT" default="IDLE" displayName="L2 Learning State" format="number" id="0x09007007" idlMapped="true" ilMapped="true" isComposite="false" isDataStream="false" isDeprecated="false" isInternal="false" isReadOnly="true" maxOccurs="1" minOccurs="1" name="L2LearningState" noSave="true" nullable="false" onModifyNotifyMode="queued" precision="" replaces="" type="u8">
      
      <stc:enumerationRef ref="EnumL2LearningState" />
    </stc:property>

  </stc:class>

  
  
  
  <stc:class baseClass="framework.Command" canCreate="true" displayName="Stop L2 Learning" id="0x09008000" idlMapped="na" ilMapped="na" isInternal="false" isReadOnly="false" isSingleton="false" name="L2LearningStopCommand" noSave="false" profile="none">
    
    <stc:attribute id="0x09008001" internalIsEnum="false" internalType="bool" name="none" type="core.Sequenceable" value="true" />
    
    <stc:attribute id="0x09008002" internalIsEnum="false" internalType="string" name="none" type="framework.CommandDescription" value="Stop the transmitting L2 learning frames." />
    <stc:attribute id="0x09008003" internalIsEnum="false" internalType="string" name="none" type="framework.CommandCategory" value="Learning" />

    
    <stc:property category="input" collectionType="vector" databaseType="DEFAULT" default="0" displayName="Port or stream handle list." format="number" id="0x09008004" idlMapped="true" ilMapped="true" isComposite="false" isDataStream="false" isDeprecated="false" isInternal="false" isReadOnly="false" maxOccurs="unbounded" minOccurs="0" name="HandleList" noSave="false" nullable="false" onModifyNotifyMode="none" precision="" replaces="" type="handle">
      <stc:attribute id="0x09008005" internalIsEnum="false" internalType="string" name="none" type="framework.PropertyDescription" value="Port or stream handle list." />
      <stc:attribute id="0x09008006" internalIsEnum="false" internalType="string" name="none" type="core.ValidHandleTypes" value="Port,StreamBlock" />
    </stc:property>
    
  </stc:class>

  
  
  
  <stc:class baseClass="framework.Command" canCreate="true" id="0x09009000" idlMapped="na" ilMapped="na" isInternal="false" isReadOnly="false" isSingleton="false" name="PingStartCommand" noSave="false" profile="none">
    <stc:attribute id="0x09009001" internalIsEnum="false" internalType="bool" name="none" type="core.RequireApplyToIL" value="true" />

    
    <stc:property category="input" collectionType="vector" databaseType="DEFAULT" default="0" displayName="Device Handle List" format="number" id="0x09009002" idlMapped="true" ilMapped="true" isComposite="false" isDataStream="false" isDeprecated="false" isInternal="false" isReadOnly="false" maxOccurs="unbounded" minOccurs="0" name="DeviceList" noSave="false" nullable="false" onModifyNotifyMode="none" precision="" replaces="" type="handle">
    </stc:property>

    <stc:property category="input" collectionType="vector" databaseType="DEFAULT" default="false" displayName="Wait for Ping To Finish" format="number" id="0x09009003" idlMapped="true" ilMapped="true" isComposite="false" isDataStream="false" isDeprecated="false" isInternal="false" isReadOnly="false" maxOccurs="1" minOccurs="1" name="WaitForPingToFinish" noSave="false" nullable="false" onModifyNotifyMode="none" precision="" replaces="" type="bool">
    </stc:property>

    
    <stc:property category="input" collectionType="vector" databaseType="DEFAULT" default="0.0.0.0" displayName="Ping Source Address" format="number" id="0x09009004" idlMapped="true" ilMapped="true" isComposite="false" isDataStream="false" isDeprecated="true" isInternal="false" isReadOnly="false" maxOccurs="1" minOccurs="1" name="PingIpv4SrcAddr" noSave="false" nullable="false" onModifyNotifyMode="none" precision="" replaces="" type="ip">
    </stc:property>

    
    <stc:property category="input" collectionType="vector" databaseType="DEFAULT" default="0.0.0.0" displayName="Ping Target Address" format="number" id="0x09009005" idlMapped="true" ilMapped="true" isComposite="false" isDataStream="false" isDeprecated="false" isInternal="false" isReadOnly="false" maxOccurs="1" minOccurs="1" name="PingIpv4DstAddr" noSave="false" nullable="false" onModifyNotifyMode="none" precision="" replaces="" type="ip">
    </stc:property>

    
    <stc:property category="input" collectionType="vector" databaseType="DEFAULT" default="::0" displayName="Ping Source Ipv6 Address" format="number" id="0x09009006" idlMapped="true" ilMapped="true" isComposite="false" isDataStream="false" isDeprecated="true" isInternal="false" isReadOnly="false" maxOccurs="1" minOccurs="1" name="PingIpv6SrcAddr" noSave="false" nullable="false" onModifyNotifyMode="none" precision="" replaces="" type="ipv6">
    </stc:property>

    
    <stc:property category="input" collectionType="vector" databaseType="DEFAULT" default="::0" displayName="Ping Target Ipv6 Address" format="number" id="0x09009007" idlMapped="true" ilMapped="true" isComposite="false" isDataStream="false" isDeprecated="false" isInternal="false" isReadOnly="false" maxOccurs="1" minOccurs="1" name="PingIpv6DstAddr" noSave="false" nullable="false" onModifyNotifyMode="none" precision="" replaces="" type="ipv6">
    </stc:property>

    
    <stc:property category="input" collectionType="vector" databaseType="DEFAULT" default="1" displayName="Time Interval(Sec)" format="number" id="0x09009008" idlMapped="true" ilMapped="true" isComposite="false" isDataStream="false" isDeprecated="false" isInternal="false" isReadOnly="false" maxOccurs="1" minOccurs="1" name="TimeInterval" noSave="false" nullable="false" onModifyNotifyMode="none" precision="" replaces="" type="u32">
    </stc:property>

        
    <stc:property category="input" collectionType="vector" databaseType="DEFAULT" default="1" displayName="Frame Count" format="number" id="0x09009009" idlMapped="true" ilMapped="true" isComposite="false" isDataStream="false" isDeprecated="false" isInternal="false" isReadOnly="false" maxOccurs="1" minOccurs="1" name="FrameCount" noSave="false" nullable="false" onModifyNotifyMode="none" precision="" replaces="" type="u32">
    </stc:property>

    
    <stc:property category="output" collectionType="vector" databaseType="DEFAULT" default="false" displayName="Status" format="number" id="0x0900900A" idlMapped="true" ilMapped="true" isComposite="false" isDataStream="false" isDeprecated="false" isInternal="false" isReadOnly="true" maxOccurs="1" minOccurs="1" name="PingStatus" noSave="true" nullable="false" onModifyNotifyMode="instant" precision="" replaces="" type="bool">
    </stc:property>      

    <stc:property category="output" collectionType="vector" databaseType="DEFAULT" default="" displayName="Ping Result" format="number" id="0x0900900B" idlMapped="true" ilMapped="true" isComposite="false" isDataStream="false" isDeprecated="false" isInternal="false" isReadOnly="true" maxOccurs="1" minOccurs="1" name="PingResult" noSave="true" nullable="false" onModifyNotifyMode="instant" precision="" replaces="" type="string">
    </stc:property>      

    <stc:property category="output" collectionType="vector" databaseType="DEFAULT" default="0" displayName="Process Id" format="number" id="0x0900900C" idlMapped="true" ilMapped="true" isComposite="false" isDataStream="false" isDeprecated="false" isInternal="false" isReadOnly="true" maxOccurs="1" minOccurs="1" name="ProcessId" noSave="true" nullable="false" onModifyNotifyMode="instant" precision="" replaces="" type="u32">
    </stc:property>

  </stc:class>

  
  
  
  <stc:class baseClass="framework.Command" canCreate="true" id="0x0900A000" idlMapped="na" ilMapped="na" isInternal="false" isReadOnly="false" isSingleton="false" name="PingStopCommand" noSave="false" profile="none">
    
    
    <stc:property category="input" collectionType="vector" databaseType="DEFAULT" default="0" displayName="Process Id" format="number" id="0x0900A001" idlMapped="true" ilMapped="true" isComposite="false" isDataStream="false" isDeprecated="false" isInternal="false" isReadOnly="false" maxOccurs="1" minOccurs="1" name="ProcessId" noSave="false" nullable="false" onModifyNotifyMode="none" precision="" replaces="" type="u32">
    </stc:property>

    
    <stc:property category="input" collectionType="vector" databaseType="DEFAULT" default="0" displayName="Device Handle List" format="number" id="0x0900A002" idlMapped="true" ilMapped="true" isComposite="false" isDataStream="false" isDeprecated="false" isInternal="false" isReadOnly="false" maxOccurs="unbounded" minOccurs="0" name="DeviceList" noSave="false" nullable="false" onModifyNotifyMode="none" precision="" replaces="" type="handle">
    </stc:property>

    
    <stc:property category="output" collectionType="vector" databaseType="DEFAULT" default="0" displayName="Exit Code" format="number" id="0x0900A003" idlMapped="true" ilMapped="true" isComposite="false" isDataStream="false" isDeprecated="false" isInternal="false" isReadOnly="true" maxOccurs="1" minOccurs="1" name="ExitCode" noSave="true" nullable="false" onModifyNotifyMode="instant" precision="" replaces="" type="u32">
    </stc:property>


  </stc:class>  
  
  
  
  
  <stc:class baseClass="framework.Command" canCreate="true" displayName="Start ArpNd" id="0x0900B000" idlMapped="na" ilMapped="na" isInternal="false" isReadOnly="false" isSingleton="false" name="ArpNdStartCommand" noSave="false" profile="none">

    <stc:attribute id="0x0900B001" internalIsEnum="false" internalType="bool" name="none" type="core.Sequenceable" value="true" />
    <stc:attribute id="0x0900B002" internalIsEnum="false" internalType="bool" name="none" type="core.RequireApplyToIL" value="true" />

    <stc:attribute id="0x0900B003" internalIsEnum="false" internalType="string" name="none" type="framework.CommandDescription" value="ARP the DUT for the gateway MAC Address." />
    <stc:attribute id="0x0900B004" internalIsEnum="false" internalType="string" name="none" type="framework.CommandCategory" value="Learning" />
    
    
    <stc:enumeration idlMapped="true" ilMapped="true" isFlags="false" name="EnumArpNdState">
      <stc:enum displayName="Idle" idlMapped="true" ilMapped="true" name="IDLE" value="0" />
      <stc:enum displayName="Waiting" idlMapped="true" ilMapped="true" name="WAITING" value="1" />
      <stc:enum displayName="Successful" idlMapped="true" ilMapped="true" name="SUCCESSFUL" value="2" />
      <stc:enum displayName="Failure" idlMapped="true" ilMapped="true" name="FAILURE" value="3" />
      <stc:enum displayName="Congested" idlMapped="true" ilMapped="true" name="CONGESTED" value="4" />
    </stc:enumeration>
    
    
    

    <stc:enumeration idlMapped="true" ilMapped="true" isFlags="false" name="EnumArpNdOption">
      <stc:enum displayName="ArpNdOnTxOnly" idlMapped="true" ilMapped="true" name="TX_ONLY" value="0" />
      <stc:enum displayName="ArpNdOnRxOnly" idlMapped="true" ilMapped="true" name="RX_ONLY" value="1" />
      <stc:enum displayName="ArpNdOnTxRx" idlMapped="true" ilMapped="true" name="TX_RX" value="2" />
    </stc:enumeration>    

    
        
    <stc:property category="internal" collectionType="vector" databaseType="DEFAULT" default="TX_ONLY" displayName="ArpNd Option" format="number" id="0x0900B005" idlMapped="true" ilMapped="true" isComposite="false" isDataStream="false" isDeprecated="false" isInternal="true" isReadOnly="false" maxOccurs="1" minOccurs="1" name="ArpNdOption" noSave="true" nullable="false" onModifyNotifyMode="periodic" precision="" replaces="" type="u16">
      <stc:attribute id="0x0900B00D" internalIsEnum="false" internalType="string" name="none" type="framework.PropertyDescription" value="Arp/Nd option takes places on Tx, or Rx, or both Tx and Rx." />
      <stc:enumerationRef ref="EnumArpNdOption" />
    </stc:property>

    
    <stc:property category="input" collectionType="vector" databaseType="DEFAULT" default="0" displayName="Port, Stream, Host or Router handle list" format="number" id="0x0900B006" idlMapped="true" ilMapped="true" isComposite="false" isDataStream="false" isDeprecated="false" isInternal="false" isReadOnly="false" maxOccurs="unbounded" minOccurs="0" name="HandleList" noSave="false" nullable="false" onModifyNotifyMode="none" precision="" replaces="" type="handle">
      <stc:attribute id="0x0900B00E" internalIsEnum="false" internalType="string" name="none" type="framework.PropertyDescription" value="List of Port, Stream, Host or Router handles." />
      <stc:attribute id="0x0900B00F" internalIsEnum="false" internalType="string" name="none" type="core.ValidHandleTypes" value="Port,StreamBlock,Host,Router,EmulatedDevice" />
    </stc:property>

    
    <stc:property category="state" collectionType="vector" databaseType="DEFAULT" default="IDLE" displayName="ArpNd State" format="number" id="0x0900B007" idlMapped="true" ilMapped="true" isComposite="false" isDataStream="false" isDeprecated="false" isInternal="false" isReadOnly="true" maxOccurs="1" minOccurs="1" name="ArpNdState" noSave="true" nullable="false" onModifyNotifyMode="queued" precision="" replaces="" type="u8">
      <stc:attribute id="0x0900B010" internalIsEnum="false" internalType="string" name="none" type="framework.PropertyDescription" value="The state of Arp/Nd." />
      <stc:enumerationRef ref="EnumArpNdState" />
    </stc:property>

    
    <stc:property category="config" collectionType="vector" databaseType="DEFAULT" default="true" displayName="Wait for Arp To Finish" format="number" id="0x0900B008" idlMapped="true" ilMapped="true" isComposite="false" isDataStream="false" isDeprecated="false" isInternal="false" isReadOnly="false" maxOccurs="1" minOccurs="1" name="WaitForArpToFinish" noSave="false" nullable="false" onModifyNotifyMode="periodic" precision="" replaces="" type="bool">
      <stc:attribute id="0x0900B011" internalIsEnum="false" internalType="string" name="none" type="framework.PropertyDescription" value="Wait for Arp to Finish." />
    </stc:property>

    
    <stc:property category="config" collectionType="vector" databaseType="DEFAULT" default="true" displayName="Always Arp" format="number" id="0x0900B009" idlMapped="true" ilMapped="true" isComposite="false" isDataStream="false" isDeprecated="false" isInternal="false" isReadOnly="false" maxOccurs="1" minOccurs="1" name="ForceArp" noSave="false" nullable="false" onModifyNotifyMode="periodic" precision="" replaces="" type="bool">
      <stc:attribute id="0x0900B012" internalIsEnum="false" internalType="string" name="none" type="framework.PropertyDescription" value="Always Arp" />
    </stc:property>    
    
    
    
    <stc:property category="internal" collectionType="vector" databaseType="DEFAULT" default="0" displayName="Stream Index Id" format="number" id="0x0900B00A" idlMapped="true" ilMapped="true" isComposite="false" isDataStream="false" isDeprecated="false" isInternal="true" isReadOnly="false" maxOccurs="unbounded" minOccurs="0" name="StreamIndexIdList" noSave="true" nullable="false" onModifyNotifyMode="periodic" precision="" replaces="" type="u32">
      <stc:attribute id="0x0900B013" internalIsEnum="false" internalType="string" name="none" type="framework.PropertyDescription" value="List of individual stream index id of the stream block using for Rx side binding between stream block and encapsulation on Rx side." />
    </stc:property>

    
    <stc:property category="internal" collectionType="vector" databaseType="DEFAULT" default="0" displayName="Encapsulation Handle" format="number" id="0x0900B00B" idlMapped="true" ilMapped="true" isComposite="false" isDataStream="false" isDeprecated="false" isInternal="true" isReadOnly="false" maxOccurs="unbounded" minOccurs="0" name="EncapList" noSave="true" nullable="false" onModifyNotifyMode="periodic" precision="" replaces="" type="handle">
      <stc:attribute id="0x0900B014" internalIsEnum="false" internalType="string" name="none" type="framework.PropertyDescription" value="List of enacapsulation handle using for Rx side binding between stream block and encapsulation on Rx side." />
    </stc:property>

    
    <stc:property category="internal" collectionType="vector" databaseType="DEFAULT" default="" displayName="Report" format="number" id="0x0900B00C" idlMapped="true" ilMapped="true" isComposite="false" isDataStream="false" isDeprecated="false" isInternal="true" isReadOnly="false" maxOccurs="unbounded" minOccurs="0" name="Report" noSave="false" nullable="false" onModifyNotifyMode="periodic" precision="" replaces="" type="string">
      <stc:attribute id="0x0900B015" internalIsEnum="false" internalType="string" name="none" type="framework.PropertyDescription" value="List of the report of this command." />
    </stc:property>

  </stc:class>

  <stc:class baseClass="framework.Command" canCreate="true" displayName="Start ArpNd On All Devices" id="0x0900C000" idlMapped="na" ilMapped="na" isInternal="false" isReadOnly="false" isSingleton="false" name="ArpNdStartOnAllDevicesCommand" noSave="false" profile="none">

    <stc:attribute id="0x0900C001" internalIsEnum="false" internalType="bool" name="none" type="core.Sequenceable" value="true" />
    <stc:attribute id="0x0900C002" internalIsEnum="false" internalType="bool" name="none" type="core.RequireApplyToIL" value="true" />

    <stc:attribute id="0x0900C003" internalIsEnum="false" internalType="string" name="none" type="framework.CommandDescription" value="ARP the DUT for the gateway MAC Address." />
    <stc:attribute id="0x0900C004" internalIsEnum="false" internalType="string" name="none" type="framework.CommandCategory" value="Learning" />

    
    <stc:enumeration idlMapped="true" ilMapped="true" isFlags="false" name="EnumArpNdState">
      <stc:enum displayName="Idle" idlMapped="true" ilMapped="true" name="IDLE" value="0" />
      <stc:enum displayName="Waiting" idlMapped="true" ilMapped="true" name="WAITING" value="1" />
      <stc:enum displayName="Successful" idlMapped="true" ilMapped="true" name="SUCCESSFUL" value="2" />
      <stc:enum displayName="Failure" idlMapped="true" ilMapped="true" name="FAILURE" value="3" />
      <stc:enum displayName="Congested" idlMapped="true" ilMapped="true" name="CONGESTED" value="4" />
    </stc:enumeration>

    
    <stc:property category="input" collectionType="vector" databaseType="DEFAULT" default="0" displayName="Port handle list" format="number" id="0x0900C005" idlMapped="true" ilMapped="true" isComposite="false" isDataStream="false" isDeprecated="false" isInternal="false" isReadOnly="false" maxOccurs="unbounded" minOccurs="0" name="PortList" noSave="false" nullable="false" onModifyNotifyMode="none" precision="" replaces="" type="handle">
      <stc:attribute id="0x0900C008" internalIsEnum="false" internalType="string" name="none" type="framework.PropertyDescription" value="List of Port handles." />
      <stc:attribute id="0x0900C009" internalIsEnum="false" internalType="string" name="none" type="core.ValidHandleTypes" value="Port" />
    </stc:property>

    
    <stc:property category="state" collectionType="vector" databaseType="DEFAULT" default="IDLE" displayName="ArpNd State" format="number" id="0x0900C006" idlMapped="true" ilMapped="true" isComposite="false" isDataStream="false" isDeprecated="false" isInternal="false" isReadOnly="true" maxOccurs="1" minOccurs="1" name="ArpNdState" noSave="true" nullable="false" onModifyNotifyMode="queued" precision="" replaces="" type="u8">
      <stc:attribute id="0x0900C00A" internalIsEnum="false" internalType="string" name="none" type="framework.PropertyDescription" value="The state of Arp/Nd." />
      <stc:enumerationRef ref="EnumArpNdState" />
    </stc:property>

    
    <stc:property category="config" collectionType="vector" databaseType="DEFAULT" default="true" displayName="Wait for Arp To Finish" format="number" id="0x0900C007" idlMapped="true" ilMapped="true" isComposite="false" isDataStream="false" isDeprecated="false" isInternal="false" isReadOnly="false" maxOccurs="1" minOccurs="1" name="WaitForArpToFinish" noSave="false" nullable="false" onModifyNotifyMode="periodic" precision="" replaces="" type="bool">
      <stc:attribute id="0x0900C00B" internalIsEnum="false" internalType="string" name="none" type="framework.PropertyDescription" value="Wait for Arp to Finish." />
    </stc:property>


  </stc:class>

  <stc:class baseClass="framework.Command" canCreate="true" displayName="Start ArpNd On All StreamBlocks" id="0x0900D000" idlMapped="na" ilMapped="na" isInternal="false" isReadOnly="false" isSingleton="false" name="ArpNdStartOnAllStreamBlocksCommand" noSave="false" profile="none">

    <stc:attribute id="0x0900D001" internalIsEnum="false" internalType="bool" name="none" type="core.Sequenceable" value="true" />
    <stc:attribute id="0x0900D002" internalIsEnum="false" internalType="bool" name="none" type="core.RequireApplyToIL" value="true" />

    <stc:attribute id="0x0900D003" internalIsEnum="false" internalType="string" name="none" type="framework.CommandDescription" value="ARP the DUT for the gateway MAC Address." />
    <stc:attribute id="0x0900D004" internalIsEnum="false" internalType="string" name="none" type="framework.CommandCategory" value="Learning" />

    
    <stc:enumeration idlMapped="true" ilMapped="true" isFlags="false" name="EnumArpNdState">
      <stc:enum displayName="Idle" idlMapped="true" ilMapped="true" name="IDLE" value="0" />
      <stc:enum displayName="Waiting" idlMapped="true" ilMapped="true" name="WAITING" value="1" />
      <stc:enum displayName="Successful" idlMapped="true" ilMapped="true" name="SUCCESSFUL" value="2" />
      <stc:enum displayName="Failure" idlMapped="true" ilMapped="true" name="FAILURE" value="3" />
      <stc:enum displayName="Congested" idlMapped="true" ilMapped="true" name="CONGESTED" value="4" />
    </stc:enumeration>

    
    <stc:property category="input" collectionType="vector" databaseType="DEFAULT" default="0" displayName="Port handle list" format="number" id="0x0900D005" idlMapped="true" ilMapped="true" isComposite="false" isDataStream="false" isDeprecated="false" isInternal="false" isReadOnly="false" maxOccurs="unbounded" minOccurs="0" name="PortList" noSave="false" nullable="false" onModifyNotifyMode="none" precision="" replaces="" type="handle">
      <stc:attribute id="0x0900D008" internalIsEnum="false" internalType="string" name="none" type="framework.PropertyDescription" value="List of Port handles." />
      <stc:attribute id="0x0900D009" internalIsEnum="false" internalType="string" name="none" type="core.ValidHandleTypes" value="Port" />
    </stc:property>

    
    <stc:property category="state" collectionType="vector" databaseType="DEFAULT" default="IDLE" displayName="ArpNd State" format="number" id="0x0900D006" idlMapped="true" ilMapped="true" isComposite="false" isDataStream="false" isDeprecated="false" isInternal="false" isReadOnly="true" maxOccurs="1" minOccurs="1" name="ArpNdState" noSave="true" nullable="false" onModifyNotifyMode="queued" precision="" replaces="" type="u8">
      <stc:attribute id="0x0900D00A" internalIsEnum="false" internalType="string" name="none" type="framework.PropertyDescription" value="The state of Arp/Nd." />
      <stc:enumerationRef ref="EnumArpNdState" />
    </stc:property>

    
    <stc:property category="config" collectionType="vector" databaseType="DEFAULT" default="true" displayName="Wait for Arp To Finish" format="number" id="0x0900D007" idlMapped="true" ilMapped="true" isComposite="false" isDataStream="false" isDeprecated="false" isInternal="false" isReadOnly="false" maxOccurs="1" minOccurs="1" name="WaitForArpToFinish" noSave="false" nullable="false" onModifyNotifyMode="periodic" precision="" replaces="" type="bool">
      <stc:attribute id="0x0900D00B" internalIsEnum="false" internalType="string" name="none" type="framework.PropertyDescription" value="Wait for Arp to Finish." />
    </stc:property>


  </stc:class>  
  
  
  
  
  <stc:class baseClass="framework.Command" canCreate="true" displayName="Stop ArpNd" id="0x0900E000" idlMapped="na" ilMapped="na" isInternal="false" isReadOnly="false" isSingleton="false" name="ArpNdStopCommand" noSave="false" profile="none">

    <stc:attribute id="0x0900E001" internalIsEnum="false" internalType="bool" name="none" type="core.Sequenceable" value="true" />
    
    <stc:attribute id="0x0900E002" internalIsEnum="false" internalType="string" name="none" type="framework.CommandDescription" value="Cancel ArpNd." />
    <stc:attribute id="0x0900E003" internalIsEnum="false" internalType="string" name="none" type="framework.CommandCategory" value="Learning" />

    
    <stc:property category="input" collectionType="vector" databaseType="DEFAULT" default="0" displayName="Port, Stream, Host or Router handle list" format="number" id="0x0900E004" idlMapped="true" ilMapped="true" isComposite="false" isDataStream="false" isDeprecated="false" isInternal="false" isReadOnly="false" maxOccurs="unbounded" minOccurs="0" name="HandleList" noSave="false" nullable="false" onModifyNotifyMode="none" precision="" replaces="" type="handle">
      <stc:attribute id="0x0900E006" internalIsEnum="false" internalType="string" name="none" type="framework.PropertyDescription" value="List of Port, Stream, Host or Router handles." />
      <stc:attribute id="0x0900E007" internalIsEnum="false" internalType="string" name="none" type="core.ValidHandleTypes" value="Port,StreamBlock,Host,Router,EmulatedDevice" />
    </stc:property>    
    
    
    <stc:property category="internal" collectionType="vector" databaseType="DEFAULT" default="" displayName="Report" format="number" id="0x0900E005" idlMapped="true" ilMapped="true" isComposite="false" isDataStream="false" isDeprecated="false" isInternal="true" isReadOnly="false" maxOccurs="unbounded" minOccurs="0" name="Report" noSave="false" nullable="false" onModifyNotifyMode="periodic" precision="" replaces="" type="string">
      <stc:attribute id="0x0900E008" internalIsEnum="false" internalType="string" name="none" type="framework.PropertyDescription" value="List of the report." />
    </stc:property>

  </stc:class>
  
  
  
  
  <stc:class baseClass="framework.Command" canCreate="true" id="0x0900F000" idlMapped="na" ilMapped="na" isInternal="false" isReadOnly="false" isSingleton="false" name="ArpNdUpdateArpCacheCommand" noSave="false" profile="none">

    <stc:attribute id="0x0900F001" internalIsEnum="false" internalType="bool" name="none" type="core.Sequenceable" value="false" />

    <stc:attribute id="0x0900F002" internalIsEnum="false" internalType="string" name="none" type="framework.CommandDescription" value="Retrieve the arp cache table on ports as well as to retrieve the resolved MAC address for selected streams, routers, or hosts." />
    <stc:attribute id="0x0900F003" internalIsEnum="false" internalType="string" name="none" type="framework.CommandCategory" value="Learning" />
    
    
    <stc:enumeration idlMapped="true" ilMapped="true" isFlags="false" name="EnumArpCacheState">
      <stc:enum displayName="None" idlMapped="true" ilMapped="true" name="NONE" value="0" />
      <stc:enum displayName="Failed" idlMapped="true" ilMapped="true" name="FAILED" value="1" />
      <stc:enum displayName="Ready" idlMapped="true" ilMapped="true" name="READY" value="2" />
    </stc:enumeration>

    
    <stc:property category="config" collectionType="vector" databaseType="DEFAULT" default="0" displayName="Port, Stream, Host or Router handle list" format="number" id="0x0900F004" idlMapped="true" ilMapped="true" isComposite="false" isDataStream="false" isDeprecated="false" isInternal="false" isReadOnly="false" maxOccurs="unbounded" minOccurs="0" name="HandleList" noSave="false" nullable="false" onModifyNotifyMode="periodic" precision="" replaces="" type="handle">
      <stc:attribute id="0x0900F007" internalIsEnum="false" internalType="string" name="none" type="framework.PropertyDescription" value="Retrieve the mac address and update the ArpCache for " />
      <stc:attribute id="0x0900F008" internalIsEnum="false" internalType="string" name="none" type="core.ValidHandleTypes" value="Port,StreamBlock,Host,Router,EmulatedDevice" />
    </stc:property>

    
    <stc:property category="internal" collectionType="vector" databaseType="DEFAULT" default="NONE" displayName="ArpCache State" format="number" id="0x0900F005" idlMapped="true" ilMapped="true" isComposite="false" isDataStream="false" isDeprecated="false" isInternal="true" isReadOnly="false" maxOccurs="1" minOccurs="1" name="ArpCacheState" noSave="true" nullable="false" onModifyNotifyMode="periodic" precision="" replaces="" type="u8">
      <stc:attribute id="0x0900F009" internalIsEnum="false" internalType="string" name="none" type="framework.PropertyDescription" value="ARP cache state." />
      <stc:enumerationRef ref="EnumArpCacheState" />
    </stc:property>

    
    <stc:property category="internal" collectionType="vector" databaseType="DEFAULT" default="0" displayName="ArpCache handle" format="number" id="0x0900F006" idlMapped="true" ilMapped="true" isComposite="false" isDataStream="false" isDeprecated="false" isInternal="true" isReadOnly="false" maxOccurs="1" minOccurs="1" name="ArpCache" noSave="true" nullable="false" onModifyNotifyMode="periodic" precision="" replaces="" type="handle">
      <stc:attribute id="0x0900F00A" internalIsEnum="false" internalType="string" name="none" type="framework.PropertyDescription" value="ARP cache handle." />
    </stc:property>

  </stc:class>

  
  <stc:class baseClass="framework.PassFailCommand" canCreate="true" displayName="Verify ArpNd Status" id="0x09010000" idlMapped="na" ilMapped="na" isInternal="false" isReadOnly="false" isSingleton="false" name="ArpNdVerifyResolvedCommand" noSave="false" profile="none">

    <stc:attribute id="0x09010001" internalIsEnum="false" internalType="bool" name="none" type="core.Sequenceable" value="true" />

    <stc:attribute id="0x09010002" internalIsEnum="false" internalType="string" name="none" type="framework.CommandDescription" value="Verify if ARP is resolved for DUT gateway." />
    <stc:attribute id="0x09010003" internalIsEnum="false" internalType="string" name="none" type="framework.CommandCategory" value="Learning" />
    
    <stc:property category="input" collectionType="vector" databaseType="DEFAULT" default="0" displayName="Port, Stream, Host or Router handle list" format="number" id="0x09010004" idlMapped="true" ilMapped="true" isComposite="false" isDataStream="false" isDeprecated="false" isInternal="false" isReadOnly="false" maxOccurs="unbounded" minOccurs="0" name="HandleList" noSave="false" nullable="false" onModifyNotifyMode="none" precision="" replaces="" type="handle">
      <stc:attribute id="0x09010005" internalIsEnum="false" internalType="string" name="none" type="framework.PropertyDescription" value="List of Port, Stream, Host or Router handles." />
      <stc:attribute id="0x09010006" internalIsEnum="false" internalType="string" name="none" type="core.ValidHandleTypes" value="Port,StreamBlock,Host,Router,EmulatedDevice" />
    </stc:property>

  </stc:class>

  <stc:class baseClass="framework.PassFailCommand" canCreate="true" displayName="Verify Ping Status" id="0x09011000" idlMapped="na" ilMapped="na" isInternal="false" isReadOnly="false" isSingleton="false" name="PingVerifyConnectivityCommand" noSave="false" profile="none">

    <stc:attribute id="0x09011001" internalIsEnum="false" internalType="bool" name="none" type="core.Sequenceable" value="true" />

    <stc:attribute id="0x09011002" internalIsEnum="false" internalType="string" name="none" type="framework.CommandDescription" value="Verify if Host is pingable." />
    <stc:attribute id="0x09011003" internalIsEnum="false" internalType="string" name="none" type="framework.CommandCategory" value="Learning" />
  
    
    <stc:property category="input" collectionType="vector" databaseType="DEFAULT" default="0" displayName="Host or Router Handle List" format="number" id="0x09011004" idlMapped="true" ilMapped="true" isComposite="false" isDataStream="false" isDeprecated="false" isInternal="false" isReadOnly="false" maxOccurs="unbounded" minOccurs="0" name="DeviceList" noSave="false" nullable="false" onModifyNotifyMode="none" precision="" replaces="" type="handle">
      <stc:attribute id="0x09011008" internalIsEnum="false" internalType="string" name="none" type="framework.PropertyDescription" value="List of Host or Router Handles." />
      <stc:attribute id="0x09011009" internalIsEnum="false" internalType="string" name="none" type="core.ValidHandleTypes" value="Host,Router,EmulatedDevice" />
    </stc:property>
    
    <stc:property category="input" collectionType="vector" databaseType="DEFAULT" default="1" displayName="Time Interval(Sec)" format="number" id="0x09011005" idlMapped="true" ilMapped="true" isComposite="false" isDataStream="false" isDeprecated="false" isInternal="false" isReadOnly="false" maxOccurs="1" minOccurs="1" name="TimeInterval" noSave="false" nullable="false" onModifyNotifyMode="none" precision="" replaces="" type="u32">
		<stc:attribute id="0x0901100A" internalIsEnum="false" internalType="string" name="none" type="framework.PropertyDescription" value="The rate at which to send-out the ping packets." />
    </stc:property>

    
    <stc:property category="input" collectionType="vector" databaseType="DEFAULT" default="1" displayName="Frame Count" format="number" id="0x09011006" idlMapped="true" ilMapped="true" isComposite="false" isDataStream="false" isDeprecated="false" isInternal="false" isReadOnly="false" maxOccurs="1" minOccurs="1" name="FrameCount" noSave="false" nullable="false" onModifyNotifyMode="none" precision="" replaces="" type="u32">
		<stc:attribute id="0x0901100B" internalIsEnum="false" internalType="string" name="none" type="framework.PropertyDescription" value="The number of frames to send-out the ping packets." />
	</stc:property>

	
	  <stc:property category="input" collectionType="vector" databaseType="DEFAULT" default="" displayName="Ping Address" format="number" id="0x09011007" idlMapped="true" ilMapped="true" isComposite="false" isDataStream="false" isDeprecated="false" isInternal="false" isReadOnly="false" maxOccurs="1" minOccurs="1" name="PingAddress" noSave="false" nullable="false" onModifyNotifyMode="none" precision="" replaces="" type="string">
		  <stc:attribute id="0x0901100C" internalIsEnum="false" internalType="string" name="none" type="framework.PropertyDescription" value="If the address is empty (default), the command will ping the device gateway." />
	  </stc:property>	  
	  
  </stc:class>


  
  
  
  <stc:commandTarget command="L2LearningStartCommand" default="1" target="core.Port" />
  <stc:commandTarget command="L2LearningStopCommand" default="0" target="core.Port" />

  <stc:commandTarget command="L2LearningStartCommand" default="1" target="traffic.l2l3.StreamBlock" />
  <stc:commandTarget command="L2LearningStopCommand" default="0" target="traffic.l2l3.StreamBlock" />

  <stc:commandTarget command="ArpNdStartCommand" default="1" target="core.Port" />
  <stc:commandTarget command="ArpNdStopCommand" default="0" target="core.Port" />
  <stc:commandTarget command="ArpNdVerifyResolvedCommand" default="1" target="core.Port" />
  
  <stc:commandTarget command="ArpNdStartCommand" default="1" target="core.EmulatedDevice" />
  <stc:commandTarget command="ArpNdStopCommand" default="0" target="core.EmulatedDevice" />
  <stc:commandTarget command="ArpNdVerifyResolvedCommand" default="1" target="core.EmulatedDevice" />


  <stc:commandTarget command="ArpNdStartCommand" default="1" target="traffic.l2l3.StreamBlock" />
  <stc:commandTarget command="ArpNdStopCommand" default="0" target="traffic.l2l3.StreamBlock" />
  <stc:commandTarget command="ArpNdVerifyResolvedCommand" default="1" target="traffic.l2l3.StreamBlock" />


  <stc:commandTarget command="PingStartCommand" default="1" target="core.Port" />
  <stc:commandTarget command="PingStopCommand" default="0" target="core.Port" />

  <stc:commandTarget command="ArpNdUpdateArpCacheCommand" default="1" target="core.Port" />
  <stc:commandTarget command="ArpNdUpdateArpCacheCommand" default="1" target="core.EmulatedDevice" />
  <stc:commandTarget command="ArpNdUpdateArpCacheCommand" default="1" target="traffic.l2l3.StreamBlock" />

  <stc:commandTarget command="L2LearningStartCommand" default="1" target="ArpCache" />
  <stc:commandTarget command="L2LearningStopCommand" default="0" target="ArpCache" />
  <stc:commandTarget command="ArpNdStartCommand" default="1" target="ArpCache" />
  <stc:commandTarget command="ArpNdStopCommand" default="0" target="ArpCache" />
  <stc:commandTarget command="ArpNdVerifyResolvedCommand" default="1" target="ArpCache" />
  <stc:commandTarget command="PingStartCommand" default="1" target="ArpCache" />
  <stc:commandTarget command="PingStopCommand" default="0" target="ArpCache" />
  <stc:commandTarget command="ArpNdUpdateArpCacheCommand" default="1" target="ArpCache" />

</stc:meta>