<stc:meta xmlns:stc="urn:www.spirentcom.com:XMLSchema.xsd" id="0x9D000000" package="routing" plugin="bmp" version="0.0.0-0">

  
  <stc:idlDef idlDepends="" idlImplements="../../../../framework/idl/ifSetup_Autogen.idl" idlIncludes="../../../../framework/idl/result_Autogen.idl" idlName="bmp" idlVersion="1" isInterface="true" />

  
  
  

  <stc:class baseClass="core.ProtocolConfig" canCreate="true" displayName="BMP" id="0x9D001000" idlMapped="bmp" ilMapped="root" isInternal="false" isReadOnly="false" isSingleton="false" name="BmpProtocolConfig" noSave="false" profile="bmp">

    
    <stc:attribute id="0x9D001001" internalIsEnum="false" internalType="string" name="none" type="framework.EventMessageDefaultTypes" value="ProtocolDefaultEvents" />

    
    <stc:relation allowDuplicate="false" dstClassRef="BmpProtocolConfig" dstName="none" embedDstInIlClass="false" embedSrcInIlClass="false" id="0x9D001002" isInternal="false" maxOccurs="1" minOccurs="0" name="ParentRouter" order="sequenced" srcClassRef="core.EmulatedDevice" srcName="none" type="framework.ParentChild" />

    <stc:enumeration idlMapped="true" ilMapped="true" isFlags="false" name="EnumBmpBlockState">
      <stc:enum displayName="Not Started" idlMapped="true" ilMapped="true" name="NONE" value="0x00" />
      <stc:enum displayName="IDLE" idlMapped="true" ilMapped="true" name="IDLE" value="0x01" />
      <stc:enum displayName="PENDING" idlMapped="true" ilMapped="true" name="PENDING" value="0x02" />
      <stc:enum displayName="UP" idlMapped="true" ilMapped="true" name="UP" value="0x03" />
    </stc:enumeration>
    
    

    <stc:property category="state" collectionType="vector" databaseType="DEFAULT" default="NONE" displayName="State" format="number" id="0x9D001003" idlMapped="false" ilMapped="false" isComposite="false" isDataStream="false" isDeprecated="false" isInternal="false" isReadOnly="true" maxOccurs="1" minOccurs="1" name="State" noSave="true" nullable="false" onModifyNotifyMode="queued" precision="" replaces="" type="u8">
      <stc:enumerationRef ref="EnumBmpBlockState" />
    </stc:property>


  </stc:class>

</stc:meta>