<stc:meta xmlns:stc="urn:www.spirentcom.com:XMLSchema.xsd" id="0x8E000000" package="common" plugin="contentcore" version="0.0.0-0">


  
  
  <stc:relationType allowDuplicate="false" dstName="ProtocolConnectionDestination" id="0x8E000001" name="ProtocolConnectionDestination" saveAtSource="true" srcName="ProtocolConnectionDestinationSource" />

  
  <stc:relationType allowDuplicate="false" dstName="AffiliatedProtocolProfile" id="0x8E000002" name="AffiliatedProtocolProfile" saveAtSource="true" srcName="AffiliatedProtocolProfileSource" />

  
  <stc:idlDef idlDepends="../../../../framework/idl/ifSetup_Autogen.idl" idlImplements="ifSetup_1.idl" idlIncludes="" idlName="contentBase" idlVersion="1" isInterface="true" />
  <stc:idlDef idlDepends="" idlImplements="" idlIncludes="" idlName="contentBaseLoad" idlVersion="1" isInterface="true" />
	
  

  

  
  <stc:class baseClass="framework.Scriptable" canCreate="false" id="0x8E001000" idlMapped="contentBase" ilMapped="root" isInternal="false" isReadOnly="false" isSingleton="false" name="ContentBaseProtocolProfile" noSave="false" profile="contentcore">
    
    <stc:relation allowDuplicate="false" dstClassRef="ContentBaseProtocolProfile" dstName="none" embedDstInIlClass="false" embedSrcInIlClass="false" id="0x8E001001" isInternal="false" maxOccurs="unbounded" minOccurs="0" name="ParentContentBaseProtocolProfile" order="sequenced" srcClassRef="framework.Project" srcName="none" type="framework.ParentChild" />

    <stc:property category="config" collectionType="vector" databaseType="DEFAULT" default="" displayName="Profile Name" format="number" id="0x8E001002" idlMapped="true" ilMapped="true" isComposite="false" isDataStream="false" isDeprecated="false" isInternal="false" isReadOnly="false" maxOccurs="1" minOccurs="1" name="ProfileName" noSave="false" nullable="false" onModifyNotifyMode="periodic" precision="" replaces="" type="string">
      <stc:condition operator="equal" property="IsDefaultProfile" type="editable" value="false" />
    </stc:property>

    
    <stc:property category="config" collectionType="vector" databaseType="DEFAULT" default="false" displayName="Is Default Profile" format="number" id="0x8E001003" idlMapped="true" ilMapped="true" isComposite="false" isDataStream="false" isDeprecated="false" isInternal="true" isReadOnly="false" maxOccurs="1" minOccurs="1" name="IsDefaultProfile" noSave="false" nullable="false" onModifyNotifyMode="periodic" precision="" replaces="" type="bool">
    </stc:property>
  </stc:class>

  
  <stc:class baseClass="framework.Scriptable" canCreate="false" id="0x8E002000" idlMapped="contentBase" ilMapped="root" isInternal="false" isReadOnly="false" isSingleton="false" name="L4L7ProfileConfig" noSave="false" profile="contentcore">

    <stc:relation allowDuplicate="false" dstClassRef="L4L7ProfileConfig" dstName="none" embedDstInIlClass="false" embedSrcInIlClass="false" id="0x8E002001" isInternal="false" maxOccurs="unbounded" minOccurs="0" name="ParentProject" order="sequenced" srcClassRef="ContentBaseProtocolProfile" srcName="none" type="framework.ParentChild" />

    

    
    <stc:property category="config" collectionType="vector" databaseType="DEFAULT" default="TOS" displayName="ToS Type" format="number" id="0x8E002002" idlMapped="false" ilMapped="false" isComposite="false" isDataStream="false" isDeprecated="false" isInternal="false" isReadOnly="false" maxOccurs="1" minOccurs="1" name="TosType" noSave="false" nullable="false" onModifyNotifyMode="periodic" precision="" replaces="" type="u8">
      <stc:enumerationRef ref="core.Ipv4If.EnumTosType" />
    </stc:property>

    
    <stc:property category="config" collectionType="vector" databaseType="DEFAULT" default="192" displayName="IPv4 ToS Value (Hex)" format="hex" id="0x8E002003" idlMapped="true" ilMapped="true" isComposite="false" isDataStream="false" isDeprecated="false" isInternal="false" isReadOnly="false" maxOccurs="1" minOccurs="1" name="Ipv4Tos" noSave="false" nullable="false" onModifyNotifyMode="periodic" precision="" replaces="" type="u8">
      <stc:condition operator="equal" property="IsDefaultProfile" type="editable" value="false" />
      <stc:numericValidation errorMsg="Please enter a valid number" maxInclusive="255" minInclusive="0" />
    </stc:property>

    
    <stc:property category="config" collectionType="vector" databaseType="DEFAULT" default="0" displayName="IPv6 Traffic Class value (Hex)" format="hex" id="0x8E002004" idlMapped="true" ilMapped="true" isComposite="false" isDataStream="false" isDeprecated="false" isInternal="false" isReadOnly="false" maxOccurs="1" minOccurs="1" name="Ipv6TrafficClass" noSave="false" nullable="false" onModifyNotifyMode="periodic" precision="" replaces="" type="u8">
      <stc:condition operator="equal" property="IsDefaultProfile" type="editable" value="false" />
      <stc:numericValidation errorMsg="Please enter a valid number" maxInclusive="255" minInclusive="0" />
    </stc:property>

    
    <stc:property category="config" collectionType="vector" databaseType="DEFAULT" default="32768" displayName="Receive Window Size Limit (bytes)" format="number" id="0x8E002005" idlMapped="true" ilMapped="true" isComposite="false" isDataStream="false" isDeprecated="false" isInternal="false" isReadOnly="false" maxOccurs="1" minOccurs="1" name="RxWindowSizeLimit" noSave="false" nullable="false" onModifyNotifyMode="periodic" precision="" replaces="" type="u32">
      <stc:condition operator="equal" property="IsDefaultProfile" type="editable" value="false" />
    </stc:property>

    
    <stc:property category="config" collectionType="vector" databaseType="DEFAULT" default="false" displayName="Enable Delayed ACK" format="number" id="0x8E002006" idlMapped="true" ilMapped="true" isComposite="false" isDataStream="false" isDeprecated="false" isInternal="false" isReadOnly="false" maxOccurs="1" minOccurs="1" name="EnableDelayedAck" noSave="false" nullable="false" onModifyNotifyMode="periodic" precision="" replaces="" type="bool">
      <stc:condition operator="equal" property="IsDefaultProfile" type="editable" value="false" />
    </stc:property>

    
    <stc:property category="config" collectionType="vector" databaseType="DEFAULT" default="false" displayName="Is Default Profile" format="number" id="0x8E002007" idlMapped="true" ilMapped="true" isComposite="false" isDataStream="false" isDeprecated="false" isInternal="true" isReadOnly="false" maxOccurs="1" minOccurs="1" name="IsDefaultProfile" noSave="false" nullable="false" onModifyNotifyMode="periodic" precision="" replaces="" type="bool">
      <stc:condition operator="equal" property="IsDefaultProfile" type="editable" value="false" />
    </stc:property>
  </stc:class>

  
  <stc:class baseClass="framework.Scriptable" canCreate="false" id="0x8E003000" idlMapped="contentBaseLoad" ilMapped="root" isInternal="false" isReadOnly="false" isSingleton="false" name="ProtocolLoadProfile" noSave="false" profile="contentcore">
    
    <stc:relation allowDuplicate="false" dstClassRef="ProtocolLoadProfile" dstName="none" embedDstInIlClass="false" embedSrcInIlClass="false" id="0x8E003001" isInternal="false" maxOccurs="unbounded" minOccurs="0" name="ParentProject" order="sequenced" srcClassRef="framework.Project" srcName="none" type="framework.ParentChild" />

    
    <stc:enumeration idlMapped="true" ilMapped="true" isFlags="false" name="LoadTypes">
      <stc:enum displayName="Connections" idlMapped="true" ilMapped="true" name="CONNECTIONS" value="0" />
      <stc:enum displayName="Connections Per Time Unit" idlMapped="true" ilMapped="true" name="CONNECTIONS_PER_TIME_UNIT" value="1" />
      <stc:enum displayName="Transactions" idlMapped="true" ilMapped="true" name="TRANSACTIONS" value="2" />
      <stc:enum displayName="Transactions Per Time Unit" idlMapped="true" ilMapped="true" name="TRANSACTIONS_PER_TIME_UNIT" value="3" />
      <stc:enum displayName="Bandwidth in kbps" idlMapped="true" ilMapped="true" name="BANDWIDTH" value="4" />
      <stc:enum displayName="Playlists" idlMapped="true" ilMapped="true" name="PLAYLISTS" value="5" />
    </stc:enumeration>

    
    <stc:property category="config" collectionType="vector" databaseType="DEFAULT" default="" displayName="Profile Name" format="number" id="0x8E003002" idlMapped="false" ilMapped="false" isComposite="false" isDataStream="false" isDeprecated="false" isInternal="false" isReadOnly="false" maxOccurs="1" minOccurs="1" name="ProfileName" noSave="false" nullable="false" onModifyNotifyMode="periodic" precision="" replaces="" type="string">
      <stc:condition operator="equal" property="IsDefaultProfile" type="editable" value="false" />
    </stc:property>

    
    <stc:property category="config" collectionType="vector" databaseType="DEFAULT" default="CONNECTIONS" displayName="Load Type" format="number" id="0x8E003003" idlMapped="true" ilMapped="true" isComposite="false" isDataStream="false" isDeprecated="false" isInternal="false" isReadOnly="false" maxOccurs="1" minOccurs="1" name="LoadType" noSave="false" nullable="false" onModifyNotifyMode="periodic" precision="" replaces="" type="u8">
      <stc:enumerationRef ref="LoadTypes" />
      <stc:condition operator="equal" property="IsDefaultProfile" type="editable" value="false" />
    </stc:property>

    

    
    <stc:property category="config" collectionType="vector" databaseType="DEFAULT" default="false" displayName="Use Dynamic Load" format="number" id="0x8E003004" idlMapped="true" ilMapped="true" isComposite="false" isDataStream="false" isDeprecated="false" isInternal="false" isReadOnly="false" maxOccurs="1" minOccurs="1" name="UseDynamicLoad" noSave="false" nullable="false" onModifyNotifyMode="periodic" precision="" replaces="" type="bool">
      <stc:condition operator="equal" property="LoadType" type="editable" value="LoadTypes.Bandwidth" />
    </stc:property>

    
    <stc:property category="config" collectionType="vector" databaseType="DEFAULT" default="123456" displayName="Randomization Seed" format="number" id="0x8E003005" idlMapped="true" ilMapped="true" isComposite="false" isDataStream="false" isDeprecated="false" isInternal="false" isReadOnly="false" maxOccurs="1" minOccurs="1" name="RandomizationSeed" noSave="false" nullable="false" onModifyNotifyMode="periodic" precision="" replaces="" type="u32">
      <stc:condition operator="equal" property="IsDefaultProfile" type="editable" value="false" />
    </stc:property>

    
    <stc:property category="config" collectionType="vector" databaseType="DEFAULT" default="4294967295" displayName="Maximum Connections Attempted" format="number" id="0x8E003006" idlMapped="true" ilMapped="true" isComposite="false" isDataStream="false" isDeprecated="false" isInternal="false" isReadOnly="false" maxOccurs="1" minOccurs="1" name="MaxConnectionsAttempted" noSave="false" nullable="false" onModifyNotifyMode="periodic" precision="" replaces="" type="u32">
      <stc:condition operator="equal" property="IsDefaultProfile" type="editable" value="false" />
    </stc:property>

    
    <stc:property category="config" collectionType="vector" databaseType="DEFAULT" default="4096" displayName="Maximum Open Connections" format="number" id="0x8E003007" idlMapped="true" ilMapped="true" isComposite="false" isDataStream="false" isDeprecated="false" isInternal="false" isReadOnly="false" maxOccurs="1" minOccurs="1" name="MaxOpenConnections" noSave="false" nullable="false" onModifyNotifyMode="periodic" precision="" replaces="" type="u32">
      <stc:condition operator="equal" property="IsDefaultProfile" type="editable" value="false" />
    </stc:property>

    
    <stc:property category="config" collectionType="vector" databaseType="DEFAULT" default="4294967295" displayName="Maximum Transactions Attempted" format="number" id="0x8E003008" idlMapped="true" ilMapped="true" isComposite="false" isDataStream="false" isDeprecated="false" isInternal="false" isReadOnly="false" maxOccurs="1" minOccurs="1" name="MaxTransactionsAttempted" noSave="false" nullable="false" onModifyNotifyMode="periodic" precision="" replaces="" type="u32">
      <stc:condition operator="equal" property="IsDefaultProfile" type="editable" value="false" />
    </stc:property>

    
    <stc:property category="config" collectionType="vector" databaseType="DEFAULT" default="false" displayName="Is Default Profile" format="number" id="0x8E003009" idlMapped="true" ilMapped="true" isComposite="false" isDataStream="false" isDeprecated="false" isInternal="true" isReadOnly="false" maxOccurs="1" minOccurs="1" name="IsDefaultProfile" noSave="false" nullable="false" onModifyNotifyMode="periodic" precision="" replaces="" type="bool">
    </stc:property>
  </stc:class>

  <stc:class baseClass="ProtocolLoadProfile" canCreate="true" id="0x8E004000" idlMapped="na" ilMapped="root" isInternal="false" isReadOnly="false" isSingleton="false" name="ClientLoadProfile" noSave="false" profile="contentcore">
  </stc:class>

  
  <stc:class baseClass="framework.Scriptable" canCreate="true" id="0x8E005000" idlMapped="contentBaseLoad" ilMapped="root" isInternal="false" isReadOnly="false" isSingleton="false" name="ProtocolLoadPhase" noSave="false" profile="contentcore">
    
    <stc:relation allowDuplicate="false" dstClassRef="ProtocolLoadPhase" dstName="none" embedDstInIlClass="false" embedSrcInIlClass="false" id="0x8E005001" isInternal="false" maxOccurs="unbounded" minOccurs="0" name="ParentProtocolLoadProfile" order="sequenced" srcClassRef="ProtocolLoadProfile" srcName="none" type="framework.ParentChild" />

    
    <stc:relation allowDuplicate="false" dstClassRef="LoadPhasePatternDescriptor" dstName="none" embedDstInIlClass="false" embedSrcInIlClass="false" id="0x8E005002" isInternal="false" maxOccurs="1" minOccurs="0" name="ParentProtocolLoadPhase" order="sequenced" srcClassRef="ProtocolLoadPhase" srcName="none" type="framework.ParentChild" />

    
    <stc:enumeration idlMapped="true" ilMapped="true" isFlags="false" name="ClientLoadPhaseTimeUnitOptions">
      <stc:enum displayName="Milliseconds" idlMapped="true" ilMapped="true" name="MILLISECONDS" value="0" />
      <stc:enum displayName="Seconds" idlMapped="true" ilMapped="true" name="SECONDS" value="1" />
      <stc:enum displayName="Minutes" idlMapped="true" ilMapped="true" name="MINUTES" value="2" />
      <stc:enum displayName="Hours" idlMapped="true" ilMapped="true" name="HOURS" value="3" />

    </stc:enumeration>

    
    <stc:enumeration idlMapped="true" ilMapped="true" isFlags="false" name="LoadPatternTypes">
      <stc:enum displayName="Stair" idlMapped="true" ilMapped="true" name="STAIR" value="0" />
      <stc:enum displayName="Flat" idlMapped="true" ilMapped="true" name="FLAT" value="1" />
      <stc:enum displayName="Burst" idlMapped="true" ilMapped="true" name="BURST" value="2" />
      <stc:enum displayName="Sinusoid" idlMapped="true" ilMapped="true" name="SINUSOID" value="3" />
      <stc:enum displayName="Random" idlMapped="true" ilMapped="true" name="RANDOM" value="4" />
      <stc:enum displayName="Saw Tooth" idlMapped="true" ilMapped="true" name="SAWTOOTH" value="5" />
    </stc:enumeration>

    
    <stc:property category="config" collectionType="vector" databaseType="DEFAULT" default="" displayName="Phase Name" format="number" id="0x8E005003" idlMapped="false" ilMapped="false" isComposite="false" isDataStream="false" isDeprecated="false" isInternal="false" isReadOnly="false" maxOccurs="1" minOccurs="1" name="PhaseName" noSave="false" nullable="false" onModifyNotifyMode="periodic" precision="" replaces="" type="string">
    </stc:property>

    
    <stc:property category="config" collectionType="vector" databaseType="DEFAULT" default="1" displayName="Phase Number" format="number" id="0x8E005004" idlMapped="false" ilMapped="false" isComposite="false" isDataStream="false" isDeprecated="false" isInternal="false" isReadOnly="false" maxOccurs="1" minOccurs="1" name="PhaseNum" noSave="false" nullable="false" onModifyNotifyMode="periodic" precision="" replaces="" type="u8">
    </stc:property>

    
    <stc:property category="config" collectionType="vector" databaseType="DEFAULT" default="STAIR" displayName="Load Pattern" format="number" id="0x8E005005" idlMapped="true" ilMapped="true" isComposite="false" isDataStream="false" isDeprecated="false" isInternal="false" isReadOnly="false" maxOccurs="1" minOccurs="1" name="LoadPattern" noSave="false" nullable="false" onModifyNotifyMode="periodic" precision="" replaces="" type="u8">
      <stc:enumerationRef ref="LoadPatternTypes" />
    </stc:property>

    
    <stc:property category="config" collectionType="vector" databaseType="DEFAULT" default="SECONDS" displayName="Load Phase Duration Units" format="number" id="0x8E005006" idlMapped="true" ilMapped="true" isComposite="false" isDataStream="false" isDeprecated="false" isInternal="false" isReadOnly="false" maxOccurs="1" minOccurs="1" name="LoadPhaseDurationUnits" noSave="false" nullable="false" onModifyNotifyMode="periodic" precision="" replaces="" type="u8">
      <stc:enumerationRef ref="ClientLoadPhaseTimeUnitOptions" />
    </stc:property>

    
  </stc:class>

  <stc:class baseClass="ProtocolLoadPhase" canCreate="true" id="0x8E006000" idlMapped="na" ilMapped="root" isInternal="false" isReadOnly="false" isSingleton="false" name="ClientLoadPhase" noSave="false" profile="contentcore">
  </stc:class>

  
  <stc:class baseClass="framework.Scriptable" canCreate="false" id="0x8E007000" idlMapped="na" ilMapped="na" isInternal="false" isReadOnly="false" isSingleton="false" name="LoadPhasePatternDescriptor" noSave="false" profile="contentcore">
  </stc:class>

  
  <stc:class baseClass="LoadPhasePatternDescriptor" canCreate="true" id="0x8E008000" idlMapped="contentBaseLoad" ilMapped="root" isInternal="false" isReadOnly="false" isSingleton="false" name="StairPatternDescriptor" noSave="false" profile="contentcore">
    
    <stc:property category="config" collectionType="vector" databaseType="DEFAULT" default="30" displayName="Height" format="number" id="0x8E008001" idlMapped="true" ilMapped="true" isComposite="false" isDataStream="false" isDeprecated="false" isInternal="false" isReadOnly="false" maxOccurs="1" minOccurs="1" name="Height" noSave="false" nullable="false" onModifyNotifyMode="periodic" precision="" replaces="" type="s32">
    </stc:property>

    
    <stc:property category="config" collectionType="vector" databaseType="DEFAULT" default="1" displayName="Repetitions" format="number" id="0x8E008002" idlMapped="true" ilMapped="true" isComposite="false" isDataStream="false" isDeprecated="false" isInternal="false" isReadOnly="false" maxOccurs="1" minOccurs="1" name="Repetitions" noSave="false" nullable="false" onModifyNotifyMode="periodic" precision="" replaces="" type="u32">
    </stc:property>

    
    <stc:property category="config" collectionType="vector" databaseType="DEFAULT" default="20" displayName="Ramp Time" format="number" id="0x8E008003" idlMapped="true" ilMapped="true" isComposite="false" isDataStream="false" isDeprecated="false" isInternal="false" isReadOnly="false" maxOccurs="1" minOccurs="1" name="RampTime" noSave="false" nullable="false" onModifyNotifyMode="periodic" precision="" replaces="" type="u32">
    </stc:property>

    
    <stc:property category="config" collectionType="vector" databaseType="DEFAULT" default="40" displayName="Steady Time" format="number" id="0x8E008004" idlMapped="true" ilMapped="true" isComposite="false" isDataStream="false" isDeprecated="false" isInternal="false" isReadOnly="false" maxOccurs="1" minOccurs="1" name="SteadyTime" noSave="false" nullable="false" onModifyNotifyMode="periodic" precision="" replaces="" type="u32">
    </stc:property>
  </stc:class>

  
  <stc:class baseClass="LoadPhasePatternDescriptor" canCreate="true" id="0x8E009000" idlMapped="contentBaseLoad" ilMapped="root" isInternal="false" isReadOnly="false" isSingleton="false" name="FlatPatternDescriptor" noSave="false" profile="contentcore">
    
    <stc:property category="config" collectionType="vector" databaseType="DEFAULT" default="30" displayName="Height" format="number" id="0x8E009001" idlMapped="true" ilMapped="true" isComposite="false" isDataStream="false" isDeprecated="false" isInternal="false" isReadOnly="false" maxOccurs="1" minOccurs="1" name="Height" noSave="false" nullable="false" onModifyNotifyMode="periodic" precision="" replaces="" type="s32">
    </stc:property>

    
    <stc:property category="config" collectionType="vector" databaseType="DEFAULT" default="20" displayName="Ramp Time" format="number" id="0x8E009002" idlMapped="true" ilMapped="true" isComposite="false" isDataStream="false" isDeprecated="false" isInternal="false" isReadOnly="false" maxOccurs="1" minOccurs="1" name="RampTime" noSave="false" nullable="false" onModifyNotifyMode="periodic" precision="" replaces="" type="u32">
    </stc:property>

    
    <stc:property category="config" collectionType="vector" databaseType="DEFAULT" default="40" displayName="Steady Time" format="number" id="0x8E009003" idlMapped="true" ilMapped="true" isComposite="false" isDataStream="false" isDeprecated="false" isInternal="false" isReadOnly="false" maxOccurs="1" minOccurs="1" name="SteadyTime" noSave="false" nullable="false" onModifyNotifyMode="periodic" precision="" replaces="" type="u32">
    </stc:property>
  </stc:class>

  
  <stc:class baseClass="LoadPhasePatternDescriptor" canCreate="true" id="0x8E00A000" idlMapped="contentBaseLoad" ilMapped="root" isInternal="false" isReadOnly="false" isSingleton="false" name="BurstPatternDescriptor" noSave="false" profile="contentcore">
    
    <stc:property category="config" collectionType="vector" databaseType="DEFAULT" default="30" displayName="Height" format="number" id="0x8E00A001" idlMapped="true" ilMapped="true" isComposite="false" isDataStream="false" isDeprecated="false" isInternal="false" isReadOnly="false" maxOccurs="1" minOccurs="1" name="Height" noSave="false" nullable="false" onModifyNotifyMode="periodic" precision="" replaces="" type="s32">
    </stc:property>

    
    <stc:property category="config" collectionType="vector" databaseType="DEFAULT" default="1" displayName="Repetitions" format="number" id="0x8E00A002" idlMapped="true" ilMapped="true" isComposite="false" isDataStream="false" isDeprecated="false" isInternal="false" isReadOnly="false" maxOccurs="1" minOccurs="1" name="Repetitions" noSave="false" nullable="false" onModifyNotifyMode="periodic" precision="" replaces="" type="u32">
    </stc:property>

    
    <stc:property category="config" collectionType="vector" databaseType="DEFAULT" default="20" displayName="Burst Time" format="number" id="0x8E00A003" idlMapped="true" ilMapped="true" isComposite="false" isDataStream="false" isDeprecated="false" isInternal="false" isReadOnly="false" maxOccurs="1" minOccurs="1" name="BurstTime" noSave="false" nullable="false" onModifyNotifyMode="periodic" precision="" replaces="" type="u32">
    </stc:property>

    
    <stc:property category="config" collectionType="vector" databaseType="DEFAULT" default="40" displayName="Pause Time" format="number" id="0x8E00A004" idlMapped="true" ilMapped="true" isComposite="false" isDataStream="false" isDeprecated="false" isInternal="false" isReadOnly="false" maxOccurs="1" minOccurs="1" name="PauseTime" noSave="false" nullable="false" onModifyNotifyMode="periodic" precision="" replaces="" type="u32">
    </stc:property>
  </stc:class>

  
  <stc:class baseClass="LoadPhasePatternDescriptor" canCreate="true" id="0x8E00B000" idlMapped="contentBaseLoad" ilMapped="root" isInternal="false" isReadOnly="false" isSingleton="false" name="SinusoidPatternDescriptor" noSave="false" profile="contentcore">
    
    <stc:property category="config" collectionType="vector" databaseType="DEFAULT" default="30" displayName="Height" format="number" id="0x8E00B001" idlMapped="true" ilMapped="true" isComposite="false" isDataStream="false" isDeprecated="false" isInternal="false" isReadOnly="false" maxOccurs="1" minOccurs="1" name="Height" noSave="false" nullable="false" onModifyNotifyMode="periodic" precision="" replaces="" type="s32">
    </stc:property>

    
    <stc:property category="config" collectionType="vector" databaseType="DEFAULT" default="1" displayName="Repetitions" format="number" id="0x8E00B002" idlMapped="true" ilMapped="true" isComposite="false" isDataStream="false" isDeprecated="false" isInternal="false" isReadOnly="false" maxOccurs="1" minOccurs="1" name="Repetitions" noSave="false" nullable="false" onModifyNotifyMode="periodic" precision="" replaces="" type="u32">
    </stc:property>

    
    <stc:property category="config" collectionType="vector" databaseType="DEFAULT" default="600" displayName="Period" format="number" id="0x8E00B003" idlMapped="true" ilMapped="true" isComposite="false" isDataStream="false" isDeprecated="false" isInternal="false" isReadOnly="false" maxOccurs="1" minOccurs="1" name="Period" noSave="false" nullable="false" onModifyNotifyMode="periodic" precision="" replaces="" type="u32">
    </stc:property>
  </stc:class>

  
  <stc:class baseClass="LoadPhasePatternDescriptor" canCreate="true" id="0x8E00C000" idlMapped="contentBaseLoad" ilMapped="root" isInternal="false" isReadOnly="false" isSingleton="false" name="RandomPatternDescriptor" noSave="false" profile="contentcore">
    
    <stc:property category="config" collectionType="vector" databaseType="DEFAULT" default="30" displayName="Height" format="number" id="0x8E00C001" idlMapped="true" ilMapped="true" isComposite="false" isDataStream="false" isDeprecated="false" isInternal="false" isReadOnly="false" maxOccurs="1" minOccurs="1" name="Height" noSave="false" nullable="false" onModifyNotifyMode="periodic" precision="" replaces="" type="s32">
    </stc:property>

    
    <stc:property category="config" collectionType="vector" databaseType="DEFAULT" default="1" displayName="Repetitions" format="number" id="0x8E00C002" idlMapped="true" ilMapped="true" isComposite="false" isDataStream="false" isDeprecated="false" isInternal="false" isReadOnly="false" maxOccurs="1" minOccurs="1" name="Repetitions" noSave="false" nullable="false" onModifyNotifyMode="periodic" precision="" replaces="" type="u32">
    </stc:property>

    
    <stc:property category="config" collectionType="vector" databaseType="DEFAULT" default="20" displayName="Ramp Time" format="number" id="0x8E00C003" idlMapped="true" ilMapped="true" isComposite="false" isDataStream="false" isDeprecated="false" isInternal="false" isReadOnly="false" maxOccurs="1" minOccurs="1" name="RampTime" noSave="false" nullable="false" onModifyNotifyMode="periodic" precision="" replaces="" type="u32">
    </stc:property>

    
    <stc:property category="config" collectionType="vector" databaseType="DEFAULT" default="40" displayName="Steady Time" format="number" id="0x8E00C004" idlMapped="true" ilMapped="true" isComposite="false" isDataStream="false" isDeprecated="false" isInternal="false" isReadOnly="false" maxOccurs="1" minOccurs="1" name="SteadyTime" noSave="false" nullable="false" onModifyNotifyMode="periodic" precision="" replaces="" type="u32">
    </stc:property>
  </stc:class>

  
  <stc:class baseClass="LoadPhasePatternDescriptor" canCreate="true" id="0x8E00D000" idlMapped="contentBaseLoad" ilMapped="root" isInternal="false" isReadOnly="false" isSingleton="false" name="SawToothPatternDescriptor" noSave="false" profile="contentcore">
    
    <stc:property category="config" collectionType="vector" databaseType="DEFAULT" default="30" displayName="Height" format="number" id="0x8E00D001" idlMapped="true" ilMapped="true" isComposite="false" isDataStream="false" isDeprecated="false" isInternal="false" isReadOnly="false" maxOccurs="1" minOccurs="1" name="Height" noSave="false" nullable="false" onModifyNotifyMode="periodic" precision="" replaces="" type="s32">
    </stc:property>

    
    <stc:property category="config" collectionType="vector" databaseType="DEFAULT" default="1" displayName="Repetitions" format="number" id="0x8E00D002" idlMapped="true" ilMapped="true" isComposite="false" isDataStream="false" isDeprecated="false" isInternal="false" isReadOnly="false" maxOccurs="1" minOccurs="1" name="Repetitions" noSave="false" nullable="false" onModifyNotifyMode="periodic" precision="" replaces="" type="u32">
    </stc:property>

    
    <stc:property category="config" collectionType="vector" databaseType="DEFAULT" default="20" displayName="Pause Time" format="number" id="0x8E00D003" idlMapped="true" ilMapped="true" isComposite="false" isDataStream="false" isDeprecated="false" isInternal="false" isReadOnly="false" maxOccurs="1" minOccurs="1" name="PauseTime" noSave="false" nullable="false" onModifyNotifyMode="periodic" precision="" replaces="" type="u32">
    </stc:property>

    
    <stc:property category="config" collectionType="vector" databaseType="DEFAULT" default="40" displayName="Steady Time" format="number" id="0x8E00D004" idlMapped="true" ilMapped="true" isComposite="false" isDataStream="false" isDeprecated="false" isInternal="false" isReadOnly="false" maxOccurs="1" minOccurs="1" name="SteadyTime" noSave="false" nullable="false" onModifyNotifyMode="periodic" precision="" replaces="" type="u32">
    </stc:property>
  </stc:class>

  
  <stc:class baseClass="core.ProtocolConfig" canCreate="false" id="0x8E00E000" idlMapped="contentBase" ilMapped="root" isInternal="false" isReadOnly="false" isSingleton="false" name="ContentBaseProtocolConfig" noSave="false" profile="contentcore">
    
    <stc:relation allowDuplicate="false" dstClassRef="ContentBaseProtocolConfig" dstName="none" embedDstInIlClass="false" embedSrcInIlClass="false" id="0x8E00E001" isInternal="false" maxOccurs="unbounded" minOccurs="0" name="ParentDevice" order="sequenced" srcClassRef="core.EmulatedDevice" srcName="none" type="framework.ParentChild" />

    <stc:relation allowDuplicate="false" dstClassRef="ContentBaseProtocolConfig" dstName="none" embedDstInIlClass="false" embedSrcInIlClass="false" id="0x8E00E002" isInternal="false" maxOccurs="unbounded" minOccurs="0" name="ConnectionDst" order="sequenced" srcClassRef="ContentBaseProtocolConfig" srcName="none" type="ProtocolConnectionDestination" />

    
    <stc:relation allowDuplicate="false" dstClassRef="common.contentcore.ProtocolLoadProfile" dstName="none" embedDstInIlClass="false" embedSrcInIlClass="false" id="0x8E00E003" isInternal="false" maxOccurs="1" minOccurs="0" name="AffiliatedClientLoadProfile" order="sequenced" srcClassRef="ContentBaseProtocolConfig" srcName="none" type="core.AffiliatedClientLoadProfile" />

    
    <stc:relation allowDuplicate="false" dstClassRef="ContentBaseProtocolProfile" dstName="none" embedDstInIlClass="false" embedSrcInIlClass="false" id="0x8E00E004" isInternal="false" maxOccurs="1" minOccurs="0" name="AffiliatedProtocolProfile" order="sequenced" srcClassRef="ContentBaseProtocolConfig" srcName="none" type="AffiliatedProtocolProfile" />

    
    <stc:enumeration idlMapped="true" ilMapped="true" isFlags="false" name="EndpointConnectionPatternOptions">
      <stc:enum displayName="Pair" idlMapped="true" ilMapped="true" name="PAIR" value="0" />
      <stc:enum displayName="Backbone: Source First" idlMapped="true" ilMapped="true" name="BACKBONE_SRC_FIRST" value="1" />
      <stc:enum displayName="Backbone: Destination First" idlMapped="true" ilMapped="true" name="BACKBONE_DST_FIRST" value="2" />
      <stc:enum displayName="Backbone: Interleaved" idlMapped="true" ilMapped="true" name="BACKBONE_INTERLEAVED" value="3" />
    </stc:enumeration>

	<stc:enumeration idlMapped="true" ilMapped="true" isFlags="false" name="EnumCurrentProtocolState">
	  <stc:enum displayName="Protocol Up" idlMapped="true" ilMapped="true" name="PROTOCOL_UP" value="1" />
	  <stc:enum displayName="Protocol Down" idlMapped="true" ilMapped="true" name="PROTOCOL_DOWN" value="2" />
	</stc:enumeration>

	  
    <stc:property category="config" collectionType="vector" databaseType="DEFAULT" default="PAIR" displayName="Endpoint Connection Pattern" format="number" id="0x8E00E005" idlMapped="true" ilMapped="true" isComposite="false" isDataStream="false" isDeprecated="false" isInternal="false" isReadOnly="false" maxOccurs="1" minOccurs="1" name="EndpointConnectionPattern" noSave="false" nullable="false" onModifyNotifyMode="periodic" precision="" replaces="" type="u8">
        <stc:enumerationRef ref="EndpointConnectionPatternOptions" />
    </stc:property>

    
    <stc:property category="state" collectionType="vector" databaseType="DEFAULT" default="false" displayName="Load Profile Run State" format="number" id="0x8E00E006" idlMapped="false" ilMapped="false" isComposite="false" isDataStream="false" isDeprecated="false" isInternal="false" isReadOnly="true" maxOccurs="1" minOccurs="1" name="LoadProfileRunState" noSave="true" nullable="false" onModifyNotifyMode="queued" precision="" replaces="" type="bool" />

    
    <stc:property category="config" collectionType="vector" databaseType="DEFAULT" default="30" displayName="Dynamic Load" format="number" id="0x8E00E007" idlMapped="true" ilMapped="true" isComposite="false" isDataStream="false" isDeprecated="false" isInternal="false" isReadOnly="false" maxOccurs="1" minOccurs="1" name="DynamicLoad" noSave="false" nullable="false" onModifyNotifyMode="periodic" precision="" replaces="" type="s32">
      <stc:numericValidation errorMsg="Please enter a valid number" maxInclusive="1000000" minInclusive="1" />
    </stc:property>

    
	
	<stc:ilProperty collectionType="vector" maxOccurs="1" minOccurs="1" name="BllHandle" type="u32" />
	
		
	<stc:ilProperty collectionType="vector" maxOccurs="1" minOccurs="1" name="ParentId" type="u32" />
	
	<stc:ilProperty collectionType="vector" maxOccurs="1" minOccurs="1" name="RouterId" type="u32" />
	  
  </stc:class>

	
  <stc:class baseClass="framework.Scriptable" canCreate="false" id="0x8E00F000" idlMapped="contentBase" ilMapped="root" isInternal="false" isReadOnly="false" isSingleton="false" name="BaseChildObjectConfig" noSave="false" profile="contentcore">

	            
	<stc:ilProperty collectionType="vector" maxOccurs="1" minOccurs="1" name="BlockId" type="u32" />
	    
	<stc:ilProperty collectionType="vector" maxOccurs="unbounded" minOccurs="0" name="ParentIdList" type="u32" />
  </stc:class>	
	
  
  <stc:class baseClass="framework.Scriptable" canCreate="false" id="0x8E010000" idlMapped="contentBase" ilMapped="root" isInternal="false" isReadOnly="false" isSingleton="false" name="ContentBaseProtocolResponseConfig" noSave="false" profile="contentcore">
    
    <stc:enumeration idlMapped="true" ilMapped="true" isFlags="false" name="BodySizeOptions">
      <stc:enum displayName="Fixed" idlMapped="true" ilMapped="true" name="FIXED" value="0" />
      <stc:enum displayName="Random" idlMapped="true" ilMapped="true" name="RANDOM" value="1" />
    </stc:enumeration>

    
    <stc:enumeration idlMapped="true" ilMapped="true" isFlags="false" name="BodyContentOptions">
      <stc:enum displayName="ASCII" idlMapped="true" ilMapped="true" name="ASCII" value="0" />
      <stc:enum displayName="Binary" idlMapped="true" ilMapped="true" name="BINARY" value="1" />
    </stc:enumeration>

    
    <stc:enumeration idlMapped="true" ilMapped="true" isFlags="false" name="ResponseTimingOptions">
      <stc:enum displayName="Fixed" idlMapped="true" ilMapped="true" name="FIXED" value="0" />
      <stc:enum displayName="Random" idlMapped="true" ilMapped="true" name="RANDOM" value="1" />
    </stc:enumeration>

    
    <stc:property category="config" collectionType="vector" databaseType="DEFAULT" default="FIXED" displayName="Response Timing Type" format="number" id="0x8E010001" idlMapped="true" ilMapped="true" isComposite="false" isDataStream="false" isDeprecated="false" isInternal="false" isReadOnly="false" maxOccurs="1" minOccurs="1" name="ResponseTimingType" noSave="false" nullable="false" onModifyNotifyMode="periodic" precision="" replaces="" type="u8">
        <stc:enumerationRef ref="ResponseTimingOptions" />
    </stc:property>

    
    <stc:property category="config" collectionType="vector" databaseType="DEFAULT" default="0" displayName="Fixed Response Latency (msec)" format="number" id="0x8E010002" idlMapped="true" ilMapped="true" isComposite="false" isDataStream="false" isDeprecated="false" isInternal="false" isReadOnly="false" maxOccurs="1" minOccurs="1" name="FixedResponseLatency" noSave="false" nullable="false" onModifyNotifyMode="periodic" precision="" replaces="" type="u32">
      <stc:condition operator="equal" property="ResponseTimingType" type="applicable" value="ResponseTimingOptions.Fixed" />
    </stc:property>

    
    <stc:property category="config" collectionType="vector" databaseType="DEFAULT" default="0" displayName="Random Response Latency Mean (msec)" format="number" id="0x8E010003" idlMapped="true" ilMapped="true" isComposite="false" isDataStream="false" isDeprecated="false" isInternal="false" isReadOnly="false" maxOccurs="1" minOccurs="1" name="RandomResponseLatencyMean" noSave="false" nullable="false" onModifyNotifyMode="periodic" precision="" replaces="" type="u32">
      <stc:condition operator="equal" property="ResponseTimingType" type="applicable" value="ResponseTimingOptions.Random" />
    </stc:property>

    
    <stc:property category="config" collectionType="vector" databaseType="DEFAULT" default="0" displayName="Random Response Latency Std Deviation (msec)" format="number" id="0x8E010004" idlMapped="true" ilMapped="true" isComposite="false" isDataStream="false" isDeprecated="false" isInternal="false" isReadOnly="false" maxOccurs="1" minOccurs="1" name="RandomResponseLatencyStdDeviation" noSave="false" nullable="false" onModifyNotifyMode="periodic" precision="" replaces="" type="u32">
      <stc:condition operator="equal" property="ResponseTimingType" type="applicable" value="ResponseTimingOptions.Random" />
    </stc:property>
  </stc:class>

  
  
		
  

  
  
  

  

  
  
  <stc:class baseClass="core.WaitOnScriptablesCommand" canCreate="true" displayName="Wait For Load Profile Run Command To Finish" id="0x8E011000" idlMapped="na" ilMapped="na" isInternal="true" isReadOnly="false" isSingleton="false" name="ProtocolLoadProfileRunStateWaitCommand" noSave="true" profile="contentcore">
    <stc:attribute id="0x8E011001" internalIsEnum="false" internalType="string" name="none" type="framework.CommandDescription" value="Command to wait for Load Profile Run State to Start or Stop" />

    
    <stc:property category="config" collectionType="vector" databaseType="DEFAULT" default="false" displayName="Load Profile Run State" format="number" id="0x8E011002" idlMapped="true" ilMapped="true" isComposite="false" isDataStream="false" isDeprecated="false" isInternal="false" isReadOnly="false" maxOccurs="1" minOccurs="1" name="LoadProfileRunState" noSave="false" nullable="false" onModifyNotifyMode="periodic" precision="" replaces="" type="bool" />
  </stc:class>

  

    
    
    
    <stc:class baseClass="core.WaitOnScriptablesCommand" canCreate="false" displayName="Wait For State" id="0x8E012000" idlMapped="na" ilMapped="na" isInternal="false" isReadOnly="false" isSingleton="false" name="ContentBaseWaitForStateCommand" noSave="false" profile="contentcore">
    </stc:class>
 
  
	
  
  
	
	
</stc:meta>