<stc:meta xmlns:stc="urn:www.spirentcom.com:XMLSchema.xsd" id="0x26000000" package="channel" plugin="channel" version="0.0.0-0">




  
  <stc:class baseClass="core.ProtocolConfig" canCreate="false" id="0x26001000" idlMapped="na" ilMapped="na" isInternal="false" isReadOnly="false" isSingleton="false" name="Channel" noSave="false" profile="channel">


    
    <stc:relation allowDuplicate="false" dstClassRef="Channel" dstName="none" embedDstInIlClass="false" embedSrcInIlClass="false" id="0x26001001" isInternal="false" maxOccurs="unbounded" minOccurs="0" name="ParentEmulatedDevice" order="sequenced" srcClassRef="core.EmulatedDevice" srcName="none" type="framework.ParentChild" />
      
    




    <stc:enumeration idlMapped="true" ilMapped="true" isFlags="false" name="EnumChannelState">
      <stc:enum displayName="Not Started" idlMapped="true" ilMapped="true" name="CHANNEL_STATE_NO_STATE" value="0" />
      <stc:enum displayName="Up" idlMapped="true" ilMapped="true" name="CHANNEL_STATE_UP" value="1" />
      <stc:enum displayName="Down" idlMapped="true" ilMapped="true" name="CHANNEL_STATE_DOWN" value="2" />
    </stc:enumeration>





    
    <stc:property category="state" collectionType="vector" databaseType="DEFAULT" default="CHANNEL_STATE_NO_STATE" displayName="Channel State" format="number" id="0x26001002" idlMapped="true" ilMapped="true" isComposite="false" isDataStream="false" isDeprecated="false" isInternal="false" isReadOnly="true" maxOccurs="1" minOccurs="1" name="ChannelState" noSave="true" nullable="false" onModifyNotifyMode="queued" precision="" replaces="" type="u16">
      <stc:enumerationRef ref="EnumChannelState" />
    </stc:property>

  </stc:class>



  <stc:class baseClass="framework.Scriptable" canCreate="false" id="0x26002000" idlMapped="na" ilMapped="na" isInternal="false" isReadOnly="false" isSingleton="false" name="TxChannelOptions" noSave="false" profile="channel">   
  </stc:class>

  <stc:class baseClass="framework.Scriptable" canCreate="false" id="0x26003000" idlMapped="na" ilMapped="na" isInternal="false" isReadOnly="false" isSingleton="false" name="RxChannelOptions" noSave="false" profile="channel">
  </stc:class>  

  <stc:class baseClass="Channel" canCreate="false" id="0x26004000" idlMapped="na" ilMapped="na" isInternal="false" isReadOnly="false" isSingleton="false" name="PacketBaseChannel" noSave="false" profile="channel">

  </stc:class>

  <stc:class baseClass="TxChannelOptions" canCreate="false" id="0x26005000" idlMapped="na" ilMapped="na" isInternal="false" isReadOnly="false" isSingleton="false" name="TxPacketBaseChannelOptions" noSave="false" profile="channel">
  </stc:class>

  <stc:class baseClass="RxChannelOptions" canCreate="false" id="0x26006000" idlMapped="na" ilMapped="na" isInternal="false" isReadOnly="false" isSingleton="false" name="RxPacketBaseChannelOptions" noSave="false" profile="channel">
    <stc:enumeration idlMapped="true" ilMapped="true" isFlags="false" name="EnumRxQueueOverflowMode">
      <stc:enum displayName="Drop Last Receive" idlMapped="true" ilMapped="true" name="DROP_LAST_RECEIVE" value="0" />
      <stc:enum displayName="Drop First Receive" idlMapped="true" ilMapped="true" name="DROP_FIRST_RECEIVE" value="1" />
    </stc:enumeration>
    <stc:property category="config" collectionType="vector" databaseType="DEFAULT" default="DROP_LAST_RECEIVE" displayName="Receive Queue Limit" format="number" id="0x26006001" idlMapped="true" ilMapped="true" isComposite="false" isDataStream="false" isDeprecated="false" isInternal="false" isReadOnly="false" maxOccurs="1" minOccurs="1" name="RxQueueOverflowMode" noSave="false" nullable="false" onModifyNotifyMode="periodic" precision="" replaces="" type="u8">
      <stc:enumerationRef ref="EnumRxQueueOverflowMode" />
    </stc:property>
    <stc:property category="config" collectionType="vector" databaseType="DEFAULT" default="100" displayName="Receive Queue Limit" format="number" id="0x26006002" idlMapped="true" ilMapped="true" isComposite="false" isDataStream="false" isDeprecated="false" isInternal="false" isReadOnly="false" maxOccurs="1" minOccurs="1" name="RxQueueLimit" noSave="false" nullable="false" onModifyNotifyMode="periodic" precision="" replaces="" type="u16">
      <stc:numericValidation errorMsg="Please enter a valid number" maxInclusive="5000" minInclusive="1" />
    </stc:property>
  </stc:class>



  <stc:class baseClass="PacketBaseChannel" canCreate="true" id="0x26007000" idlMapped="na" ilMapped="na" isInternal="false" isReadOnly="false" isSingleton="false" name="PacketChannel" noSave="false" profile="channel">
    <stc:enumeration idlMapped="true" ilMapped="true" isFlags="false" name="EnumEncapsulationType">
      <stc:enum displayName="IPv4 Encap" idlMapped="true" ilMapped="true" name="IPV4" value="1" />
      <stc:enum displayName="IPv6 Encap" idlMapped="true" ilMapped="true" name="IPV6" value="2" />
      <stc:enum displayName="CLNP Encap" idlMapped="true" ilMapped="true" name="CLNP" value="3" />
    </stc:enumeration>
    <stc:property category="config" collectionType="vector" databaseType="DEFAULT" default="IPV4" displayName="Encapsulation Type" format="number" id="0x26007001" idlMapped="true" ilMapped="true" isComposite="false" isDataStream="false" isDeprecated="false" isInternal="false" isReadOnly="false" maxOccurs="1" minOccurs="1" name="EncapsulationType" noSave="false" nullable="false" onModifyNotifyMode="periodic" precision="" replaces="" type="u8">
      <stc:enumerationRef ref="EnumEncapsulationType" />
    </stc:property>
  </stc:class>



  <stc:class baseClass="TxPacketBaseChannelOptions" canCreate="true" id="0x26008000" idlMapped="na" ilMapped="na" isInternal="false" isReadOnly="false" isSingleton="false" name="TxPacketChannelOptions" noSave="false" profile="channel">
    
    <stc:relation allowDuplicate="false" dstClassRef="TxPacketChannelOptions" dstName="none" embedDstInIlClass="false" embedSrcInIlClass="false" id="0x26008001" isInternal="false" maxOccurs="1" minOccurs="1" name="ParentProject" order="sequenced" srcClassRef="PacketChannel" srcName="none" type="framework.ParentChild" />


    
    <stc:property category="config" collectionType="vector" databaseType="DEFAULT" default="true" displayName="System Append Tx FCS" format="number" id="0x26008002" idlMapped="true" ilMapped="true" isComposite="false" isDataStream="false" isDeprecated="false" isInternal="false" isReadOnly="false" maxOccurs="1" minOccurs="1" name="AutoAppendTxFcs" noSave="false" nullable="false" onModifyNotifyMode="periodic" precision="" replaces="" type="bool" />
    <stc:property category="config" collectionType="vector" databaseType="DEFAULT" default="00:10:94:00:00:02" displayName="Destination MAC Address" format="number" id="0x26008003" idlMapped="true" ilMapped="true" isComposite="false" isDataStream="false" isDeprecated="false" isInternal="false" isReadOnly="false" maxOccurs="1" minOccurs="1" name="DestinationMac" noSave="false" nullable="false" onModifyNotifyMode="periodic" precision="" replaces="" type="mac">
    </stc:property>


  </stc:class>


  <stc:class baseClass="RxPacketBaseChannelOptions" canCreate="true" id="0x26009000" idlMapped="na" ilMapped="na" isInternal="false" isReadOnly="false" isSingleton="false" name="RxPacketChannelOptions" noSave="false" profile="channel">
    
    <stc:relation allowDuplicate="false" dstClassRef="RxPacketChannelOptions" dstName="none" embedDstInIlClass="false" embedSrcInIlClass="false" id="0x26009001" isInternal="false" maxOccurs="1" minOccurs="1" name="ParentProject" order="sequenced" srcClassRef="PacketChannel" srcName="none" type="framework.ParentChild" />


    
    <stc:property category="config" collectionType="vector" databaseType="DEFAULT" default="false" displayName="Receive with FCS" format="number" id="0x26009002" idlMapped="true" ilMapped="true" isComposite="false" isDataStream="false" isDeprecated="false" isInternal="false" isReadOnly="false" maxOccurs="1" minOccurs="1" name="ReceiveRxFcs" noSave="false" nullable="false" onModifyNotifyMode="periodic" precision="" replaces="" type="bool" />
    <stc:property category="config" collectionType="vector" databaseType="DEFAULT" default="0" displayName="Receive Multicast MAC List" format="number" id="0x26009003" idlMapped="true" ilMapped="true" isComposite="false" isDataStream="false" isDeprecated="false" isInternal="true" isReadOnly="false" maxOccurs="unbounded" minOccurs="0" name="ReceiveMulticastMacList" noSave="false" nullable="false" onModifyNotifyMode="periodic" precision="" replaces="" type="mac">
    </stc:property>

  </stc:class>  

    
  


  <stc:class baseClass="framework.Result" canCreate="false" id="0x2600A000" idlMapped="na" ilMapped="na" isInternal="false" isReadOnly="false" isSingleton="false" name="ChannelStats" noSave="false" profile="channel">
  </stc:class>


  <stc:class baseClass="ChannelStats" canCreate="false" id="0x2600B000" idlMapped="na" ilMapped="na" isInternal="false" isReadOnly="false" isSingleton="false" name="PacketBaseChannelStats" noSave="false" profile="channel">
    
    <stc:property category="result" collectionType="vector" databaseType="DEFAULT" default="0" displayName="Tx Packets" format="number" id="0x2600B001" idlMapped="true" ilMapped="true" isComposite="false" isDataStream="false" isDeprecated="false" isInternal="false" isReadOnly="true" maxOccurs="1" minOccurs="1" name="TxCount" noSave="true" nullable="false" onModifyNotifyMode="periodic" precision="" replaces="" type="u64" />
    <stc:property category="result" collectionType="vector" databaseType="DEFAULT" default="0" displayName="Rx Packets" format="number" id="0x2600B002" idlMapped="true" ilMapped="true" isComposite="false" isDataStream="false" isDeprecated="false" isInternal="false" isReadOnly="true" maxOccurs="1" minOccurs="1" name="RxCount" noSave="true" nullable="false" onModifyNotifyMode="periodic" precision="" replaces="" type="u64" />
    <stc:property category="result" collectionType="vector" databaseType="DEFAULT" default="0" displayName="Packets Discarded" format="number" id="0x2600B003" idlMapped="true" ilMapped="true" isComposite="false" isDataStream="false" isDeprecated="false" isInternal="false" isReadOnly="true" maxOccurs="1" minOccurs="1" name="RxDiscardedCount" noSave="true" nullable="false" onModifyNotifyMode="periodic" precision="" replaces="" type="u64" />			 
    <stc:property category="result" collectionType="vector" databaseType="DEFAULT" default="0" displayName="Packets in Receive Queue" format="number" id="0x2600B004" idlMapped="true" ilMapped="true" isComposite="false" isDataStream="false" isDeprecated="false" isInternal="false" isReadOnly="true" maxOccurs="1" minOccurs="1" name="InRxQueueCount" noSave="true" nullable="false" onModifyNotifyMode="periodic" precision="" replaces="" type="u64" />   
  </stc:class>


  <stc:class baseClass="PacketBaseChannelStats" canCreate="true" id="0x2600C000" idlMapped="na" ilMapped="na" isInternal="false" isReadOnly="false" isSingleton="false" name="PacketChannelStats" noSave="false" profile="channel">

    
    <stc:relation allowDuplicate="false" dstClassRef="PacketChannelStats" dstName="none" embedDstInIlClass="false" embedSrcInIlClass="false" id="0x2600C001" isInternal="false" maxOccurs="1" minOccurs="1" name="ParentPacketChannel" order="sequenced" srcClassRef="PacketChannel" srcName="none" type="framework.ParentChild" />

    <stc:relation allowDuplicate="false" dstClassRef="PacketChannelStats" dstName="none" embedDstInIlClass="false" embedSrcInIlClass="false" id="0x2600C002" isInternal="false" maxOccurs="unbounded" minOccurs="0" name="ResultParentPacketChannel" order="sequenced" srcClassRef="PacketChannel" srcName="none" type="framework.ResultChild" />
    
  </stc:class>

  <stc:class baseClass="framework.Command" canCreate="false" id="0x2600D000" idlMapped="na" ilMapped="na" isInternal="false" isReadOnly="false" isSingleton="false" name="ChannelListCommand" noSave="false" profile="Channel">
    <stc:attribute id="0x2600D001" internalIsEnum="false" internalType="bool" name="none" type="core.RequireApplyToIL" value="true" />
    <stc:property category="input" collectionType="vector" databaseType="DEFAULT" default="0" displayName="Channel Handle List" format="number" id="0x2600D002" idlMapped="true" ilMapped="true" isComposite="false" isDataStream="false" isDeprecated="false" isInternal="false" isReadOnly="false" maxOccurs="unbounded" minOccurs="0" name="ChannelList" noSave="false" nullable="false" onModifyNotifyMode="none" precision="" replaces="" type="handle" />

  </stc:class>

  <stc:class baseClass="framework.Command" canCreate="false" id="0x2600E000" idlMapped="na" ilMapped="na" isInternal="false" isReadOnly="false" isSingleton="false" name="ChannelCommand" noSave="false" profile="Channel">
    <stc:attribute id="0x2600E001" internalIsEnum="false" internalType="bool" name="none" type="core.RequireApplyToIL" value="true" />
    <stc:property category="input" collectionType="vector" databaseType="DEFAULT" default="0" displayName="Channel Handle" format="number" id="0x2600E002" idlMapped="true" ilMapped="true" isComposite="false" isDataStream="false" isDeprecated="false" isInternal="false" isReadOnly="false" maxOccurs="1" minOccurs="1" name="Channel" noSave="false" nullable="false" onModifyNotifyMode="none" precision="" replaces="" type="handle" />
  </stc:class>
  

  <stc:class baseClass="ChannelListCommand" canCreate="true" displayName="Start Channel" id="0x2600F000" idlMapped="na" ilMapped="na" isInternal="false" isReadOnly="false" isSingleton="false" name="ChannelStartCommand" noSave="false" profile="Channel">
    <stc:attribute id="0x2600F001" internalIsEnum="false" internalType="bool" name="none" type="core.Sequenceable" value="true" />
    <stc:attribute id="0x2600F002" internalIsEnum="false" internalType="string" name="none" type="framework.CommandDescription" value="Start selected Channels to send/receive packet." />
    <stc:attribute id="0x2600F003" internalIsEnum="false" internalType="string" name="none" type="framework.CommandCategory" value="CHANNEL" />
  </stc:class>
  
  <stc:class baseClass="ChannelListCommand" canCreate="true" displayName="Stop Channel" id="0x26010000" idlMapped="na" ilMapped="na" isInternal="false" isReadOnly="false" isSingleton="false" name="ChannelStopCommand" noSave="false" profile="Channel">
      <stc:attribute id="0x26010001" internalIsEnum="false" internalType="bool" name="none" type="core.Sequenceable" value="true" />
    <stc:attribute id="0x26010002" internalIsEnum="false" internalType="string" name="none" type="framework.CommandDescription" value="Stop selected Channels to send/receive packet." />
    <stc:attribute id="0x26010003" internalIsEnum="false" internalType="string" name="none" type="framework.CommandCategory" value="CHANNEL" />
  </stc:class>  
  
   <stc:class baseClass="ChannelListCommand" canCreate="true" displayName="Flush Rx Queue" id="0x26011000" idlMapped="na" ilMapped="na" isInternal="false" isReadOnly="false" isSingleton="false" name="ChannelFlushRxQueueCommand" noSave="false" profile="Channel">
      <stc:attribute id="0x26011001" internalIsEnum="false" internalType="bool" name="none" type="core.Sequenceable" value="true" />
    <stc:attribute id="0x26011002" internalIsEnum="false" internalType="string" name="none" type="framework.CommandDescription" value="Flush receive queue for selected Channels." />
    <stc:attribute id="0x26011003" internalIsEnum="false" internalType="string" name="none" type="framework.CommandCategory" value="CHANNEL" />
  </stc:class>   
  
   <stc:class baseClass="ChannelListCommand" canCreate="true" displayName="Reset Channel Counters" id="0x26012000" idlMapped="na" ilMapped="na" isInternal="false" isReadOnly="false" isSingleton="false" name="ChannelResetCounterCommand" noSave="false" profile="Channel">
      <stc:attribute id="0x26012001" internalIsEnum="false" internalType="bool" name="none" type="core.Sequenceable" value="true" />
    <stc:attribute id="0x26012002" internalIsEnum="false" internalType="string" name="none" type="framework.CommandDescription" value="Reset counters for selected Channels." />
    <stc:attribute id="0x26012003" internalIsEnum="false" internalType="string" name="none" type="framework.CommandCategory" value="CHANNEL" />
  </stc:class>   

   <stc:class baseClass="ChannelCommand" canCreate="true" displayName="Send Data" id="0x26013000" idlMapped="na" ilMapped="na" isInternal="false" isReadOnly="false" isSingleton="false" name="ChannelSendCommand" noSave="false" profile="Channel">
    <stc:attribute id="0x26013001" internalIsEnum="false" internalType="bool" name="none" type="core.Sequenceable" value="true" />
    <stc:attribute id="0x26013002" internalIsEnum="false" internalType="string" name="none" type="framework.CommandDescription" value="Send Data through selected Channel." />
    <stc:attribute id="0x26013003" internalIsEnum="false" internalType="string" name="none" type="framework.CommandCategory" value="CHANNEL" />
    <stc:property category="input" collectionType="vector" databaseType="DEFAULT" default="00" displayName="Data" format="number" id="0x26013004" idlMapped="true" ilMapped="true" isComposite="false" isDataStream="false" isDeprecated="false" isInternal="false" isReadOnly="false" maxOccurs="1" minOccurs="1" name="Data" noSave="false" nullable="false" onModifyNotifyMode="none" precision="" replaces="" type="string">
      <stc:regExpValidation errorMsg="Data must be HEX values" pattern="^[a-fA-F0-9]+$" />
    </stc:property>                   
  </stc:class> 
 
 
  <stc:class baseClass="ChannelCommand" canCreate="true" displayName="Receive Data" id="0x26014000" idlMapped="na" ilMapped="na" isInternal="false" isReadOnly="false" isSingleton="false" name="ChannelReceiveCommand" noSave="false" profile="Channel">
     <stc:attribute id="0x26014001" internalIsEnum="false" internalType="bool" name="none" type="core.Sequenceable" value="true" />
     <stc:attribute id="0x26014002" internalIsEnum="false" internalType="string" name="none" type="framework.CommandDescription" value="Retreive Data from selected Channel queue." />
     <stc:attribute id="0x26014003" internalIsEnum="false" internalType="string" name="none" type="framework.CommandCategory" value="CHANNEL" />
    
    <stc:property category="output" collectionType="vector" databaseType="DEFAULT" default="" displayName="Time Stamp" format="number" id="0x26014004" idlMapped="true" ilMapped="true" isComposite="false" isDataStream="false" isDeprecated="false" isInternal="false" isReadOnly="true" maxOccurs="1" minOccurs="1" name="TimeStamp" noSave="true" nullable="false" onModifyNotifyMode="instant" precision="" replaces="" type="string" />
    <stc:property category="output" collectionType="vector" databaseType="DEFAULT" default="" displayName="Received Data" format="number" id="0x26014005" idlMapped="true" ilMapped="true" isComposite="false" isDataStream="false" isDeprecated="false" isInternal="false" isReadOnly="true" maxOccurs="1" minOccurs="1" name="ReceivedData" noSave="true" nullable="false" onModifyNotifyMode="instant" precision="" replaces="" type="string" />    
  </stc:class> 
    
    
  
  
  
  <stc:commandTarget command="ChannelStartCommand" default="0" target="Channel" />  
  <stc:commandTarget command="ChannelStopCommand" default="0" target="Channel" />
  <stc:commandTarget command="ChannelFlushRxQueueCommand" default="0" target="Channel" />
  <stc:commandTarget command="ChannelResetCounterCommand" default="0" target="Channel" />
  <stc:commandTarget command="ChannelSendCommand" default="0" target="Channel" />
  <stc:commandTarget command="ChannelReceiveCommand" default="0" target="Channel" />

</stc:meta>