<stc:meta xmlns:stc="urn:www.spirentcom.com:XMLSchema.xsd" id="0x8A000000" package="storage" plugin="csmp" version="0.0.0-0">

    
    
    

    
    
    
    
    
    
    <stc:class baseClass="framework.Scriptable" canCreate="true" id="0x8A001000" idlMapped="na" ilMapped="na" isInternal="false" isReadOnly="false" isSingleton="false" name="CsmpWildcardModifier" noSave="false" profile="csmp">
      
      
      <stc:property category="config" collectionType="vector" databaseType="DEFAULT" default="" displayName="Offset Reference" format="number" id="0x8A001001" idlMapped="true" ilMapped="true" isComposite="false" isDataStream="false" isDeprecated="false" isInternal="false" isReadOnly="false" maxOccurs="1" minOccurs="1" name="OffsetReference" noSave="false" nullable="false" onModifyNotifyMode="periodic" precision="" replaces="" type="string">
      </stc:property>
      
      
      <stc:property category="config" collectionType="vector" databaseType="DEFAULT" default="" displayName="Wildcard Data" format="number" id="0x8A001002" idlMapped="true" ilMapped="true" isComposite="false" isDataStream="false" isDeprecated="false" isInternal="false" isReadOnly="false" maxOccurs="1" minOccurs="1" name="Data" noSave="false" nullable="false" onModifyNotifyMode="periodic" precision="" replaces="" type="string">
      </stc:property>
    </stc:class>

    
    
    
    
    <stc:class baseClass="base.core.PduContainer" canCreate="false" id="0x8A002000" idlMapped="na" ilMapped="na" isInternal="false" isReadOnly="false" isSingleton="false" name="CsmpTlvConfig" noSave="false" profile="csmp">

      
      <stc:relation allowDuplicate="false" dstClassRef="CsmpWildcardModifier" dstName="none" embedDstInIlClass="false" embedSrcInIlClass="false" id="0x8A002001" isInternal="false" maxOccurs="unbounded" minOccurs="0" name="Modifiers" order="sequenced" srcClassRef="CsmpTlvConfig" srcName="none" type="framework.ParentChild" />

      

    </stc:class>

    <stc:class baseClass="CsmpTlvConfig" canCreate="true" displayName="Registration TLVs" id="0x8A003000" idlMapped="na" ilMapped="na" isInternal="false" isReadOnly="false" isSingleton="false" name="CsmpRegistrationTlvConfig" noSave="false" profile="csmp">
    </stc:class>
    <stc:class baseClass="CsmpTlvConfig" canCreate="true" displayName="Description TLVs" id="0x8A004000" idlMapped="na" ilMapped="na" isInternal="false" isReadOnly="false" isSingleton="false" name="CsmpDescriptionTlvConfig" noSave="false" profile="csmp">
    </stc:class>
    <stc:class baseClass="CsmpTlvConfig" canCreate="true" displayName="Configuraton TLVs" id="0x8A005000" idlMapped="na" ilMapped="na" isInternal="false" isReadOnly="false" isSingleton="false" name="CsmpConfigurationTlvConfig" noSave="false" profile="csmp">
    </stc:class>
    <stc:class baseClass="CsmpTlvConfig" canCreate="true" displayName="Monitoring TLVs" id="0x8A006000" idlMapped="na" ilMapped="na" isInternal="false" isReadOnly="false" isSingleton="false" name="CsmpMonitoringTlvConfig" noSave="false" profile="csmp">
    </stc:class>

    <stc:class baseClass="framework.Scriptable" canCreate="true" id="0x8A007000" idlMapped="na" ilMapped="na" isInternal="false" isReadOnly="false" isSingleton="false" name="CsmpDefaultAgentTlvConfig" noSave="false" profile="csmp">
      <stc:relation allowDuplicate="false" dstClassRef="CsmpRegistrationTlvConfig" dstName="none" embedDstInIlClass="false" embedSrcInIlClass="false" id="0x8A007001" isInternal="false" maxOccurs="1" minOccurs="1" name="CsmpDefaultAgentRegistrationTlvConfig" order="sequenced" srcClassRef="CsmpDefaultAgentTlvConfig" srcName="none" type="framework.ParentChild" />
      <stc:relation allowDuplicate="false" dstClassRef="CsmpDescriptionTlvConfig" dstName="none" embedDstInIlClass="false" embedSrcInIlClass="false" id="0x8A007002" isInternal="false" maxOccurs="1" minOccurs="1" name="CsmpDefaultAgentDescriptionTlvConfig" order="sequenced" srcClassRef="CsmpDefaultAgentTlvConfig" srcName="none" type="framework.ParentChild" />
      <stc:relation allowDuplicate="false" dstClassRef="CsmpConfigurationTlvConfig" dstName="none" embedDstInIlClass="false" embedSrcInIlClass="false" id="0x8A007003" isInternal="false" maxOccurs="1" minOccurs="1" name="CsmpDefaultAgentConfigurationTlvConfig" order="sequenced" srcClassRef="CsmpDefaultAgentTlvConfig" srcName="none" type="framework.ParentChild" />
      <stc:relation allowDuplicate="false" dstClassRef="CsmpMonitoringTlvConfig" dstName="none" embedDstInIlClass="false" embedSrcInIlClass="false" id="0x8A007004" isInternal="false" maxOccurs="1" minOccurs="1" name="CsmpDefaultAgentMonitoringTlvConfig" order="sequenced" srcClassRef="CsmpDefaultAgentTlvConfig" srcName="none" type="framework.ParentChild" />
    </stc:class>

    <stc:class baseClass="traffic.l4l7.L4L7ProtocolConfigClientBase" canCreate="true" displayName="CSMP Agent" id="0x8A008000" idlMapped="na" ilMapped="na" isInternal="false" isReadOnly="false" isSingleton="false" name="CsmpAgentProtocolConfig" noSave="false" profile="csmp">

        
        <stc:relation allowDuplicate="false" dstClassRef="CsmpTlvConfig" dstName="none" embedDstInIlClass="false" embedSrcInIlClass="false" id="0x8A008001" isInternal="false" maxOccurs="1" minOccurs="0" name="TlvConfig" order="sequenced" srcClassRef="CsmpAgentProtocolConfig" srcName="none" type="framework.ParentChild" />

        <stc:enumeration idlMapped="true" ilMapped="true" isFlags="false" name="EnumCsmpState">
          <stc:enum displayName="Not Started" idlMapped="true" ilMapped="true" name="NONE" value="0" />
          <stc:enum displayName="Connecting" idlMapped="true" ilMapped="true" name="CONNECTING" value="1" />
          <stc:enum displayName="Connected" idlMapped="true" ilMapped="true" name="CONNECTED" value="2" />
        </stc:enumeration>

        
        <stc:property category="state" collectionType="vector" databaseType="DEFAULT" default="NONE" displayName="State" format="number" id="0x8A008002" idlMapped="true" ilMapped="true" isComposite="false" isDataStream="false" isDeprecated="false" isInternal="false" isReadOnly="true" maxOccurs="1" minOccurs="1" name="CsmpState" noSave="true" nullable="false" onModifyNotifyMode="queued" precision="" replaces="" type="u16">
          <stc:enumerationRef ref="EnumCsmpState" />
        </stc:property>

      <stc:property category="config" collectionType="vector" databaseType="DEFAULT" default="null" displayName="NMS IPv6 Address" format="number" id="0x8A008003" idlMapped="true" ilMapped="true" isComposite="false" isDataStream="false" isDeprecated="false" isInternal="false" isReadOnly="false" maxOccurs="1" minOccurs="1" name="NmsIpv6Addr" noSave="false" nullable="true" onModifyNotifyMode="periodic" precision="" replaces="" type="ipv6" />
      <stc:property category="config" collectionType="vector" databaseType="DEFAULT" default="::" displayName="NMS IPv6 Address Step" format="number" id="0x8A008004" idlMapped="true" ilMapped="true" isComposite="false" isDataStream="false" isDeprecated="false" isInternal="false" isReadOnly="false" maxOccurs="1" minOccurs="1" name="NmsIpv6AddrStep" noSave="false" nullable="false" onModifyNotifyMode="periodic" precision="" replaces="" type="ipv6" />

    </stc:class>

    
    <stc:class baseClass="traffic.l4l7.L4L7ProtocolConfigServerBase" canCreate="true" displayName="CSMP NMS" id="0x8A009000" idlMapped="na" ilMapped="na" isInternal="true" isReadOnly="false" isSingleton="false" name="CsmpNmsProtocolConfig" noSave="true" profile="csmp">
    </stc:class>

  <stc:class baseClass="traffic.l4l7.ClientProtocolProfile" canCreate="true" id="0x8A00A000" idlMapped="na" ilMapped="na" isInternal="false" isReadOnly="false" isSingleton="false" name="CsmpAgentProtocolProfile" noSave="false" profile="csmp">

      <stc:property category="config" collectionType="vector" databaseType="DEFAULT" default="0" displayName="Monitoring Interval (secs)" format="number" id="0x8A00A001" idlMapped="true" ilMapped="true" isComposite="false" isDataStream="false" isDeprecated="false" isInternal="false" isReadOnly="false" maxOccurs="1" minOccurs="1" name="MonitoringIntervalSecs" noSave="false" nullable="false" onModifyNotifyMode="periodic" precision="" replaces="" type="u32">
        <stc:condition operator="equal" property="IsDefaultProfile" type="editable" value="false" />
      </stc:property>

      <stc:property category="config" collectionType="vector" databaseType="DEFAULT" default="30" displayName="tInitialBackoff (sec)" format="number" id="0x8A00A002" idlMapped="true" ilMapped="true" isComposite="false" isDataStream="false" isDeprecated="true" isInternal="true" isReadOnly="false" maxOccurs="1" minOccurs="1" name="TinitialBackoff" noSave="false" nullable="false" onModifyNotifyMode="periodic" precision="" replaces="" type="u32">
        <stc:condition operator="equal" property="IsDefaultProfile" type="editable" value="false" />
        <stc:numericValidation errorMsg="Please enter a valid number" maxInclusive="1000000" minInclusive="1" />
      </stc:property>
      <stc:property category="config" collectionType="vector" databaseType="DEFAULT" default="300" displayName="tIntervalMin (sec)" format="number" id="0x8A00A003" idlMapped="true" ilMapped="true" isComposite="false" isDataStream="false" isDeprecated="false" isInternal="false" isReadOnly="false" maxOccurs="1" minOccurs="1" name="TintervalMin" noSave="false" nullable="false" onModifyNotifyMode="periodic" precision="" replaces="" type="u32">
        <stc:condition operator="equal" property="IsDefaultProfile" type="editable" value="false" />
      </stc:property>
      <stc:property category="config" collectionType="vector" databaseType="DEFAULT" default="3600" displayName="tIntervalMax (sec)" format="number" id="0x8A00A004" idlMapped="true" ilMapped="true" isComposite="false" isDataStream="false" isDeprecated="false" isInternal="false" isReadOnly="false" maxOccurs="1" minOccurs="1" name="TintervalMax" noSave="false" nullable="false" onModifyNotifyMode="periodic" precision="" replaces="" type="u32">
        <stc:condition operator="equal" property="IsDefaultProfile" type="editable" value="false" />
      </stc:property>

    

   </stc:class>

    
    
    <stc:class baseClass="framework.Scriptable" canCreate="true" id="0x8A00B000" idlMapped="na" ilMapped="na" isInternal="false" isReadOnly="false" isSingleton="false" name="CsmpGlobalConfig" noSave="false" profile="csmp">

        
        <stc:relation allowDuplicate="false" dstClassRef="CsmpGlobalConfig" dstName="none" embedDstInIlClass="false" embedSrcInIlClass="false" id="0x8A00B001" isInternal="false" maxOccurs="1" minOccurs="0" name="ParentPort" order="sequenced" srcClassRef="core.Project" srcName="none" type="framework.ParentChild" />

        
        <stc:relation allowDuplicate="false" dstClassRef="CsmpDefaultAgentTlvConfig" dstName="none" embedDstInIlClass="false" embedSrcInIlClass="false" id="0x8A00B002" isInternal="false" maxOccurs="1" minOccurs="1" name="DefaultAgentTlvConfig" order="sequenced" srcClassRef="CsmpGlobalConfig" srcName="none" type="framework.ParentChild" />


    </stc:class>

    
    
    

    
    <stc:class baseClass="traffic.l4l7.L4L7AbstractResult" canCreate="true" id="0x8A00C000" idlMapped="na" ilMapped="na" isInternal="false" isReadOnly="false" isSingleton="false" name="CsmpAgentResults" noSave="false" profile="csmp">

        
        <stc:relation allowDuplicate="false" dstClassRef="CsmpAgentResults" dstName="none" embedDstInIlClass="false" embedSrcInIlClass="false" id="0x8A00C001" isInternal="false" maxOccurs="unbounded" minOccurs="0" name="ParentCsmpDeviceResultsRelation" order="sequenced" srcClassRef="CsmpAgentProtocolConfig" srcName="none" type="framework.ParentChild" />

        
        <stc:relation allowDuplicate="false" dstClassRef="CsmpAgentResults" dstName="none" embedDstInIlClass="false" embedSrcInIlClass="false" id="0x8A00C002" isInternal="false" maxOccurs="unbounded" minOccurs="0" name="ResultChildCsmpDeviceResults" order="sequenced" srcClassRef="CsmpAgentProtocolConfig" srcName="none" type="framework.ResultChild" />


        
        <stc:property category="result" collectionType="vector" databaseType="DEFAULT" default="0" displayName="Parent Protocol Config" format="number" id="0x8A00C003" idlMapped="true" ilMapped="true" isComposite="false" isDataStream="false" isDeprecated="false" isInternal="true" isReadOnly="true" maxOccurs="1" minOccurs="1" name="ParentProtocolConfig" noSave="true" nullable="false" onModifyNotifyMode="periodic" precision="" replaces="" type="u32">
          <stc:attribute id="0x8A00C010" internalIsEnum="false" internalType="bool" name="none" type="core.ResultPropertyMarkForEotSave" value="true" />
          <stc:attribute id="0x8A00C011" internalIsEnum="false" internalType="bool" name="none" type="core.ResultPropertyAddEotDbIndex" value="true" />
          <stc:attribute id="0x8A00C012" internalIsEnum="false" internalType="string" name="none" type="core.ResultPropertyIlCounterpartName" value="PcHandle" />
        </stc:property>

        <stc:property category="result" collectionType="vector" databaseType="DEFAULT" default="0" displayName="Idle" format="number" id="0x8A00C004" idlMapped="true" ilMapped="true" isComposite="false" isDataStream="false" isDeprecated="false" isInternal="false" isReadOnly="true" maxOccurs="1" minOccurs="1" name="IdleCount" noSave="true" nullable="false" onModifyNotifyMode="periodic" precision="" replaces="" type="u32">
          <stc:attribute id="0x8A00C013" internalIsEnum="false" internalType="string" name="none" type="core.ResultPropertyIlCounterpartName" value="CurrIdle" />
          <stc:attribute id="0x8A00C014" internalIsEnum="false" internalType="bool" name="none" type="core.ResultPropertyMarkForEotSave" value="true" />
          <stc:attribute id="0x8A00C015" internalIsEnum="false" internalType="bool" name="none" type="core.ResultPropertyIsDefaultForSubscription" value="true" />
        </stc:property>
        <stc:property category="result" collectionType="vector" databaseType="DEFAULT" default="0" displayName="Connected" format="number" id="0x8A00C005" idlMapped="true" ilMapped="true" isComposite="false" isDataStream="false" isDeprecated="false" isInternal="false" isReadOnly="true" maxOccurs="1" minOccurs="1" name="ConnectedCount" noSave="true" nullable="false" onModifyNotifyMode="periodic" precision="" replaces="" type="u32">
          <stc:attribute id="0x8A00C016" internalIsEnum="false" internalType="string" name="none" type="core.ResultPropertyIlCounterpartName" value="CurrConnected" />
          <stc:attribute id="0x8A00C017" internalIsEnum="false" internalType="bool" name="none" type="core.ResultPropertyMarkForEotSave" value="true" />
          <stc:attribute id="0x8A00C018" internalIsEnum="false" internalType="bool" name="none" type="core.ResultPropertyIsDefaultForSubscription" value="true" />
        </stc:property>
        <stc:property category="result" collectionType="vector" databaseType="DEFAULT" default="0" displayName="Connecting" format="number" id="0x8A00C006" idlMapped="true" ilMapped="true" isComposite="false" isDataStream="false" isDeprecated="false" isInternal="false" isReadOnly="true" maxOccurs="1" minOccurs="1" name="ConnectingCount" noSave="true" nullable="false" onModifyNotifyMode="periodic" precision="" replaces="" type="u32">
          <stc:attribute id="0x8A00C019" internalIsEnum="false" internalType="string" name="none" type="core.ResultPropertyIlCounterpartName" value="CurrConnecting" />
          <stc:attribute id="0x8A00C01A" internalIsEnum="false" internalType="bool" name="none" type="core.ResultPropertyMarkForEotSave" value="true" />
          <stc:attribute id="0x8A00C01B" internalIsEnum="false" internalType="bool" name="none" type="core.ResultPropertyIsDefaultForSubscription" value="true" />
        </stc:property>
        <stc:property category="result" collectionType="vector" databaseType="DEFAULT" default="0" displayName="Total Connected" format="number" id="0x8A00C007" idlMapped="true" ilMapped="true" isComposite="false" isDataStream="false" isDeprecated="false" isInternal="false" isReadOnly="true" maxOccurs="1" minOccurs="1" name="TotalConnectedCount" noSave="true" nullable="false" onModifyNotifyMode="periodic" precision="" replaces="" type="u32">
          <stc:attribute id="0x8A00C01C" internalIsEnum="false" internalType="string" name="none" type="core.ResultPropertyIlCounterpartName" value="TotConnected" />
          <stc:attribute id="0x8A00C01D" internalIsEnum="false" internalType="bool" name="none" type="core.ResultPropertyMarkForEotSave" value="true" />
          <stc:attribute id="0x8A00C01E" internalIsEnum="false" internalType="bool" name="none" type="core.ResultPropertyIsDefaultForSubscription" value="true" />
        </stc:property>
        <stc:property category="result" collectionType="vector" databaseType="DEFAULT" default="0" displayName="Total Connections Failed" format="number" id="0x8A00C008" idlMapped="true" ilMapped="true" isComposite="false" isDataStream="false" isDeprecated="false" isInternal="false" isReadOnly="true" maxOccurs="1" minOccurs="1" name="TotalConnectFailedCount" noSave="true" nullable="false" onModifyNotifyMode="periodic" precision="" replaces="" type="u32">
          <stc:attribute id="0x8A00C01F" internalIsEnum="false" internalType="string" name="none" type="core.ResultPropertyIlCounterpartName" value="TotConnectFailures" />
          <stc:attribute id="0x8A00C020" internalIsEnum="false" internalType="bool" name="none" type="core.ResultPropertyMarkForEotSave" value="true" />
          <stc:attribute id="0x8A00C021" internalIsEnum="false" internalType="bool" name="none" type="core.ResultPropertyIsDefaultForSubscription" value="true" />
        </stc:property>
        <stc:property category="result" collectionType="vector" databaseType="DEFAULT" default="0" displayName="Total Connections Attempted" format="number" id="0x8A00C009" idlMapped="true" ilMapped="true" isComposite="false" isDataStream="false" isDeprecated="false" isInternal="false" isReadOnly="true" maxOccurs="1" minOccurs="1" name="TotalConnectAttemptedCount" noSave="true" nullable="false" onModifyNotifyMode="periodic" precision="" replaces="" type="u32">
          <stc:attribute id="0x8A00C022" internalIsEnum="false" internalType="string" name="none" type="core.ResultPropertyIlCounterpartName" value="TotConnectAttempts" />
          <stc:attribute id="0x8A00C023" internalIsEnum="false" internalType="bool" name="none" type="core.ResultPropertyMarkForEotSave" value="true" />
          <stc:attribute id="0x8A00C024" internalIsEnum="false" internalType="bool" name="none" type="core.ResultPropertyIsDefaultForSubscription" value="true" />
        </stc:property>
        <stc:property category="result" collectionType="vector" databaseType="DEFAULT" default="0" displayName="Messages Retried" format="number" id="0x8A00C00A" idlMapped="true" ilMapped="true" isComposite="false" isDataStream="false" isDeprecated="false" isInternal="false" isReadOnly="true" maxOccurs="1" minOccurs="1" name="MsgRetriedCount" noSave="true" nullable="false" onModifyNotifyMode="periodic" precision="" replaces="" type="u32">
          <stc:attribute id="0x8A00C025" internalIsEnum="false" internalType="string" name="none" type="core.ResultPropertyIlCounterpartName" value="TotMsgRetries" />
          <stc:attribute id="0x8A00C026" internalIsEnum="false" internalType="bool" name="none" type="core.ResultPropertyMarkForEotSave" value="true" />
          <stc:attribute id="0x8A00C027" internalIsEnum="false" internalType="bool" name="none" type="core.ResultPropertyIsDefaultForSubscription" value="true" />
        </stc:property>
        <stc:property category="result" collectionType="vector" databaseType="DEFAULT" default="0" displayName="Confirmable Messages Failed" format="number" id="0x8A00C00B" idlMapped="true" ilMapped="true" isComposite="false" isDataStream="false" isDeprecated="false" isInternal="false" isReadOnly="true" maxOccurs="1" minOccurs="1" name="MsgConfirmFailedCount" noSave="true" nullable="false" onModifyNotifyMode="periodic" precision="" replaces="" type="u32">
          <stc:attribute id="0x8A00C028" internalIsEnum="false" internalType="string" name="none" type="core.ResultPropertyIlCounterpartName" value="TotMsgConfirmFailures" />
          <stc:attribute id="0x8A00C029" internalIsEnum="false" internalType="bool" name="none" type="core.ResultPropertyMarkForEotSave" value="true" />
          <stc:attribute id="0x8A00C02A" internalIsEnum="false" internalType="bool" name="none" type="core.ResultPropertyIsDefaultForSubscription" value="true" />
        </stc:property>
        <stc:property category="result" collectionType="vector" databaseType="DEFAULT" default="0" displayName="Tx POST Count" format="number" id="0x8A00C00C" idlMapped="true" ilMapped="true" isComposite="false" isDataStream="false" isDeprecated="false" isInternal="false" isReadOnly="true" maxOccurs="1" minOccurs="1" name="TxPostCount" noSave="true" nullable="false" onModifyNotifyMode="periodic" precision="" replaces="" type="u32">
          <stc:attribute id="0x8A00C02B" internalIsEnum="false" internalType="string" name="none" type="core.ResultPropertyIlCounterpartName" value="TxPost" />
          <stc:attribute id="0x8A00C02C" internalIsEnum="false" internalType="bool" name="none" type="core.ResultPropertyMarkForEotSave" value="true" />
          <stc:attribute id="0x8A00C02D" internalIsEnum="false" internalType="bool" name="none" type="core.ResultPropertyIsDefaultForSubscription" value="true" />
        </stc:property>
        <stc:property category="result" collectionType="vector" databaseType="DEFAULT" default="0" displayName="Rx POST Count" format="number" id="0x8A00C00D" idlMapped="true" ilMapped="true" isComposite="false" isDataStream="false" isDeprecated="false" isInternal="false" isReadOnly="true" maxOccurs="1" minOccurs="1" name="RxPostCount" noSave="true" nullable="false" onModifyNotifyMode="periodic" precision="" replaces="" type="u32">
          <stc:attribute id="0x8A00C02E" internalIsEnum="false" internalType="string" name="none" type="core.ResultPropertyIlCounterpartName" value="RxPost" />
          <stc:attribute id="0x8A00C02F" internalIsEnum="false" internalType="bool" name="none" type="core.ResultPropertyMarkForEotSave" value="true" />
          <stc:attribute id="0x8A00C030" internalIsEnum="false" internalType="bool" name="none" type="core.ResultPropertyIsDefaultForSubscription" value="true" />
        </stc:property>
        <stc:property category="result" collectionType="vector" databaseType="DEFAULT" default="0" displayName="Tx GET Count" format="number" id="0x8A00C00E" idlMapped="true" ilMapped="true" isComposite="false" isDataStream="false" isDeprecated="false" isInternal="false" isReadOnly="true" maxOccurs="1" minOccurs="1" name="TxGetCount" noSave="true" nullable="false" onModifyNotifyMode="periodic" precision="" replaces="" type="u32">
          <stc:attribute id="0x8A00C031" internalIsEnum="false" internalType="string" name="none" type="core.ResultPropertyIlCounterpartName" value="TxGet" />
          <stc:attribute id="0x8A00C032" internalIsEnum="false" internalType="bool" name="none" type="core.ResultPropertyMarkForEotSave" value="true" />
          <stc:attribute id="0x8A00C033" internalIsEnum="false" internalType="bool" name="none" type="core.ResultPropertyIsDefaultForSubscription" value="true" />
        </stc:property>
        <stc:property category="result" collectionType="vector" databaseType="DEFAULT" default="0" displayName="Rx GET Count" format="number" id="0x8A00C00F" idlMapped="true" ilMapped="true" isComposite="false" isDataStream="false" isDeprecated="false" isInternal="false" isReadOnly="true" maxOccurs="1" minOccurs="1" name="RxGetCount" noSave="true" nullable="false" onModifyNotifyMode="periodic" precision="" replaces="" type="u32">
          <stc:attribute id="0x8A00C034" internalIsEnum="false" internalType="string" name="none" type="core.ResultPropertyIlCounterpartName" value="RxGet" />
          <stc:attribute id="0x8A00C035" internalIsEnum="false" internalType="bool" name="none" type="core.ResultPropertyMarkForEotSave" value="true" />
          <stc:attribute id="0x8A00C036" internalIsEnum="false" internalType="bool" name="none" type="core.ResultPropertyIsDefaultForSubscription" value="true" />
        </stc:property>

    </stc:class>

    
    <stc:class baseClass="framework.Command" canCreate="false" id="0x8A00D000" idlMapped="na" ilMapped="na" isInternal="false" isReadOnly="false" isSingleton="false" name="CsmpCommand" noSave="false" profile="csmp">
      <stc:relation allowDuplicate="false" dstClassRef="CsmpCommand" dstName="none" embedDstInIlClass="false" embedSrcInIlClass="false" id="0x8A00D001" isInternal="false" maxOccurs="unbounded" minOccurs="0" name="ParentProject" order="sequenced" srcClassRef="framework.Project" srcName="none" type="framework.ParentChild" />
      <stc:property category="input" collectionType="vector" databaseType="DEFAULT" default="0" displayName="CSMP Node List" format="number" id="0x8A00D002" idlMapped="true" ilMapped="true" isComposite="false" isDataStream="false" isDeprecated="false" isInternal="false" isReadOnly="false" maxOccurs="unbounded" minOccurs="0" name="NodeList" noSave="false" nullable="false" onModifyNotifyMode="none" precision="" replaces="" type="handle">
        <stc:attribute id="0x8A00D003" internalIsEnum="false" internalType="string" name="none" type="framework.PropertyDescription" value="Device handle list." />
        <stc:attribute id="0x8A00D004" internalIsEnum="false" internalType="string" name="none" type="core.ValidHandleTypes" value="Host,Router,EmulatedDevice" />
      </stc:property>
    </stc:class>

    <stc:class baseClass="CsmpCommand" canCreate="true" id="0x8A00E000" idlMapped="na" ilMapped="na" isInternal="false" isReadOnly="false" isSingleton="false" name="CsmpGetConfiguredTlvsCommand" noSave="false" profile="csmp">
      
      <stc:property category="result" collectionType="vector" databaseType="DEFAULT" default="" displayName="TLV Name List" format="number" id="0x8A00E001" idlMapped="true" ilMapped="true" isComposite="false" isDataStream="false" isDeprecated="false" isInternal="false" isReadOnly="true" maxOccurs="unbounded" minOccurs="0" name="TlvNameList" noSave="true" nullable="false" onModifyNotifyMode="periodic" precision="" replaces="" type="string" />
      <stc:property category="result" collectionType="vector" databaseType="DEFAULT" default="0" displayName="TLV Id List" format="number" id="0x8A00E002" idlMapped="true" ilMapped="true" isComposite="false" isDataStream="false" isDeprecated="false" isInternal="false" isReadOnly="true" maxOccurs="unbounded" minOccurs="0" name="TlvIdList" noSave="true" nullable="false" onModifyNotifyMode="periodic" precision="" replaces="" type="u32" />
    </stc:class>

    
    <stc:class baseClass="framework.Command" canCreate="true" id="0x8A00F000" idlMapped="na" ilMapped="na" isInternal="false" isReadOnly="false" isSingleton="false" name="CsmpGetRequestRateCommand" noSave="false" profile="csmp">
      <stc:property category="result" collectionType="vector" databaseType="DEFAULT" default="0" displayName="Request Rate (devices/sec)" format="number" id="0x8A00F001" idlMapped="true" ilMapped="true" isComposite="false" isDataStream="false" isDeprecated="false" isInternal="false" isReadOnly="true" maxOccurs="1" minOccurs="1" name="RequestRate" noSave="true" nullable="false" onModifyNotifyMode="periodic" precision="" replaces="" type="s32" />
      <stc:property category="result" collectionType="vector" databaseType="DEFAULT" default="0" displayName="Outstanding Devices" format="number" id="0x8A00F002" idlMapped="true" ilMapped="true" isComposite="false" isDataStream="false" isDeprecated="false" isInternal="false" isReadOnly="true" maxOccurs="1" minOccurs="1" name="OutstandingDevices" noSave="true" nullable="false" onModifyNotifyMode="periodic" precision="" replaces="" type="u32" />
       <stc:property category="state" collectionType="vector" databaseType="DEFAULT" default="0" displayName="Load Profile Handle" format="number" id="0x8A00F003" idlMapped="true" ilMapped="true" isComposite="false" isDataStream="false" isDeprecated="false" isInternal="true" isReadOnly="true" maxOccurs="1" minOccurs="1" name="ReturnedLoadProfile" noSave="true" nullable="false" onModifyNotifyMode="queued" precision="" replaces="" type="handle" />
    </stc:class>

    
    <stc:class baseClass="framework.Command" canCreate="true" id="0x8A010000" idlMapped="na" ilMapped="na" isInternal="false" isReadOnly="false" isSingleton="false" name="CsmpSetRequestRateCommand" noSave="false" profile="csmp">
      <stc:property category="config" collectionType="vector" databaseType="DEFAULT" default="100" displayName="Request Rate (devices/sec)" format="number" id="0x8A010001" idlMapped="true" ilMapped="true" isComposite="false" isDataStream="false" isDeprecated="false" isInternal="false" isReadOnly="false" maxOccurs="1" minOccurs="1" name="RequestRate" noSave="false" nullable="false" onModifyNotifyMode="periodic" precision="" replaces="" type="s32">
            <stc:numericValidation errorMsg="Please enter a valid number" maxInclusive="1000" minInclusive="1" />
      </stc:property>
      <stc:property category="config" collectionType="vector" databaseType="DEFAULT" default="100" displayName="Outstanding devices" format="number" id="0x8A010002" idlMapped="true" ilMapped="true" isComposite="false" isDataStream="false" isDeprecated="false" isInternal="false" isReadOnly="false" maxOccurs="1" minOccurs="1" name="OutstandingDevices" noSave="false" nullable="false" onModifyNotifyMode="periodic" precision="" replaces="" type="u32" />
    </stc:class>

    <stc:class baseClass="CsmpCommand" canCreate="false" id="0x8A011000" idlMapped="na" ilMapped="na" isInternal="false" isReadOnly="false" isSingleton="false" name="CsmpControlCommand" noSave="false" profile="csmp">
      <stc:attribute id="0x8A011001" internalIsEnum="false" internalType="bool" name="none" type="core.RequireApplyToIL" value="true" />
    </stc:class>

    <stc:class baseClass="CsmpControlCommand" canCreate="true" displayName="CSMP Post" id="0x8A012000" idlMapped="na" ilMapped="na" isInternal="false" isReadOnly="false" isSingleton="false" name="CsmpSendPostCommand" noSave="false" profile="csmp">
      <stc:attribute id="0x8A012001" internalIsEnum="false" internalType="bool" name="none" type="core.Sequenceable" value="true" />
      <stc:attribute id="0x8A012002" internalIsEnum="false" internalType="string" name="none" type="framework.CommandCategory" value="Application Layer Protocols//CSMP" />
      <stc:attribute id="0x8A012003" internalIsEnum="false" internalType="string" name="none" type="framework.CommandDescription" value="CSMP Send Post" />
      <stc:property category="input" collectionType="vector" databaseType="DEFAULT" default="0" displayName="TLV List" format="number" id="0x8A012004" idlMapped="true" ilMapped="true" isComposite="false" isDataStream="false" isDeprecated="false" isInternal="false" isReadOnly="false" maxOccurs="unbounded" minOccurs="0" name="TlvList" noSave="false" nullable="false" onModifyNotifyMode="none" precision="" replaces="" type="u32" />
      <stc:property category="input" collectionType="vector" databaseType="DEFAULT" default="true" displayName="Confirmable" format="number" id="0x8A012005" idlMapped="true" ilMapped="true" isComposite="false" isDataStream="false" isDeprecated="false" isInternal="false" isReadOnly="false" maxOccurs="1" minOccurs="1" name="Confirmable" noSave="false" nullable="false" onModifyNotifyMode="none" precision="" replaces="" type="bool" />
    </stc:class>

    <stc:class baseClass="CsmpControlCommand" canCreate="true" displayName="CSMP Get" id="0x8A013000" idlMapped="na" ilMapped="na" isInternal="false" isReadOnly="false" isSingleton="false" name="CsmpSendGetCommand" noSave="false" profile="csmp">
      <stc:attribute id="0x8A013001" internalIsEnum="false" internalType="bool" name="none" type="core.Sequenceable" value="true" />
      <stc:attribute id="0x8A013002" internalIsEnum="false" internalType="string" name="none" type="framework.CommandCategory" value="Application Layer Protocols//CSMP" />
      <stc:attribute id="0x8A013003" internalIsEnum="false" internalType="string" name="none" type="framework.CommandDescription" value="CSMP Send Get" />

      <stc:property category="config" collectionType="vector" databaseType="DEFAULT" default="/f s=&lt;sessionid&gt;&amp;g=&lt;groupid&gt;&amp;v=&lt;version&gt;" displayName="URI Prefix" format="number" id="0x8A013004" idlMapped="true" ilMapped="true" isComposite="false" isDataStream="false" isDeprecated="false" isInternal="false" isReadOnly="false" maxOccurs="1" minOccurs="1" name="CsmpUriPrefix" noSave="false" nullable="false" onModifyNotifyMode="periodic" precision="" replaces="" type="string">
      </stc:property>
      <stc:property category="config" collectionType="vector" databaseType="DEFAULT" default="" displayName="URI" format="number" id="0x8A013005" idlMapped="true" ilMapped="true" isComposite="false" isDataStream="false" isDeprecated="false" isInternal="false" isReadOnly="false" maxOccurs="1" minOccurs="1" name="CsmpUri" noSave="false" nullable="false" onModifyNotifyMode="periodic" precision="" replaces="" type="string">
      </stc:property>
    </stc:class>

    
    <stc:class baseClass="core.WaitOnScriptablesCommand" canCreate="false" id="0x8A014000" idlMapped="na" ilMapped="na" isInternal="false" isReadOnly="false" isSingleton="false" name="CsmpWaitableCommand" noSave="false" profile="csmp" />
    <stc:class baseClass="CsmpWaitableCommand" canCreate="true" displayName="Wait for Registration" id="0x8A015000" idlMapped="na" ilMapped="na" isInternal="false" isReadOnly="false" isSingleton="false" name="CsmpRegistrationWaitCommand" noSave="false" profile="csmp">
      <stc:attribute id="0x8A015001" internalIsEnum="false" internalType="bool" name="none" type="core.Sequenceable" value="true" />
      <stc:attribute id="0x8A015002" internalIsEnum="false" internalType="string" name="none" type="framework.CommandCategory" value="Application Layer Protocols//CSMP" />
      <stc:attribute id="0x8A015003" internalIsEnum="false" internalType="string" name="none" type="framework.CommandDescription" value="Wait for CSMP Registration" />
    </stc:class>

    
    <stc:commandTarget command="ProtocolStartCommand" default="1" target="CsmpAgentProtocolConfig" />

</stc:meta>