<stc:meta xmlns:stc="urn:www.spirentcom.com:XMLSchema.xsd" id="0x93000000" package="base" plugin="event" version="0.0.0-0">

  <stc:docFile location="../../../userdocauto/doc_source/framework/event.xml" />
  <stc:docFile location="../../../userdocauto/doc_source/framework/event_commands.xml" />

  
  <stc:relationType allowDuplicate="false" dstName="ConvergencePath" id="0x93000001" name="ParentConvergenceConfig" saveAtSource="true" srcName="ConvergenceConfig" />

  <stc:relationType allowDuplicate="false" dstName="AssociatedProtocolConfig" id="0x93000002" name="PrimaryPathProtocolConfig" saveAtSource="true" srcName="ConvergenceConfig" />

  <stc:relationType allowDuplicate="false" dstName="AssociatedProtocolConfig" id="0x93000003" name="SecondaryPathProtocolConfig" saveAtSource="true" srcName="ConvergenceConfig" />

  
  

  <stc:class baseClass="framework.Scriptable" canCreate="false" id="0x93001000" idlMapped="na" ilMapped="na" isInternal="false" isReadOnly="false" isSingleton="false" name="EventConfig" noSave="false" profile="none">

    
    <stc:relation allowDuplicate="false" dstClassRef="EventConfig" dstName="none" embedDstInIlClass="false" embedSrcInIlClass="false" id="0x93001001" isInternal="false" maxOccurs="unbounded" minOccurs="0" name="ParentProject" order="sequenced" srcClassRef="framework.Project" srcName="none" type="framework.ParentChild" />
    
    <stc:property category="config" collectionType="vector" databaseType="DEFAULT" default="" format="number" id="0x93001002" idlMapped="true" ilMapped="true" isComposite="false" isDataStream="false" isDeprecated="false" isInternal="false" isReadOnly="false" maxOccurs="1" minOccurs="1" name="TestType" noSave="false" nullable="false" onModifyNotifyMode="periodic" precision="" replaces="" type="string" />
  </stc:class>

  <stc:class baseClass="framework.PassFailCommand" canCreate="false" id="0x93002000" idlMapped="na" ilMapped="na" isInternal="false" isReadOnly="false" isSingleton="false" name="EventTestCommand" noSave="false" profile="none">
    <stc:relation allowDuplicate="false" dstClassRef="EventTestCommand" dstName="none" embedDstInIlClass="false" embedSrcInIlClass="false" id="0x93002001" isInternal="false" maxOccurs="unbounded" minOccurs="0" name="ParentProject" order="sequenced" srcClassRef="framework.Project" srcName="none" type="framework.ParentChild" />
                  
    <stc:enumeration idlMapped="true" ilMapped="true" isFlags="false" name="EnumConvergenceType">
      <stc:enum displayName="Convergence" idlMapped="true" ilMapped="true" name="CONVERGENCE" value="0" />
      <stc:enum displayName="Load" idlMapped="true" ilMapped="true" name="LOAD" value="1" />
      <stc:enum displayName="Reversion" idlMapped="true" ilMapped="true" name="REVERSION" value="2" />
    </stc:enumeration>
  </stc:class>

  <stc:class baseClass="framework.Command" canCreate="true" id="0x93003000" idlMapped="na" ilMapped="na" isInternal="false" isReadOnly="false" isSingleton="false" name="EventGetTestNamesCommand" noSave="false" profile="none">
    <stc:attribute id="0x93003001" internalIsEnum="false" internalType="bool" name="none" type="core.RequireApplyToIL" value="false" />
    <stc:attribute id="0x93003002" internalIsEnum="false" internalType="bool" name="none" type="core.Sequenceable" value="false" />
    <stc:attribute id="0x93003003" internalIsEnum="false" internalType="string" name="none" type="framework.CommandCategory" value="Basic" />
    <stc:attribute id="0x93003004" internalIsEnum="false" internalType="string" name="none" type="framework.CommandDescription" value="Get list of all test types using event framework" />
    
    <stc:enumeration idlMapped="true" ilMapped="true" isFlags="false" name="EnumTestType">
      <stc:enum displayName="Convergence Tests" idlMapped="true" ilMapped="true" name="CONVERGENCE" value="0" />
      <stc:enum displayName="All Tests" idlMapped="true" ilMapped="true" name="ALL" value="255" />
    </stc:enumeration>

    <stc:property category="output" collectionType="vector" databaseType="DEFAULT" default="" displayName="List of Test Names in Event Framework" format="number" id="0x93003005" idlMapped="true" ilMapped="true" isComposite="false" isDataStream="false" isDeprecated="false" isInternal="false" isReadOnly="true" maxOccurs="unbounded" minOccurs="0" name="TestNameList" noSave="true" nullable="false" onModifyNotifyMode="instant" precision="" replaces="" type="string" />
    <stc:property category="output" collectionType="vector" databaseType="DEFAULT" default="" displayName="List of Test Descriptions in Event Framework" format="number" id="0x93003006" idlMapped="true" ilMapped="true" isComposite="false" isDataStream="false" isDeprecated="false" isInternal="false" isReadOnly="true" maxOccurs="unbounded" minOccurs="0" name="DescriptionList" noSave="true" nullable="false" onModifyNotifyMode="instant" precision="" replaces="" type="string" />
    <stc:property category="input" collectionType="vector" databaseType="DEFAULT" default="ALL" displayName="Select the type of tests to retrieve" format="number" id="0x93003007" idlMapped="true" ilMapped="true" isComposite="false" isDataStream="false" isDeprecated="false" isInternal="false" isReadOnly="false" maxOccurs="1" minOccurs="1" name="TypeSelect" noSave="false" nullable="false" onModifyNotifyMode="none" precision="" replaces="" type="u8">
      <stc:enumerationRef ref="EnumTestType" />
    </stc:property>
    <stc:property category="output" collectionType="vector" databaseType="DEFAULT" default="0" displayName="List of corresponding Class ID for a test" format="number" id="0x93003008" idlMapped="true" ilMapped="true" isComposite="false" isDataStream="false" isDeprecated="false" isInternal="false" isReadOnly="true" maxOccurs="unbounded" minOccurs="0" name="ClassIdList" noSave="true" nullable="false" onModifyNotifyMode="instant" precision="" replaces="" type="classId" />
  </stc:class>

  <stc:class baseClass="framework.Command" canCreate="true" id="0x93004000" idlMapped="na" ilMapped="na" isInternal="false" isReadOnly="false" isSingleton="false" name="EventGetRegisteredEventsCommand" noSave="false" profile="none">
    <stc:attribute id="0x93004001" internalIsEnum="false" internalType="bool" name="none" type="core.RequireApplyToIL" value="false" />
    <stc:attribute id="0x93004002" internalIsEnum="false" internalType="bool" name="none" type="core.Sequenceable" value="false" />
    <stc:attribute id="0x93004003" internalIsEnum="false" internalType="string" name="none" type="framework.CommandCategory" value="Basic" />
    <stc:attribute id="0x93004004" internalIsEnum="false" internalType="string" name="none" type="framework.CommandDescription" value="Get list of all test types using event framework" />
    <stc:property category="input" collectionType="vector" databaseType="DEFAULT" default="" displayName="Test Name to return events for" format="number" id="0x93004005" idlMapped="true" ilMapped="true" isComposite="false" isDataStream="false" isDeprecated="false" isInternal="false" isReadOnly="false" maxOccurs="1" minOccurs="1" name="TestName" noSave="false" nullable="false" onModifyNotifyMode="none" precision="" replaces="" type="string" />

    <stc:property category="output" collectionType="vector" databaseType="DEFAULT" default="0" displayName="List of Command Class IDs for the test" format="number" id="0x93004006" idlMapped="true" ilMapped="true" isComposite="false" isDataStream="false" isDeprecated="false" isInternal="false" isReadOnly="true" maxOccurs="unbounded" minOccurs="0" name="CommandClassIdList" noSave="true" nullable="false" onModifyNotifyMode="instant" precision="" replaces="" type="classId" />
  </stc:class>

  
  <stc:class baseClass="EventConfig" canCreate="true" id="0x93005000" idlMapped="na" ilMapped="na" isInternal="false" isReadOnly="false" isSingleton="false" name="ConvergenceConfig" noSave="false" profile="none">

     
    
    <stc:relation allowDuplicate="false" dstClassRef="core.ProtocolConfig" dstName="AssociatedProtocolConfig" embedDstInIlClass="false" embedSrcInIlClass="false" id="0x93005001" isInternal="false" maxOccurs="unbounded" minOccurs="0" name="PrimaryPath" order="sequenced" srcClassRef="ConvergenceConfig" srcName="ConvergenceConfig" type="PrimaryPathProtocolConfig" />
    <stc:relation allowDuplicate="false" dstClassRef="core.ProtocolConfig" dstName="AssociatedProtocolConfig" embedDstInIlClass="false" embedSrcInIlClass="false" id="0x93005002" isInternal="false" maxOccurs="unbounded" minOccurs="0" name="SecondaryPath" order="sequenced" srcClassRef="ConvergenceConfig" srcName="ConvergenceConfig" type="SecondaryPathProtocolConfig" />
    
    <stc:enumeration idlMapped="true" ilMapped="true" isFlags="false" name="EnumPathEncap">
      <stc:enum displayName="N/A" idlMapped="true" ilMapped="true" name="UNUSED" value="0" />
      <stc:enum displayName="VLAN tags" idlMapped="true" ilMapped="true" name="VLAN" value="1" />
      <stc:enum displayName="MPLS labels" idlMapped="true" ilMapped="true" name="MPLS" value="2" />
    </stc:enumeration>

    <stc:property category="config" collectionType="vector" databaseType="DEFAULT" default="10" displayName="Stream Convergence Threshold (us)" format="number" id="0x93005003" idlMapped="true" ilMapped="true" isComposite="false" isDataStream="false" isDeprecated="false" isInternal="false" isReadOnly="false" maxOccurs="1" minOccurs="1" name="StreamConvergenceThreshold" noSave="false" nullable="false" onModifyNotifyMode="periodic" precision="" replaces="" type="u32" />

    <stc:property category="config" collectionType="vector" databaseType="DEFAULT" default="false" displayName="Load Test" format="number" id="0x93005004" idlMapped="true" ilMapped="true" isComposite="false" isDataStream="false" isDeprecated="false" isInternal="false" isReadOnly="false" maxOccurs="1" minOccurs="1" name="LoadTest" noSave="false" nullable="false" onModifyNotifyMode="periodic" precision="" replaces="" type="bool" />
    
    <stc:property category="config" collectionType="vector" databaseType="DEFAULT" default="UNUSED" displayName="Path Encapsulation" format="number" id="0x93005005" idlMapped="true" ilMapped="true" isComposite="false" isDataStream="false" isDeprecated="false" isInternal="false" isReadOnly="false" maxOccurs="1" minOccurs="1" name="PathEncap" noSave="false" nullable="false" onModifyNotifyMode="periodic" precision="" replaces="" type="u8">
      <stc:enumerationRef ref="EnumPathEncap" />
    </stc:property>
  </stc:class>

  <stc:class baseClass="Scriptable" canCreate="true" id="0x93006000" idlMapped="na" ilMapped="na" isInternal="false" isReadOnly="false" isSingleton="false" name="ConvergencePathConfig" noSave="false" profile="none">
    
    <stc:relation allowDuplicate="false" dstClassRef="ConvergencePathConfig" dstName="ConvergencePath" embedDstInIlClass="false" embedSrcInIlClass="false" id="0x93006001" isInternal="false" maxOccurs="unbounded" minOccurs="0" name="ParentConfig" order="sequenced" srcClassRef="ConvergenceConfig" srcName="ConvergenceConfig" type="framework.ParentChild" />
    

    
    <stc:property category="config" collectionType="vector" databaseType="DEFAULT" default="0" displayName="Stream Block Handle" format="number" id="0x93006002" idlMapped="true" ilMapped="true" isComposite="false" isDataStream="false" isDeprecated="false" isInternal="false" isReadOnly="false" maxOccurs="1" minOccurs="1" name="StreamHandle" noSave="false" nullable="false" onModifyNotifyMode="periodic" precision="" replaces="" type="handle" />
    <stc:property category="config" collectionType="vector" databaseType="DEFAULT" default="0" displayName="Primary Path Value" format="number" id="0x93006003" idlMapped="true" ilMapped="true" isComposite="false" isDataStream="false" isDeprecated="false" isInternal="false" isReadOnly="false" maxOccurs="1" minOccurs="1" name="PrimaryPathValue" noSave="false" nullable="false" onModifyNotifyMode="periodic" precision="" replaces="" type="u32" />
    <stc:property category="config" collectionType="vector" databaseType="DEFAULT" default="0" displayName="Backup Path Value" format="number" id="0x93006004" idlMapped="true" ilMapped="true" isComposite="false" isDataStream="false" isDeprecated="false" isInternal="false" isReadOnly="false" maxOccurs="1" minOccurs="1" name="BackupPathValue" noSave="false" nullable="false" onModifyNotifyMode="periodic" precision="" replaces="" type="u32" />
  </stc:class>

  <stc:class baseClass="EventTestCommand" canCreate="true" displayName="Setup Convergence" id="0x93007000" idlMapped="na" ilMapped="na" isInternal="false" isReadOnly="false" isSingleton="false" name="ConvergenceSetupCommand" noSave="false" profile="none">
    <stc:attribute id="0x93007001" internalIsEnum="false" internalType="bool" name="none" type="core.RequireApplyToIL" value="true" />
    <stc:attribute id="0x93007002" internalIsEnum="false" internalType="bool" name="none" type="core.Sequenceable" value="true" />
    <stc:attribute id="0x93007003" internalIsEnum="false" internalType="string" name="none" type="framework.CommandCategory" value="Event Manager//Control-Plane Convergence" />
    <stc:attribute id="0x93007004" internalIsEnum="false" internalType="string" name="none" type="framework.CommandDescription" value="Setup the control-plane convergence test" />

    <stc:property category="input" collectionType="vector" databaseType="DEFAULT" default="0" displayName="Convergence Configuration List" format="number" id="0x93007005" idlMapped="true" ilMapped="true" isComposite="false" isDataStream="false" isDeprecated="false" isInternal="false" isReadOnly="false" maxOccurs="unbounded" minOccurs="0" name="ConfigList" noSave="false" nullable="false" onModifyNotifyMode="none" precision="" replaces="" type="handle">
      <stc:attribute id="0x93007008" internalIsEnum="false" internalType="string" name="none" type="core.ValidHandleTypes" value="ConvergenceConfig" />
      <stc:attribute id="0x93007009" internalIsEnum="false" internalType="string" name="none" type="framework.PropertyDescription" value="List of Convergence Configuration Objects to setup for the convergence test." />
    </stc:property>

    <stc:property category="config" collectionType="vector" databaseType="DEFAULT" default="30" displayName="Timeout Value (secs)" format="number" id="0x93007006" idlMapped="true" ilMapped="true" isComposite="false" isDataStream="false" isDeprecated="false" isInternal="false" isReadOnly="false" maxOccurs="1" minOccurs="1" name="Timeout" noSave="false" nullable="false" onModifyNotifyMode="periodic" precision="" replaces="" type="u32">
      <stc:attribute id="0x9300700A" internalIsEnum="false" internalType="string" name="none" type="framework.PropertyDescription" value="Maximum time in seconds to wait for streams on primary port" />
      <stc:numericValidation errorMsg="Please enter a valid number" maxInclusive="600" minInclusive="10" />
    </stc:property>

    <stc:property category="config" collectionType="vector" databaseType="DEFAULT" default="CONVERGENCE" displayName="Test Type" format="number" id="0x93007007" idlMapped="true" ilMapped="true" isComposite="false" isDataStream="false" isDeprecated="false" isInternal="false" isReadOnly="false" maxOccurs="1" minOccurs="1" name="TestType" noSave="false" nullable="false" onModifyNotifyMode="periodic" precision="" replaces="" type="u8">
      <stc:enumerationRef ref="EnumConvergenceType" />
    </stc:property>    

  </stc:class>

  <stc:class baseClass="EventTestCommand" canCreate="true" displayName="Convergence Collector" id="0x93008000" idlMapped="na" ilMapped="na" isInternal="false" isReadOnly="false" isSingleton="false" name="ConvergenceCollectorCommand" noSave="false" profile="none">
    <stc:attribute id="0x93008001" internalIsEnum="false" internalType="bool" name="none" type="core.RequireApplyToIL" value="true" />
    <stc:attribute id="0x93008002" internalIsEnum="false" internalType="bool" name="none" type="core.Sequenceable" value="true" />
    <stc:attribute id="0x93008003" internalIsEnum="false" internalType="string" name="none" type="framework.CommandCategory" value="Event Manager//Control-Plane Convergence" />
    <stc:attribute id="0x93008004" internalIsEnum="false" internalType="string" name="none" type="framework.CommandDescription" value="Command to run the collector for the control-plane convergence test." />

    <stc:property category="input" collectionType="vector" databaseType="DEFAULT" default="0" displayName="Convergence Configuration List" format="number" id="0x93008005" idlMapped="true" ilMapped="true" isComposite="false" isDataStream="false" isDeprecated="false" isInternal="false" isReadOnly="false" maxOccurs="unbounded" minOccurs="0" name="ConfigList" noSave="false" nullable="false" onModifyNotifyMode="none" precision="" replaces="" type="handle">
      <stc:attribute id="0x93008009" internalIsEnum="false" internalType="string" name="none" type="core.ValidHandleTypes" value="ConvergenceConfig" />
      <stc:attribute id="0x9300800A" internalIsEnum="false" internalType="string" name="none" type="framework.PropertyDescription" value="List of Convergence Configuration Objects used by this Collector" />
    </stc:property>

    <stc:property category="config" collectionType="vector" databaseType="DEFAULT" default="120" displayName="Timeout Value (secs)" format="number" id="0x93008006" idlMapped="true" ilMapped="true" isComposite="false" isDataStream="false" isDeprecated="false" isInternal="false" isReadOnly="false" maxOccurs="1" minOccurs="1" name="Timeout" noSave="false" nullable="false" onModifyNotifyMode="periodic" precision="" replaces="" type="u32">
      <stc:attribute id="0x9300800B" internalIsEnum="false" internalType="string" name="none" type="framework.PropertyDescription" value="Maximum time in seconds to wait for results to be obtained" />
      <stc:numericValidation errorMsg="Please enter a valid number" maxInclusive="600" minInclusive="10" />
    </stc:property>

    <stc:property category="config" collectionType="vector" databaseType="DEFAULT" default="CONVERGENCE" displayName="Test Type" format="number" id="0x93008007" idlMapped="true" ilMapped="true" isComposite="false" isDataStream="false" isDeprecated="false" isInternal="false" isReadOnly="false" maxOccurs="1" minOccurs="1" name="TestType" noSave="false" nullable="false" onModifyNotifyMode="periodic" precision="" replaces="" type="u8">
      <stc:enumerationRef ref="EnumConvergenceType" />
    </stc:property> 
    
    <stc:property category="config" collectionType="vector" databaseType="DEFAULT" default="true" displayName="Give a warning if the running state does not match configured state" format="number" id="0x93008008" idlMapped="true" ilMapped="true" isComposite="false" isDataStream="false" isDeprecated="false" isInternal="false" isReadOnly="false" maxOccurs="1" minOccurs="1" name="MismatchWarning" noSave="false" nullable="false" onModifyNotifyMode="periodic" precision="" replaces="" type="bool">
      <stc:attribute id="0x9300800C" internalIsEnum="false" internalType="string" name="none" type="framework.PropertyDescription" value="Give a warning if the running state does not match configured state" />
    </stc:property>
  </stc:class>

  <stc:class baseClass="framework.Command" canCreate="true" displayName="Reset Convergence" id="0x93009000" idlMapped="na" ilMapped="na" isInternal="false" isReadOnly="false" isSingleton="false" name="ConvergenceResetCommand" noSave="false" profile="none">
    <stc:attribute id="0x93009001" internalIsEnum="false" internalType="bool" name="none" type="core.RequireApplyToIL" value="true" />
    <stc:attribute id="0x93009002" internalIsEnum="false" internalType="bool" name="none" type="core.Sequenceable" value="true" />
    <stc:attribute id="0x93009003" internalIsEnum="false" internalType="string" name="none" type="framework.CommandCategory" value="Event Manager//Control-Plane Convergence" />
    <stc:attribute id="0x93009004" internalIsEnum="false" internalType="string" name="none" type="framework.CommandDescription" value="Reset the Protocol-based Convergence System" />
  </stc:class>

  
  <stc:class baseClass="framework.Result" canCreate="true" id="0x9300A000" idlMapped="na" ilMapped="na" isInternal="false" isReadOnly="false" isSingleton="false" name="EventConfigResult" noSave="false" profile="none">
    
    <stc:relation allowDuplicate="false" dstClassRef="EventConfigResult" dstName="none" embedDstInIlClass="false" embedSrcInIlClass="false" id="0x9300A001" isInternal="false" maxOccurs="1" minOccurs="0" name="Parent" order="sequenced" srcClassRef="EventConfig" srcName="none" type="framework.ParentChild" />
    
    <stc:relation allowDuplicate="false" dstClassRef="EventConfigResult" dstName="ResultChild" embedDstInIlClass="false" embedSrcInIlClass="false" id="0x9300A002" isInternal="false" maxOccurs="1" minOccurs="0" name="ResultParent" order="sequenced" srcClassRef="ConvergenceConfig" srcName="ResultParent" type="framework.ResultChild" />

    
    <stc:property category="result" collectionType="vector" databaseType="DEFAULT" default="0" displayName="Expected Streams" format="number" id="0x9300A003" idlMapped="true" ilMapped="true" isComposite="false" isDataStream="false" isDeprecated="false" isInternal="false" isReadOnly="true" maxOccurs="1" minOccurs="1" name="ExpectedStreams" noSave="true" nullable="false" onModifyNotifyMode="periodic" precision="" replaces="" type="u32">
      <stc:attribute id="0x9300A019" internalIsEnum="false" internalType="bool" name="none" type="core.ResultPropertyMarkForEotSave" value="true" />
      <stc:attribute id="0x9300A01A" internalIsEnum="false" internalType="bool" name="none" type="core.ResultPropertyIsDefaultForSubscription" value="true" />
    </stc:property>
    <stc:property category="result" collectionType="vector" databaseType="DEFAULT" default="0" displayName="Streams on Primary Port" format="number" id="0x9300A004" idlMapped="true" ilMapped="true" isComposite="false" isDataStream="false" isDeprecated="false" isInternal="false" isReadOnly="true" maxOccurs="1" minOccurs="1" name="PrimaryStreams" noSave="true" nullable="false" onModifyNotifyMode="periodic" precision="" replaces="" type="u32">
      <stc:attribute id="0x9300A01B" internalIsEnum="false" internalType="bool" name="none" type="core.ResultPropertyMarkForEotSave" value="true" />
      <stc:attribute id="0x9300A01C" internalIsEnum="false" internalType="bool" name="none" type="core.ResultPropertyIsDefaultForSubscription" value="true" />
    </stc:property>
    <stc:property category="result" collectionType="vector" databaseType="DEFAULT" default="0" displayName="Converged Streams" format="number" id="0x9300A005" idlMapped="true" ilMapped="true" isComposite="false" isDataStream="false" isDeprecated="false" isInternal="false" isReadOnly="true" maxOccurs="1" minOccurs="1" name="ConvergedStreams" noSave="true" nullable="false" onModifyNotifyMode="periodic" precision="" replaces="" type="u32">
      <stc:attribute id="0x9300A01D" internalIsEnum="false" internalType="bool" name="none" type="core.ResultPropertyMarkForEotSave" value="true" />
      <stc:attribute id="0x9300A01E" internalIsEnum="false" internalType="bool" name="none" type="core.ResultPropertyIsDefaultForSubscription" value="true" />
    </stc:property>
    <stc:property category="result" collectionType="vector" databaseType="DEFAULT" default="0" displayName="Non-converged Streams" format="number" id="0x9300A006" idlMapped="true" ilMapped="true" isComposite="false" isDataStream="false" isDeprecated="false" isInternal="false" isReadOnly="true" maxOccurs="1" minOccurs="1" name="NonConvergedStreams" noSave="true" nullable="false" onModifyNotifyMode="periodic" precision="" replaces="" type="u32">
      <stc:attribute id="0x9300A01F" internalIsEnum="false" internalType="bool" name="none" type="core.ResultPropertyMarkForEotSave" value="true" />
      <stc:attribute id="0x9300A020" internalIsEnum="false" internalType="bool" name="none" type="core.ResultPropertyIsDefaultForSubscription" value="true" />
    </stc:property>
    <stc:property category="result" collectionType="vector" databaseType="DEFAULT" default="0" displayName="Unexpected Converged Streams" format="number" id="0x9300A007" idlMapped="true" ilMapped="true" isComposite="false" isDataStream="false" isDeprecated="false" isInternal="false" isReadOnly="true" maxOccurs="1" minOccurs="1" name="UnexpectedConvergedStreams" noSave="true" nullable="false" onModifyNotifyMode="periodic" precision="" replaces="" type="u32">
      <stc:attribute id="0x9300A021" internalIsEnum="false" internalType="bool" name="none" type="core.ResultPropertyMarkForEotSave" value="true" />
      <stc:attribute id="0x9300A022" internalIsEnum="false" internalType="bool" name="none" type="core.ResultPropertyIsDefaultForSubscription" value="true" />
    </stc:property>
    <stc:property category="result" collectionType="vector" databaseType="DEFAULT" default="0" displayName="Streams Exceeding Configured Threshold" format="number" id="0x9300A008" idlMapped="true" ilMapped="true" isComposite="false" isDataStream="false" isDeprecated="false" isInternal="false" isReadOnly="true" maxOccurs="1" minOccurs="1" name="StreamsExceedingThresholdCount" noSave="true" nullable="false" onModifyNotifyMode="periodic" precision="" replaces="" type="u32">
      <stc:attribute id="0x9300A023" internalIsEnum="false" internalType="bool" name="none" type="core.ResultPropertyMarkForEotSave" value="true" />
      <stc:attribute id="0x9300A024" internalIsEnum="false" internalType="bool" name="none" type="core.ResultPropertyIsDefaultForSubscription" value="true" />
    </stc:property>
    <stc:property category="result" collectionType="vector" databaseType="DEFAULT" default="0" displayName="Overall Convergence Time (us)" format="number" id="0x9300A009" idlMapped="true" ilMapped="true" isComposite="false" isDataStream="false" isDeprecated="false" isInternal="false" isReadOnly="true" maxOccurs="1" minOccurs="1" name="ConvergenceTime" noSave="true" nullable="false" onModifyNotifyMode="periodic" precision="#,##0.##" replaces="" type="double">
      <stc:attribute id="0x9300A025" internalIsEnum="false" internalType="bool" name="none" type="core.ResultPropertyMarkForEotSave" value="true" />
      <stc:attribute id="0x9300A026" internalIsEnum="false" internalType="bool" name="none" type="core.ResultPropertyIsDefaultForSubscription" value="true" />
    </stc:property>
    
    <stc:property category="result" collectionType="vector" databaseType="DEFAULT" default="0" displayName="Minimum Single-Stream Convergence Time (us)" format="number" id="0x9300A00A" idlMapped="true" ilMapped="true" isComposite="false" isDataStream="false" isDeprecated="false" isInternal="false" isReadOnly="true" maxOccurs="1" minOccurs="1" name="MinConvergenceTime" noSave="true" nullable="false" onModifyNotifyMode="periodic" precision="#,##0.##" replaces="" type="double">
      <stc:attribute id="0x9300A027" internalIsEnum="false" internalType="bool" name="none" type="core.ResultPropertyMarkForEotSave" value="true" />
      <stc:attribute id="0x9300A028" internalIsEnum="false" internalType="bool" name="none" type="core.ResultPropertyIsDefaultForSubscription" value="true" />
    </stc:property>
    <stc:property category="result" collectionType="vector" databaseType="DEFAULT" default="0" displayName="Maximum Single-Stream Convergence Time (us)" format="number" id="0x9300A00B" idlMapped="true" ilMapped="true" isComposite="false" isDataStream="false" isDeprecated="false" isInternal="false" isReadOnly="true" maxOccurs="1" minOccurs="1" name="MaxConvergenceTime" noSave="true" nullable="false" onModifyNotifyMode="periodic" precision="#,##0.##" replaces="" type="double">
      <stc:attribute id="0x9300A029" internalIsEnum="false" internalType="bool" name="none" type="core.ResultPropertyMarkForEotSave" value="true" />
      <stc:attribute id="0x9300A02A" internalIsEnum="false" internalType="bool" name="none" type="core.ResultPropertyIsDefaultForSubscription" value="true" />
    </stc:property>
    <stc:property category="result" collectionType="vector" databaseType="DEFAULT" default="0" displayName="Average Single-Stream Convergence Time (us)" format="number" id="0x9300A00C" idlMapped="true" ilMapped="true" isComposite="false" isDataStream="false" isDeprecated="false" isInternal="false" isReadOnly="true" maxOccurs="1" minOccurs="1" name="AvgConvergenceTime" noSave="true" nullable="false" onModifyNotifyMode="periodic" precision="#,##0.##" replaces="" type="double">
      <stc:attribute id="0x9300A02B" internalIsEnum="false" internalType="bool" name="none" type="core.ResultPropertyMarkForEotSave" value="true" />
      <stc:attribute id="0x9300A02C" internalIsEnum="false" internalType="bool" name="none" type="core.ResultPropertyIsDefaultForSubscription" value="true" />
    </stc:property>

    <stc:property category="result" collectionType="vector" databaseType="DEFAULT" default="0" displayName="First Event Timestamp (us)" format="number" id="0x9300A00D" idlMapped="true" ilMapped="true" isComposite="false" isDataStream="false" isDeprecated="false" isInternal="false" isReadOnly="true" maxOccurs="1" minOccurs="1" name="FirstEventTimestamp" noSave="true" nullable="false" onModifyNotifyMode="periodic" precision="#,##0.##" replaces="" type="double">
      <stc:attribute id="0x9300A02D" internalIsEnum="false" internalType="bool" name="none" type="core.ResultPropertyMarkForEotSave" value="true" />
      <stc:attribute id="0x9300A02E" internalIsEnum="false" internalType="bool" name="none" type="core.ResultPropertyIsDefaultForSubscription" value="true" />
    </stc:property>

    <stc:property category="result" collectionType="vector" databaseType="DEFAULT" default="0" displayName="Last Event Timestamp (us)" format="number" id="0x9300A00E" idlMapped="true" ilMapped="true" isComposite="false" isDataStream="false" isDeprecated="false" isInternal="false" isReadOnly="true" maxOccurs="1" minOccurs="1" name="LastEventTimestamp" noSave="true" nullable="false" onModifyNotifyMode="periodic" precision="#,##0.##" replaces="" type="double">
      <stc:attribute id="0x9300A02F" internalIsEnum="false" internalType="bool" name="none" type="core.ResultPropertyMarkForEotSave" value="true" />
      <stc:attribute id="0x9300A030" internalIsEnum="false" internalType="bool" name="none" type="core.ResultPropertyIsDefaultForSubscription" value="true" />
    </stc:property>
    <stc:property category="result" collectionType="vector" databaseType="DEFAULT" default="0" displayName="Traffic  Timestamp on 1st Stream (us)" format="number" id="0x9300A00F" idlMapped="true" ilMapped="true" isComposite="false" isDataStream="false" isDeprecated="false" isInternal="false" isReadOnly="true" maxOccurs="1" minOccurs="1" name="FirstPacketTimestampOnFirstStream" noSave="true" nullable="false" onModifyNotifyMode="periodic" precision="#,##0.##" replaces="" type="double">
      <stc:attribute id="0x9300A031" internalIsEnum="false" internalType="bool" name="none" type="core.ResultPropertyMarkForEotSave" value="true" />
      <stc:attribute id="0x9300A032" internalIsEnum="false" internalType="bool" name="none" type="core.ResultPropertyIsDefaultForSubscription" value="true" />
    </stc:property>

    <stc:property category="result" collectionType="vector" databaseType="DEFAULT" default="0" displayName="Traffic Timestamp on Last Stream (us)" format="number" id="0x9300A010" idlMapped="true" ilMapped="true" isComposite="false" isDataStream="false" isDeprecated="false" isInternal="false" isReadOnly="true" maxOccurs="1" minOccurs="1" name="FirstPacketTimestampOnLastStream" noSave="true" nullable="false" onModifyNotifyMode="periodic" precision="#,##0.##" replaces="" type="double">
      <stc:attribute id="0x9300A033" internalIsEnum="false" internalType="bool" name="none" type="core.ResultPropertyMarkForEotSave" value="true" />
      <stc:attribute id="0x9300A034" internalIsEnum="false" internalType="bool" name="none" type="core.ResultPropertyIsDefaultForSubscription" value="true" />
    </stc:property>

    
    <stc:property category="result" collectionType="vector" databaseType="DEFAULT" default="0" displayName="Overall Reversion Convergence Time (us)" format="number" id="0x9300A011" idlMapped="true" ilMapped="true" isComposite="false" isDataStream="false" isDeprecated="false" isInternal="false" isReadOnly="true" maxOccurs="1" minOccurs="1" name="ReversionConvergenceTime" noSave="true" nullable="false" onModifyNotifyMode="periodic" precision="#,##0.##" replaces="" type="double">
      <stc:attribute id="0x9300A035" internalIsEnum="false" internalType="bool" name="none" type="core.ResultPropertyMarkForEotSave" value="true" />
      <stc:attribute id="0x9300A036" internalIsEnum="false" internalType="bool" name="none" type="core.ResultPropertyIsDefaultForSubscription" value="true" />
    </stc:property>
    
    <stc:property category="result" collectionType="vector" databaseType="DEFAULT" default="0" displayName="Minimum Single-Stream Reversion Convergence Time (us)" format="number" id="0x9300A012" idlMapped="true" ilMapped="true" isComposite="false" isDataStream="false" isDeprecated="false" isInternal="false" isReadOnly="true" maxOccurs="1" minOccurs="1" name="MinReversionConvergenceTime" noSave="true" nullable="false" onModifyNotifyMode="periodic" precision="#,##0.##" replaces="" type="double">
      <stc:attribute id="0x9300A037" internalIsEnum="false" internalType="bool" name="none" type="core.ResultPropertyMarkForEotSave" value="true" />
      <stc:attribute id="0x9300A038" internalIsEnum="false" internalType="bool" name="none" type="core.ResultPropertyIsDefaultForSubscription" value="true" />
    </stc:property>
    <stc:property category="result" collectionType="vector" databaseType="DEFAULT" default="0" displayName="Maximum Single-Stream Reversion Convergence Time (us)" format="number" id="0x9300A013" idlMapped="true" ilMapped="true" isComposite="false" isDataStream="false" isDeprecated="false" isInternal="false" isReadOnly="true" maxOccurs="1" minOccurs="1" name="MaxReversionConvergenceTime" noSave="true" nullable="false" onModifyNotifyMode="periodic" precision="#,##0.##" replaces="" type="double">
      <stc:attribute id="0x9300A039" internalIsEnum="false" internalType="bool" name="none" type="core.ResultPropertyMarkForEotSave" value="true" />
      <stc:attribute id="0x9300A03A" internalIsEnum="false" internalType="bool" name="none" type="core.ResultPropertyIsDefaultForSubscription" value="true" />
    </stc:property>
    
    <stc:property category="result" collectionType="vector" databaseType="DEFAULT" default="0" displayName="Average Single-Stream Reversion Convergence Time (us)" format="number" id="0x9300A014" idlMapped="true" ilMapped="true" isComposite="false" isDataStream="false" isDeprecated="false" isInternal="false" isReadOnly="true" maxOccurs="1" minOccurs="1" name="AvgReversionConvergenceTime" noSave="true" nullable="false" onModifyNotifyMode="periodic" precision="#,##0.##" replaces="" type="double">
      <stc:attribute id="0x9300A03B" internalIsEnum="false" internalType="bool" name="none" type="core.ResultPropertyMarkForEotSave" value="true" />
      <stc:attribute id="0x9300A03C" internalIsEnum="false" internalType="bool" name="none" type="core.ResultPropertyIsDefaultForSubscription" value="true" />
    </stc:property>
    

    <stc:property category="result" collectionType="vector" databaseType="DEFAULT" default="0" displayName="Traffic Timestamp on 1st Stream In Reversion (us)" format="number" id="0x9300A015" idlMapped="true" ilMapped="true" isComposite="false" isDataStream="false" isDeprecated="false" isInternal="false" isReadOnly="true" maxOccurs="1" minOccurs="1" name="FirstPacketTimestampOnFirstStreamInReversion" noSave="true" nullable="false" onModifyNotifyMode="periodic" precision="#,##0.##" replaces="" type="double">
      <stc:attribute id="0x9300A03D" internalIsEnum="false" internalType="bool" name="none" type="core.ResultPropertyMarkForEotSave" value="true" />
      <stc:attribute id="0x9300A03E" internalIsEnum="false" internalType="bool" name="none" type="core.ResultPropertyIsDefaultForSubscription" value="true" />
    </stc:property>

    <stc:property category="result" collectionType="vector" databaseType="DEFAULT" default="0" displayName="Traffic Timestamp on Last Stream In Reversion (us)" format="number" id="0x9300A016" idlMapped="true" ilMapped="true" isComposite="false" isDataStream="false" isDeprecated="false" isInternal="false" isReadOnly="true" maxOccurs="1" minOccurs="1" name="FirstPacketTimestampOnLastStreamInReversion" noSave="true" nullable="false" onModifyNotifyMode="periodic" precision="#,##0.##" replaces="" type="double">
      <stc:attribute id="0x9300A03F" internalIsEnum="false" internalType="bool" name="none" type="core.ResultPropertyMarkForEotSave" value="true" />
      <stc:attribute id="0x9300A040" internalIsEnum="false" internalType="bool" name="none" type="core.ResultPropertyIsDefaultForSubscription" value="true" />
    </stc:property>

    <stc:property category="result" collectionType="vector" databaseType="DEFAULT" default="0" displayName="First Event Timestamp In Reversion(us)" format="number" id="0x9300A017" idlMapped="true" ilMapped="true" isComposite="false" isDataStream="false" isDeprecated="false" isInternal="false" isReadOnly="true" maxOccurs="1" minOccurs="1" name="FirstEventTimestampInReversion" noSave="true" nullable="false" onModifyNotifyMode="periodic" precision="#,##0.##" replaces="" type="double">
      <stc:attribute id="0x9300A041" internalIsEnum="false" internalType="bool" name="none" type="core.ResultPropertyMarkForEotSave" value="true" />
      <stc:attribute id="0x9300A042" internalIsEnum="false" internalType="bool" name="none" type="core.ResultPropertyIsDefaultForSubscription" value="true" />
    </stc:property>

    <stc:property category="result" collectionType="vector" databaseType="DEFAULT" default="0" displayName="Last Event Timestamp In Reversion (us)" format="number" id="0x9300A018" idlMapped="true" ilMapped="true" isComposite="false" isDataStream="false" isDeprecated="false" isInternal="false" isReadOnly="true" maxOccurs="1" minOccurs="1" name="LastEventTimestampInReversion" noSave="true" nullable="false" onModifyNotifyMode="periodic" precision="#,##0.##" replaces="" type="double">
      <stc:attribute id="0x9300A043" internalIsEnum="false" internalType="bool" name="none" type="core.ResultPropertyMarkForEotSave" value="true" />
      <stc:attribute id="0x9300A044" internalIsEnum="false" internalType="bool" name="none" type="core.ResultPropertyIsDefaultForSubscription" value="true" />
    </stc:property>

  </stc:class>

  
  
  <stc:class baseClass="framework.Result" canCreate="true" id="0x9300B000" idlMapped="na" ilMapped="na" isInternal="true" isReadOnly="false" isSingleton="false" name="EotProtoEventResults" noSave="false" profile="none">
    
    <stc:property category="result" collectionType="vector" databaseType="DEFAULT" default="0" displayName="Parent Config Handle" format="number" id="0x9300B001" idlMapped="true" ilMapped="true" isComposite="false" isDataStream="false" isDeprecated="false" isInternal="false" isReadOnly="true" maxOccurs="1" minOccurs="1" name="ParentConfigHandle" noSave="true" nullable="false" onModifyNotifyMode="periodic" precision="" replaces="" type="u32">
      <stc:attribute id="0x9300B00D" internalIsEnum="false" internalType="bool" name="none" type="core.ResultPropertyMarkForEotSave" value="true" />
      <stc:attribute id="0x9300B00E" internalIsEnum="false" internalType="bool" name="none" type="core.ResultPropertyAddEotDbIndex" value="true" />
      <stc:attribute id="0x9300B00F" internalIsEnum="false" internalType="string" name="none" type="core.ResultPropertyIlCounterpartName" value="PrimaryHandle" />
    </stc:property>
    <stc:property category="result" collectionType="vector" databaseType="DEFAULT" default="0" displayName="Protocol Config Handle" format="number" id="0x9300B002" idlMapped="true" ilMapped="true" isComposite="false" isDataStream="false" isDeprecated="false" isInternal="false" isReadOnly="true" maxOccurs="1" minOccurs="1" name="ProtocolConfigHandle" noSave="true" nullable="false" onModifyNotifyMode="periodic" precision="" replaces="" type="u32">
      <stc:attribute id="0x9300B010" internalIsEnum="false" internalType="bool" name="none" type="core.ResultPropertyMarkForEotSave" value="true" />
      <stc:attribute id="0x9300B011" internalIsEnum="false" internalType="bool" name="none" type="core.ResultPropertyAddEotDbIndex" value="true" />
      <stc:attribute id="0x9300B012" internalIsEnum="false" internalType="string" name="none" type="core.ResultPropertyIlCounterpartName" value="BllHandle" />
    </stc:property>
    <stc:property category="result" collectionType="vector" databaseType="DEFAULT" default="0" displayName="Event Stream Identifier" format="number" id="0x9300B003" idlMapped="true" ilMapped="true" isComposite="false" isDataStream="false" isDeprecated="false" isInternal="false" isReadOnly="true" maxOccurs="1" minOccurs="1" name="EventStreamId" noSave="true" nullable="false" onModifyNotifyMode="periodic" precision="" replaces="" type="u32">
      <stc:attribute id="0x9300B013" internalIsEnum="false" internalType="bool" name="none" type="core.ResultPropertyMarkForEotSave" value="true" />
      <stc:attribute id="0x9300B014" internalIsEnum="false" internalType="bool" name="none" type="core.ResultPropertyAddEotDbIndex" value="true" />
      <stc:attribute id="0x9300B015" internalIsEnum="false" internalType="string" name="none" type="core.ResultPropertyIlCounterpartName" value="StreamId" />
    </stc:property>
    <stc:property category="result" collectionType="vector" databaseType="DEFAULT" default="0" displayName="Event Port Number" format="number" id="0x9300B004" idlMapped="true" ilMapped="true" isComposite="false" isDataStream="false" isDeprecated="false" isInternal="false" isReadOnly="true" maxOccurs="1" minOccurs="1" name="EventPortNumber" noSave="true" nullable="false" onModifyNotifyMode="periodic" precision="" replaces="" type="u16">
      <stc:attribute id="0x9300B016" internalIsEnum="false" internalType="bool" name="none" type="core.ResultPropertyMarkForEotSave" value="true" />
      <stc:attribute id="0x9300B017" internalIsEnum="false" internalType="bool" name="none" type="core.ResultPropertyAddEotDbIndex" value="true" />
      <stc:attribute id="0x9300B018" internalIsEnum="false" internalType="string" name="none" type="core.ResultPropertyIlCounterpartName" value="PortNumber" />
    </stc:property>
    <stc:property category="result" collectionType="vector" databaseType="DEFAULT" default="" displayName="Event Opaque Information" format="number" id="0x9300B005" idlMapped="true" ilMapped="true" isComposite="false" isDataStream="false" isDeprecated="false" isInternal="false" isReadOnly="true" maxOccurs="1" minOccurs="1" name="EventOpaqueInfo" noSave="true" nullable="false" onModifyNotifyMode="periodic" precision="" replaces="" type="string">
      <stc:attribute id="0x9300B019" internalIsEnum="false" internalType="bool" name="none" type="core.ResultPropertyMarkForEotSave" value="true" />
      <stc:attribute id="0x9300B01A" internalIsEnum="false" internalType="bool" name="none" type="core.ResultPropertyAddEotDbIndex" value="true" />
      <stc:attribute id="0x9300B01B" internalIsEnum="false" internalType="string" name="none" type="core.ResultPropertyIlCounterpartName" value="OpaqueInfo" />
    </stc:property>
    <stc:property category="result" collectionType="vector" databaseType="DEFAULT" default="" displayName="Event Detail" format="number" id="0x9300B006" idlMapped="true" ilMapped="true" isComposite="false" isDataStream="false" isDeprecated="false" isInternal="false" isReadOnly="true" maxOccurs="1" minOccurs="1" name="EventDetail" noSave="true" nullable="false" onModifyNotifyMode="periodic" precision="" replaces="" type="string">
      <stc:attribute id="0x9300B01C" internalIsEnum="false" internalType="bool" name="none" type="core.ResultPropertyMarkForEotSave" value="true" />
      <stc:attribute id="0x9300B01D" internalIsEnum="false" internalType="bool" name="none" type="core.ResultPropertyAddEotDbIndex" value="true" />
    </stc:property>
    <stc:property category="result" collectionType="vector" databaseType="DEFAULT" default="0" displayName="Event Timestamp (us)" format="number" id="0x9300B007" idlMapped="true" ilMapped="true" isComposite="false" isDataStream="false" isDeprecated="false" isInternal="false" isReadOnly="true" maxOccurs="1" minOccurs="1" name="EventTimestamp" noSave="true" nullable="false" onModifyNotifyMode="periodic" precision="0.00" replaces="" type="double">
      <stc:attribute id="0x9300B01E" internalIsEnum="false" internalType="bool" name="none" type="core.ResultPropertyMarkForEotSave" value="true" />
      <stc:attribute id="0x9300B01F" internalIsEnum="false" internalType="bool" name="none" type="core.ResultPropertyAddEotDbIndex" value="true" />
      <stc:attribute id="0x9300B020" internalIsEnum="false" internalType="string" name="none" type="core.ResultPropertyIlCounterpartName" value="(EventTimestamp/1000.0)" />
    </stc:property>
    <stc:property category="result" collectionType="vector" databaseType="DEFAULT" default="" displayName="Additional Event Data" format="number" id="0x9300B008" idlMapped="true" ilMapped="true" isComposite="false" isDataStream="false" isDeprecated="false" isInternal="false" isReadOnly="true" maxOccurs="1" minOccurs="1" name="AdditionalEventData" noSave="true" nullable="false" onModifyNotifyMode="periodic" precision="" replaces="" type="string">
      <stc:attribute id="0x9300B021" internalIsEnum="false" internalType="bool" name="none" type="core.ResultPropertyMarkForEotSave" value="true" />
      <stc:attribute id="0x9300B022" internalIsEnum="false" internalType="bool" name="none" type="core.ResultPropertyAddEotDbIndex" value="true" />
      <stc:attribute id="0x9300B023" internalIsEnum="false" internalType="string" name="none" type="core.ResultPropertyIlCounterpartName" value="EventData" />
    </stc:property>
    <stc:property category="result" collectionType="vector" databaseType="DEFAULT" default="" displayName="Stream Convergence Protocols" format="number" id="0x9300B009" idlMapped="true" ilMapped="true" isComposite="false" isDataStream="false" isDeprecated="false" isInternal="false" isReadOnly="true" maxOccurs="1" minOccurs="1" name="EventStreamConvergenceProtocols" noSave="true" nullable="false" onModifyNotifyMode="periodic" precision="" replaces="" type="string">
      <stc:attribute id="0x9300B024" internalIsEnum="false" internalType="bool" name="none" type="core.ResultPropertyMarkForEotSave" value="true" />
      <stc:attribute id="0x9300B025" internalIsEnum="false" internalType="bool" name="none" type="core.ResultPropertyAddEotDbIndex" value="true" />
      <stc:attribute id="0x9300B026" internalIsEnum="false" internalType="bool" name="none" type="core.ResultPropertyMarkAsBllProperty" value="true" />
    </stc:property>
    <stc:property category="result" collectionType="vector" databaseType="DEFAULT" default="" displayName="Primary Resolving Router" format="number" id="0x9300B00A" idlMapped="true" ilMapped="true" isComposite="false" isDataStream="false" isDeprecated="false" isInternal="false" isReadOnly="true" maxOccurs="1" minOccurs="1" name="EventStreamResolvingRouterName" noSave="true" nullable="false" onModifyNotifyMode="periodic" precision="" replaces="" type="string">
      <stc:attribute id="0x9300B027" internalIsEnum="false" internalType="bool" name="none" type="core.ResultPropertyMarkForEotSave" value="true" />
      <stc:attribute id="0x9300B028" internalIsEnum="false" internalType="bool" name="none" type="core.ResultPropertyAddEotDbIndex" value="true" />
      <stc:attribute id="0x9300B029" internalIsEnum="false" internalType="bool" name="none" type="core.ResultPropertyMarkAsBllProperty" value="true" />
    </stc:property>
    <stc:property category="result" collectionType="vector" databaseType="DEFAULT" default="" displayName="Stream Block Name" format="number" id="0x9300B00B" idlMapped="true" ilMapped="true" isComposite="false" isDataStream="false" isDeprecated="false" isInternal="false" isReadOnly="true" maxOccurs="1" minOccurs="1" name="EventStreamBlockName" noSave="true" nullable="false" onModifyNotifyMode="periodic" precision="" replaces="" type="string">
      <stc:attribute id="0x9300B02A" internalIsEnum="false" internalType="bool" name="none" type="core.ResultPropertyMarkForEotSave" value="true" />
      <stc:attribute id="0x9300B02B" internalIsEnum="false" internalType="bool" name="none" type="core.ResultPropertyAddEotDbIndex" value="true" />
      <stc:attribute id="0x9300B02C" internalIsEnum="false" internalType="bool" name="none" type="core.ResultPropertyMarkAsBllProperty" value="true" />
    </stc:property>
    <stc:property category="result" collectionType="vector" databaseType="DEFAULT" default="" displayName="Stream Destination Information" format="number" id="0x9300B00C" idlMapped="true" ilMapped="true" isComposite="false" isDataStream="false" isDeprecated="false" isInternal="false" isReadOnly="true" maxOccurs="1" minOccurs="1" name="EventStreamDestinationInfo" noSave="true" nullable="false" onModifyNotifyMode="periodic" precision="" replaces="" type="string">
      <stc:attribute id="0x9300B02D" internalIsEnum="false" internalType="bool" name="none" type="core.ResultPropertyMarkForEotSave" value="true" />
      <stc:attribute id="0x9300B02E" internalIsEnum="false" internalType="bool" name="none" type="core.ResultPropertyAddEotDbIndex" value="true" />
      <stc:attribute id="0x9300B02F" internalIsEnum="false" internalType="bool" name="none" type="core.ResultPropertyMarkAsBllProperty" value="true" />
    </stc:property>
  </stc:class>

  
  
  <stc:class baseClass="framework.Result" canCreate="true" id="0x9300C000" idlMapped="na" ilMapped="na" isInternal="true" isReadOnly="false" isSingleton="false" name="EotProtoStreamEventResults" noSave="false" profile="none">
    
    <stc:property category="result" collectionType="vector" databaseType="DEFAULT" default="0" displayName="Event Rx Stream Identifier" format="number" id="0x9300C001" idlMapped="true" ilMapped="true" isComposite="false" isDataStream="false" isDeprecated="false" isInternal="false" isReadOnly="true" maxOccurs="1" minOccurs="1" name="EventRxStreamId" noSave="true" nullable="false" onModifyNotifyMode="periodic" precision="" replaces="" type="u32">
      <stc:attribute id="0x9300C003" internalIsEnum="false" internalType="bool" name="none" type="core.ResultPropertyMarkForEotSave" value="true" />
      <stc:attribute id="0x9300C004" internalIsEnum="false" internalType="bool" name="none" type="core.ResultPropertyAddEotDbIndex" value="true" />
      <stc:attribute id="0x9300C005" internalIsEnum="false" internalType="string" name="none" type="core.ResultPropertyIlCounterpartName" value="Comp32" />
    </stc:property>
    <stc:property category="result" collectionType="vector" databaseType="DEFAULT" default="0" displayName="Event Stream Rx First Arrival Time (us)" format="number" id="0x9300C002" idlMapped="true" ilMapped="true" isComposite="false" isDataStream="false" isDeprecated="false" isInternal="false" isReadOnly="true" maxOccurs="1" minOccurs="1" name="EventStreamRxFirstArrivalTime" noSave="true" nullable="false" onModifyNotifyMode="periodic" precision="0.00" replaces="" type="double">
      <stc:attribute id="0x9300C006" internalIsEnum="false" internalType="bool" name="none" type="core.ResultPropertyMarkForEotSave" value="true" />
      <stc:attribute id="0x9300C007" internalIsEnum="false" internalType="bool" name="none" type="core.ResultPropertyAddEotDbIndex" value="true" />
      <stc:attribute id="0x9300C008" internalIsEnum="false" internalType="string" name="none" type="core.ResultPropertyIlCounterpartName" value="(Counters.FirstArrivalTime/100.0)" />
    </stc:property>
  </stc:class>

</stc:meta>