<stc:meta xmlns:stc="urn:www.spirentcom.com:XMLSchema.xsd" id="0x0A000000" package="routing" plugin="lacp" version="0.0.0-0">

  
  <stc:idlDef idlDepends="" idlImplements="../../rtgcore/idl/rtgcore_Autogen.idl" idlIncludes="../../../../framework/idl/result_Autogen.idl" idlName="lacp" idlVersion="1" isInterface="true" />

  
  
  
  <stc:class baseClass="framework.Scriptable" canCreate="true" id="0x0A001000" idlMapped="lacp" ilMapped="root" isInternal="false" isReadOnly="false" isSingleton="false" name="LacpGroupConfig" noSave="false" profile="lacp">

    
    <stc:relation allowDuplicate="false" dstClassRef="LacpGroupConfig" dstName="none" embedDstInIlClass="false" embedSrcInIlClass="false" id="0x0A001001" isInternal="false" maxOccurs="unbounded" minOccurs="0" name="ParentProject" order="sequenced" srcClassRef="framework.Project" srcName="none" type="framework.ParentChild" />

    
    <stc:relation allowDuplicate="false" dstClassRef="LacpGroupConfig" dstName="none" embedDstInIlClass="false" embedSrcInIlClass="false" id="0x0A001002" isInternal="false" maxOccurs="unbounded" minOccurs="0" name="ParentPort" order="sequenced" srcClassRef="core.Lag" srcName="none" type="framework.ParentChild" />

    
    <stc:relation allowDuplicate="false" dstClassRef="core.MacBlock" dstName="none" embedDstInIlClass="false" embedSrcInIlClass="false" id="0x0A001003" isInternal="false" maxOccurs="1" minOccurs="1" name="ChildLagEndpoint" order="sequenced" srcClassRef="LacpGroupConfig" srcName="none" type="framework.ParentChild" />

    <stc:property category="config" collectionType="vector" databaseType="DEFAULT" default="1" displayName="Actor System Priority" format="number" id="0x0A001004" idlMapped="true" ilMapped="true" isComposite="false" isDataStream="false" isDeprecated="false" isInternal="false" isReadOnly="false" maxOccurs="1" minOccurs="1" name="ActorSystemPriority" noSave="false" nullable="false" onModifyNotifyMode="periodic" precision="" replaces="" type="u16" />
    <stc:property category="config" collectionType="vector" databaseType="DEFAULT" default="00:00:00:00:00:01" displayName="Actor System Id" format="number" id="0x0A001005" idlMapped="true" ilMapped="true" isComposite="false" isDataStream="false" isDeprecated="false" isInternal="false" isReadOnly="false" maxOccurs="1" minOccurs="1" name="ActorSystemId" noSave="false" nullable="false" onModifyNotifyMode="periodic" precision="" replaces="" type="mac" />
      <stc:property category="config" collectionType="vector" databaseType="DEFAULT" default="8" displayName="Maximum Number of Ports" format="number" id="0x0A001006" idlMapped="true" ilMapped="true" isComposite="false" isDataStream="false" isDeprecated="false" isInternal="true" isReadOnly="false" maxOccurs="1" minOccurs="1" name="MaxNumberOfPorts" noSave="true" nullable="false" onModifyNotifyMode="periodic" precision="" replaces="" type="u16">
          <stc:numericValidation errorMsg="Please enter a valid number" maxInclusive="65535" minInclusive="1" />
      </stc:property>
      <stc:property category="config" collectionType="vector" databaseType="DEFAULT" default="1" displayName="Minimum Number of Ports" format="number" id="0x0A001007" idlMapped="true" ilMapped="true" isComposite="false" isDataStream="false" isDeprecated="false" isInternal="true" isReadOnly="false" maxOccurs="1" minOccurs="1" name="MinNumberOfPorts" noSave="true" nullable="false" onModifyNotifyMode="periodic" precision="" replaces="" type="u16">
          <stc:numericValidation errorMsg="Please enter a valid number" maxInclusive="65535" minInclusive="1" />
      </stc:property>
  </stc:class>

  
  <stc:class baseClass="routing.rtgcore.RouterConfig" canCreate="true" displayName="LACP" id="0x0A002000" idlMapped="lacp" ilMapped="default" isInternal="false" isReadOnly="false" isSingleton="false" name="LacpPortConfig" noSave="false" profile="lacp">

    <stc:attribute id="0x0A002001" internalIsEnum="false" internalType="string" name="none" type="framework.EventMessageAllTypes" value="AllEvents" />
    <stc:attribute id="0x0A002002" internalIsEnum="false" internalType="string" name="none" type="framework.EventMessageDefaultTypes" value="DefaultEvents" />

    <stc:relation allowDuplicate="false" dstClassRef="LacpPortConfig" dstName="none" embedDstInIlClass="false" embedSrcInIlClass="false" id="0x0A002003" isInternal="false" maxOccurs="1" minOccurs="0" name="ParentPort" order="sequenced" srcClassRef="core.Port" srcName="none" type="framework.ParentChild" />

    <stc:relation allowDuplicate="false" dstClassRef="LacpGroupConfig" dstName="none" embedDstInIlClass="false" embedSrcInIlClass="false" id="0x0A002004" isInternal="false" maxOccurs="unbounded" minOccurs="0" name="MemberOfLag" order="sequenced" srcClassRef="LacpPortConfig" srcName="none" type="core.MemberOfLag" />

    <stc:enumeration idlMapped="true" ilMapped="true" isFlags="false" name="EnumLacpTimerMode">
      <stc:enum displayName="Long" idlMapped="true" ilMapped="true" name="LONG" value="0" />
      <stc:enum displayName="Short" idlMapped="true" ilMapped="true" name="SHORT" value="1" />
    </stc:enumeration>
    
    <stc:enumeration idlMapped="true" ilMapped="true" isFlags="false" name="EnumLacpActiveMode">
      <stc:enum displayName="Passive" idlMapped="true" ilMapped="true" name="PASSIVE" value="0" />
      <stc:enum displayName="Active" idlMapped="true" ilMapped="true" name="ACTIVE" value="1" />
    </stc:enumeration>

    <stc:enumeration idlMapped="true" ilMapped="true" isFlags="false" name="EnumLacpState">
      <stc:enum displayName="Not Started" idlMapped="true" ilMapped="true" name="NO_STATE" value="0" />
      <stc:enum displayName="Down" idlMapped="true" ilMapped="true" name="DOWN" value="1" />
      <stc:enum displayName="Exchg" idlMapped="true" ilMapped="true" name="EXCHG" value="2" />
      <stc:enum displayName="Up" idlMapped="true" ilMapped="true" name="UP" value="3" />
    </stc:enumeration>

    <stc:property category="config" collectionType="vector" databaseType="DEFAULT" default="1" displayName="Actor Port" format="number" id="0x0A002005" idlMapped="true" ilMapped="true" isComposite="false" isDataStream="false" isDeprecated="false" isInternal="false" isReadOnly="false" maxOccurs="1" minOccurs="1" name="ActorPort" noSave="false" nullable="false" onModifyNotifyMode="periodic" precision="" replaces="" type="u16" />
    <stc:property category="config" collectionType="vector" databaseType="DEFAULT" default="1" displayName="Actor Port Priority" format="number" id="0x0A002006" idlMapped="true" ilMapped="true" isComposite="false" isDataStream="false" isDeprecated="false" isInternal="false" isReadOnly="false" maxOccurs="1" minOccurs="1" name="ActorPortPriority" noSave="false" nullable="false" onModifyNotifyMode="periodic" precision="" replaces="" type="u16" />
    <stc:property category="config" collectionType="vector" databaseType="DEFAULT" default="1" displayName="Actor Key" format="number" id="0x0A002007" idlMapped="true" ilMapped="true" isComposite="false" isDataStream="false" isDeprecated="false" isInternal="false" isReadOnly="false" maxOccurs="1" minOccurs="1" name="ActorKey" noSave="false" nullable="false" onModifyNotifyMode="periodic" precision="" replaces="" type="u16" />

    <stc:property category="config" collectionType="vector" databaseType="DEFAULT" default="LONG" displayName="LACP Timeout" format="number" id="0x0A002008" idlMapped="true" ilMapped="true" isComposite="false" isDataStream="false" isDeprecated="false" isInternal="false" isReadOnly="false" maxOccurs="1" minOccurs="1" name="LacpTimeout" noSave="false" nullable="false" onModifyNotifyMode="periodic" precision="" replaces="" type="u16">
      <stc:enumerationRef ref="EnumLacpTimerMode" />
    </stc:property>
    <stc:property category="config" collectionType="vector" databaseType="DEFAULT" default="ACTIVE" displayName="LACP Activity" format="number" id="0x0A002009" idlMapped="true" ilMapped="true" isComposite="false" isDataStream="false" isDeprecated="false" isInternal="false" isReadOnly="false" maxOccurs="1" minOccurs="1" name="LacpActivity" noSave="false" nullable="false" onModifyNotifyMode="periodic" precision="" replaces="" type="u8">
      <stc:enumerationRef ref="EnumLacpActiveMode" />
    </stc:property>
    <stc:property category="config" collectionType="vector" databaseType="DEFAULT" default="false" displayName="Enable Event Log" format="number" id="0x0A00200A" idlMapped="true" ilMapped="true" isComposite="false" isDataStream="false" isDeprecated="false" isInternal="true" isReadOnly="false" maxOccurs="1" minOccurs="1" name="EnableEventLog" noSave="false" nullable="false" onModifyNotifyMode="periodic" precision="" replaces="" type="bool" />
    
    <stc:property category="state" collectionType="vector" databaseType="DEFAULT" default="0x00" displayName="Actor State" format="hex" id="0x0A00200B" idlMapped="true" ilMapped="true" isComposite="false" isDataStream="false" isDeprecated="false" isInternal="false" isReadOnly="true" maxOccurs="1" minOccurs="1" name="ActorState" noSave="true" nullable="false" onModifyNotifyMode="queued" precision="" replaces="" type="u8" />
    <stc:property category="state" collectionType="vector" databaseType="DEFAULT" default="0x00" displayName="Partner State" format="hex" id="0x0A00200C" idlMapped="true" ilMapped="true" isComposite="false" isDataStream="false" isDeprecated="false" isInternal="false" isReadOnly="true" maxOccurs="1" minOccurs="1" name="PartnerState" noSave="true" nullable="false" onModifyNotifyMode="queued" precision="" replaces="" type="u8" />
    <stc:property category="state" collectionType="vector" databaseType="DEFAULT" default="NO_STATE" displayName="LACP State" format="number" id="0x0A00200D" idlMapped="true" ilMapped="true" isComposite="false" isDataStream="false" isDeprecated="false" isInternal="false" isReadOnly="true" maxOccurs="1" minOccurs="1" name="LacpState" noSave="true" nullable="false" onModifyNotifyMode="queued" precision="" replaces="" type="u8">
      <stc:enumerationRef ref="EnumLacpState" />
    </stc:property>

    
    <stc:ilProperty collectionType="vector" maxOccurs="1" minOccurs="1" name="PortMac" type="mac" />
  </stc:class>

  
  <stc:class baseClass="routing.rtgcore.RoutingResult" canCreate="true" displayName="LacpPortResults" id="0x0A003000" idlMapped="lacp" ilMapped="default" isInternal="false" isReadOnly="false" isSingleton="false" name="LacpPortResults" noSave="false" profile="lacp">

    
    <stc:relation allowDuplicate="false" dstClassRef="LacpPortResults" dstName="none" embedDstInIlClass="false" embedSrcInIlClass="false" id="0x0A003001" isInternal="false" maxOccurs="unbounded" minOccurs="0" name="ParentLacpPortConfig" order="sequenced" srcClassRef="LacpPortConfig" srcName="none" type="framework.ParentChild" />

    <stc:relation allowDuplicate="false" dstClassRef="LacpPortResults" dstName="none" embedDstInIlClass="false" embedSrcInIlClass="false" id="0x0A003002" isInternal="false" maxOccurs="unbounded" minOccurs="0" name="ResultParentLacpPortConfig" order="sequenced" srcClassRef="LacpPortConfig" srcName="none" type="framework.ResultChild" />

    
    <stc:property category="result" collectionType="vector" databaseType="DEFAULT" default="0" displayName="Parent Protocol Config" format="number" id="0x0A003003" idlMapped="true" ilMapped="true" isComposite="false" isDataStream="false" isDeprecated="false" isInternal="true" isReadOnly="true" maxOccurs="1" minOccurs="1" name="ParentProtocolConfig" noSave="true" nullable="false" onModifyNotifyMode="periodic" precision="" replaces="" type="u32">
      <stc:attribute id="0x0A003013" internalIsEnum="false" internalType="bool" name="none" type="core.ResultPropertyMarkForEotSave" value="true" />
      <stc:attribute id="0x0A003014" internalIsEnum="false" internalType="bool" name="none" type="core.ResultPropertyAddEotDbIndex" value="true" />
      <stc:attribute id="0x0A003015" internalIsEnum="false" internalType="string" name="none" type="core.ResultPropertyIlCounterpartName" value="Handle" />
    </stc:property>

    <stc:property category="result" collectionType="vector" databaseType="DEFAULT" default="0" displayName="Actor Operational Key" format="number" id="0x0A003004" idlMapped="true" ilMapped="true" isComposite="false" isDataStream="false" isDeprecated="false" isInternal="false" isReadOnly="true" maxOccurs="1" minOccurs="1" name="ActorOperationalKey" noSave="true" nullable="false" onModifyNotifyMode="periodic" precision="" replaces="" type="u16">
      <stc:attribute id="0x0A003016" internalIsEnum="false" internalType="bool" name="none" type="core.ResultPropertyMarkForEotSave" value="true" />
      <stc:attribute id="0x0A003017" internalIsEnum="false" internalType="bool" name="none" type="core.ResultPropertyIsDefaultForSubscription" value="true" />
    </stc:property>
    <stc:property category="result" collectionType="vector" databaseType="DEFAULT" default="00-00-00-00-00-00" displayName="Actor System Id" format="number" id="0x0A003005" idlMapped="true" ilMapped="true" isComposite="false" isDataStream="false" isDeprecated="false" isInternal="false" isReadOnly="true" maxOccurs="1" minOccurs="1" name="ActorSystemId" noSave="true" nullable="false" onModifyNotifyMode="periodic" precision="" replaces="" type="mac">
      <stc:attribute id="0x0A003018" internalIsEnum="false" internalType="bool" name="none" type="core.IsPropertyResettable" value="false" />
      <stc:attribute id="0x0A003019" internalIsEnum="false" internalType="bool" name="none" type="core.ResultPropertyMarkForEotSave" value="true" />
      <stc:attribute id="0x0A00301A" internalIsEnum="false" internalType="bool" name="none" type="core.ResultPropertyIsDefaultForSubscription" value="true" />
    </stc:property>
    <stc:property category="result" collectionType="vector" databaseType="DEFAULT" default="0" displayName="Actor Port" format="number" id="0x0A003006" idlMapped="true" ilMapped="true" isComposite="false" isDataStream="false" isDeprecated="false" isInternal="false" isReadOnly="true" maxOccurs="1" minOccurs="1" name="ActorPort" noSave="true" nullable="false" onModifyNotifyMode="periodic" precision="" replaces="" type="u16">
      <stc:attribute id="0x0A00301B" internalIsEnum="false" internalType="bool" name="none" type="core.ResultPropertyMarkForEotSave" value="true" />
      <stc:attribute id="0x0A00301C" internalIsEnum="false" internalType="bool" name="none" type="core.ResultPropertyIsDefaultForSubscription" value="true" />
    </stc:property>
    <stc:property category="result" collectionType="vector" databaseType="DEFAULT" default="0" displayName="Partner Operational Key" format="number" id="0x0A003007" idlMapped="true" ilMapped="true" isComposite="false" isDataStream="false" isDeprecated="false" isInternal="false" isReadOnly="true" maxOccurs="1" minOccurs="1" name="PartnerOperationalKey" noSave="true" nullable="false" onModifyNotifyMode="periodic" precision="" replaces="" type="u16">
      <stc:attribute id="0x0A00301D" internalIsEnum="false" internalType="bool" name="none" type="core.ResultPropertyMarkForEotSave" value="true" />
      <stc:attribute id="0x0A00301E" internalIsEnum="false" internalType="bool" name="none" type="core.ResultPropertyIsDefaultForSubscription" value="true" />
    </stc:property>
    <stc:property category="result" collectionType="vector" databaseType="DEFAULT" default="00-00-00-00-00-00" displayName="Partner System Id" format="number" id="0x0A003008" idlMapped="true" ilMapped="true" isComposite="false" isDataStream="false" isDeprecated="false" isInternal="false" isReadOnly="true" maxOccurs="1" minOccurs="1" name="PartnerSystemId" noSave="true" nullable="false" onModifyNotifyMode="periodic" precision="" replaces="" type="mac">
      <stc:attribute id="0x0A00301F" internalIsEnum="false" internalType="bool" name="none" type="core.IsPropertyResettable" value="false" />
      <stc:attribute id="0x0A003020" internalIsEnum="false" internalType="bool" name="none" type="core.ResultPropertyMarkForEotSave" value="true" />
      <stc:attribute id="0x0A003021" internalIsEnum="false" internalType="bool" name="none" type="core.ResultPropertyIsDefaultForSubscription" value="true" />
    </stc:property>
    <stc:property category="result" collectionType="vector" databaseType="DEFAULT" default="0" displayName="Partner System Priority" format="number" id="0x0A003009" idlMapped="true" ilMapped="true" isComposite="false" isDataStream="false" isDeprecated="false" isInternal="false" isReadOnly="true" maxOccurs="1" minOccurs="1" name="PartnerSystemPriority" noSave="true" nullable="false" onModifyNotifyMode="periodic" precision="" replaces="" type="u16">
      <stc:attribute id="0x0A003022" internalIsEnum="false" internalType="bool" name="none" type="core.ResultPropertyMarkForEotSave" value="true" />
      <stc:attribute id="0x0A003023" internalIsEnum="false" internalType="bool" name="none" type="core.ResultPropertyIsDefaultForSubscription" value="true" />
    </stc:property>
    <stc:property category="result" collectionType="vector" databaseType="DEFAULT" default="0" displayName="Partner Port Priority" format="number" id="0x0A00300A" idlMapped="true" ilMapped="true" isComposite="false" isDataStream="false" isDeprecated="false" isInternal="false" isReadOnly="true" maxOccurs="1" minOccurs="1" name="PartnerPortPriority" noSave="true" nullable="false" onModifyNotifyMode="periodic" precision="" replaces="" type="u16">
      <stc:attribute id="0x0A003024" internalIsEnum="false" internalType="bool" name="none" type="core.ResultPropertyMarkForEotSave" value="true" />
      <stc:attribute id="0x0A003025" internalIsEnum="false" internalType="bool" name="none" type="core.ResultPropertyIsDefaultForSubscription" value="true" />
    </stc:property>
    <stc:property category="result" collectionType="vector" databaseType="DEFAULT" default="0" displayName="Partner Port" format="number" id="0x0A00300B" idlMapped="true" ilMapped="true" isComposite="false" isDataStream="false" isDeprecated="false" isInternal="false" isReadOnly="true" maxOccurs="1" minOccurs="1" name="PartnerPort" noSave="true" nullable="false" onModifyNotifyMode="periodic" precision="" replaces="" type="u16">
      <stc:attribute id="0x0A003026" internalIsEnum="false" internalType="bool" name="none" type="core.ResultPropertyMarkForEotSave" value="true" />
      <stc:attribute id="0x0A003027" internalIsEnum="false" internalType="bool" name="none" type="core.ResultPropertyIsDefaultForSubscription" value="true" />
    </stc:property>
    <stc:property category="result" collectionType="vector" databaseType="DEFAULT" default="0" displayName="Partner Collector Max Delay" format="number" id="0x0A00300C" idlMapped="true" ilMapped="true" isComposite="false" isDataStream="false" isDeprecated="false" isInternal="false" isReadOnly="true" maxOccurs="1" minOccurs="1" name="PartnerCollectorMaxDelay" noSave="true" nullable="false" onModifyNotifyMode="periodic" precision="" replaces="" type="u16">
      <stc:attribute id="0x0A003028" internalIsEnum="false" internalType="bool" name="none" type="core.ResultPropertyMarkForEotSave" value="true" />
      <stc:attribute id="0x0A003029" internalIsEnum="false" internalType="bool" name="none" type="core.ResultPropertyIsDefaultForSubscription" value="true" />
    </stc:property>
    <stc:property category="result" collectionType="vector" databaseType="DEFAULT" default="0" displayName="LACP PDUs Sent" format="number" id="0x0A00300D" idlMapped="true" ilMapped="true" isComposite="false" isDataStream="false" isDeprecated="false" isInternal="false" isReadOnly="true" maxOccurs="1" minOccurs="1" name="TxLacpPduCount" noSave="true" nullable="false" onModifyNotifyMode="periodic" precision="" replaces="" type="u64">
      <stc:attribute id="0x0A00302A" internalIsEnum="false" internalType="bool" name="none" type="core.ResultPropertyMarkForEotSave" value="true" />
      <stc:attribute id="0x0A00302B" internalIsEnum="false" internalType="bool" name="none" type="core.ResultPropertyIsDefaultForSubscription" value="true" />
    </stc:property>
    <stc:property category="result" collectionType="vector" databaseType="DEFAULT" default="0" displayName="LACP PDUs Received" format="number" id="0x0A00300E" idlMapped="true" ilMapped="true" isComposite="false" isDataStream="false" isDeprecated="false" isInternal="false" isReadOnly="true" maxOccurs="1" minOccurs="1" name="RxLacpPduCount" noSave="true" nullable="false" onModifyNotifyMode="periodic" precision="" replaces="" type="u64">
      <stc:attribute id="0x0A00302C" internalIsEnum="false" internalType="bool" name="none" type="core.ResultPropertyMarkForEotSave" value="true" />
      <stc:attribute id="0x0A00302D" internalIsEnum="false" internalType="bool" name="none" type="core.ResultPropertyIsDefaultForSubscription" value="true" />
    </stc:property>
    <stc:property category="result" collectionType="vector" databaseType="DEFAULT" default="0" displayName="Marker PDUs Sent" format="number" id="0x0A00300F" idlMapped="true" ilMapped="true" isComposite="false" isDataStream="false" isDeprecated="false" isInternal="false" isReadOnly="true" maxOccurs="1" minOccurs="1" name="TxMarkerPduCount" noSave="true" nullable="false" onModifyNotifyMode="periodic" precision="" replaces="" type="u64">
      <stc:attribute id="0x0A00302E" internalIsEnum="false" internalType="bool" name="none" type="core.ResultPropertyMarkForEotSave" value="true" />
      <stc:attribute id="0x0A00302F" internalIsEnum="false" internalType="bool" name="none" type="core.ResultPropertyIsDefaultForSubscription" value="true" />
    </stc:property>
    <stc:property category="result" collectionType="vector" databaseType="DEFAULT" default="0" displayName="Marker PDUs Received" format="number" id="0x0A003010" idlMapped="true" ilMapped="true" isComposite="false" isDataStream="false" isDeprecated="false" isInternal="false" isReadOnly="true" maxOccurs="1" minOccurs="1" name="RxMarkerPduCount" noSave="true" nullable="false" onModifyNotifyMode="periodic" precision="" replaces="" type="u64">
      <stc:attribute id="0x0A003030" internalIsEnum="false" internalType="bool" name="none" type="core.ResultPropertyMarkForEotSave" value="true" />
      <stc:attribute id="0x0A003031" internalIsEnum="false" internalType="bool" name="none" type="core.ResultPropertyIsDefaultForSubscription" value="true" />
    </stc:property>
    <stc:property category="result" collectionType="vector" databaseType="DEFAULT" default="0" displayName="Marker Response PDUs Sent" format="number" id="0x0A003011" idlMapped="true" ilMapped="true" isComposite="false" isDataStream="false" isDeprecated="false" isInternal="false" isReadOnly="true" maxOccurs="1" minOccurs="1" name="TxMarkerResponsePduCount" noSave="true" nullable="false" onModifyNotifyMode="periodic" precision="" replaces="" type="u64">
      <stc:attribute id="0x0A003032" internalIsEnum="false" internalType="bool" name="none" type="core.ResultPropertyMarkForEotSave" value="true" />
      <stc:attribute id="0x0A003033" internalIsEnum="false" internalType="bool" name="none" type="core.ResultPropertyIsDefaultForSubscription" value="true" />
    </stc:property>
    <stc:property category="result" collectionType="vector" databaseType="DEFAULT" default="0" displayName="Marker Response PDUs Received" format="number" id="0x0A003012" idlMapped="true" ilMapped="true" isComposite="false" isDataStream="false" isDeprecated="false" isInternal="false" isReadOnly="true" maxOccurs="1" minOccurs="1" name="RxMarkerResponsePduCount" noSave="true" nullable="false" onModifyNotifyMode="periodic" precision="" replaces="" type="u64">
      <stc:attribute id="0x0A003034" internalIsEnum="false" internalType="bool" name="none" type="core.ResultPropertyMarkForEotSave" value="true" />
      <stc:attribute id="0x0A003035" internalIsEnum="false" internalType="bool" name="none" type="core.ResultPropertyIsDefaultForSubscription" value="true" />
    </stc:property>

    

  </stc:class>

  
  <stc:class baseClass="core.LagGenProtocolParams" canCreate="true" id="0x0A004000" idlMapped="na" ilMapped="na" isInternal="true" isReadOnly="false" isSingleton="false" name="LacpLagGenParams" noSave="false" profile="none">

    <stc:property category="config" collectionType="vector" databaseType="DEFAULT" default="1" displayName="Actor System Priority" format="number" id="0x0A004001" idlMapped="true" ilMapped="true" isComposite="false" isDataStream="false" isDeprecated="false" isInternal="false" isReadOnly="false" maxOccurs="1" minOccurs="1" name="ActorSystemPriority" noSave="false" nullable="false" onModifyNotifyMode="periodic" precision="" replaces="" type="u16" />
    <stc:property category="config" collectionType="vector" databaseType="DEFAULT" default="00:00:00:00:00:01" displayName="Actor System Id" format="number" id="0x0A004002" idlMapped="true" ilMapped="true" isComposite="false" isDataStream="false" isDeprecated="false" isInternal="false" isReadOnly="false" maxOccurs="1" minOccurs="1" name="ActorSystemId" noSave="false" nullable="false" onModifyNotifyMode="periodic" precision="" replaces="" type="mac" />
    <stc:property category="config" collectionType="vector" databaseType="DEFAULT" default="00:00:00:00:00:01" displayName="Actor System Id Step" format="number" id="0x0A004003" idlMapped="true" ilMapped="true" isComposite="false" isDataStream="false" isDeprecated="false" isInternal="false" isReadOnly="false" maxOccurs="1" minOccurs="1" name="ActorSystemIdStep" noSave="false" nullable="false" onModifyNotifyMode="periodic" precision="" replaces="" type="mac" />

    <stc:property category="config" collectionType="vector" databaseType="DEFAULT" default="false" displayName="Use Default Port MAC Address" format="number" id="0x0A004004" idlMapped="true" ilMapped="true" isComposite="false" isDataStream="false" isDeprecated="false" isInternal="true" isReadOnly="false" maxOccurs="1" minOccurs="1" name="UseDefaultPortMacAddr" noSave="true" nullable="false" onModifyNotifyMode="periodic" precision="" replaces="" type="bool" />
    <stc:property category="config" collectionType="vector" databaseType="DEFAULT" default="00:10:94:00:00:02" displayName="Port MAC Address" format="number" id="0x0A004005" idlMapped="true" ilMapped="true" isComposite="false" isDataStream="false" isDeprecated="false" isInternal="false" isReadOnly="false" maxOccurs="1" minOccurs="1" name="PortMacAddr" noSave="false" nullable="false" onModifyNotifyMode="periodic" precision="" replaces="" type="mac" />
    <stc:property category="config" collectionType="vector" databaseType="DEFAULT" default="00:00:00:00:00:01" displayName="Port MAC Address Step" format="number" id="0x0A004006" idlMapped="true" ilMapped="true" isComposite="false" isDataStream="false" isDeprecated="false" isInternal="false" isReadOnly="false" maxOccurs="1" minOccurs="1" name="PortMacAddrStep" noSave="false" nullable="false" onModifyNotifyMode="periodic" precision="" replaces="" type="mac" />

    <stc:property category="config" collectionType="vector" databaseType="DEFAULT" default="1" displayName="Actor Port" format="number" id="0x0A004007" idlMapped="true" ilMapped="true" isComposite="false" isDataStream="false" isDeprecated="false" isInternal="false" isReadOnly="false" maxOccurs="1" minOccurs="1" name="ActorPort" noSave="false" nullable="false" onModifyNotifyMode="periodic" precision="" replaces="" type="u16" />
    <stc:property category="config" collectionType="vector" databaseType="DEFAULT" default="1" displayName="Actor Port" format="number" id="0x0A004008" idlMapped="true" ilMapped="true" isComposite="false" isDataStream="false" isDeprecated="false" isInternal="false" isReadOnly="false" maxOccurs="1" minOccurs="1" name="ActorPortStep" noSave="false" nullable="false" onModifyNotifyMode="periodic" precision="" replaces="" type="u16" />
    <stc:property category="config" collectionType="vector" databaseType="DEFAULT" default="1" displayName="Actor Port Priority" format="number" id="0x0A004009" idlMapped="true" ilMapped="true" isComposite="false" isDataStream="false" isDeprecated="false" isInternal="false" isReadOnly="false" maxOccurs="1" minOccurs="1" name="ActorPortPriority" noSave="false" nullable="false" onModifyNotifyMode="periodic" precision="" replaces="" type="u16" />
    <stc:property category="config" collectionType="vector" databaseType="DEFAULT" default="1" displayName="Actor Key" format="number" id="0x0A00400A" idlMapped="true" ilMapped="true" isComposite="false" isDataStream="false" isDeprecated="false" isInternal="false" isReadOnly="false" maxOccurs="1" minOccurs="1" name="ActorKey" noSave="false" nullable="false" onModifyNotifyMode="periodic" precision="" replaces="" type="u16" />

    <stc:property category="config" collectionType="vector" databaseType="DEFAULT" default="LONG" displayName="LACP Timeout" format="number" id="0x0A00400B" idlMapped="true" ilMapped="true" isComposite="false" isDataStream="false" isDeprecated="false" isInternal="false" isReadOnly="false" maxOccurs="1" minOccurs="1" name="LacpTimeout" noSave="false" nullable="false" onModifyNotifyMode="periodic" precision="" replaces="" type="u16">
      <stc:enumerationRef ref="LacpPortConfig.EnumLacpTimerMode" />
    </stc:property>
    <stc:property category="config" collectionType="vector" databaseType="DEFAULT" default="ACTIVE" displayName="LACP Activity" format="number" id="0x0A00400C" idlMapped="true" ilMapped="true" isComposite="false" isDataStream="false" isDeprecated="false" isInternal="false" isReadOnly="false" maxOccurs="1" minOccurs="1" name="LacpActivity" noSave="false" nullable="false" onModifyNotifyMode="periodic" precision="" replaces="" type="u8">
      <stc:enumerationRef ref="LacpPortConfig.EnumLacpActiveMode" />
    </stc:property>

  </stc:class>

    
  <stc:class baseClass="framework.Command" canCreate="false" id="0x0A005000" idlMapped="na" ilMapped="na" isInternal="false" isReadOnly="false" isSingleton="false" name="LacpCommand" noSave="false" profile="lacp">
    <stc:attribute id="0x0A005001" internalIsEnum="false" internalType="bool" name="none" type="core.RequireApplyToIL" value="true" />
    <stc:property category="input" collectionType="vector" databaseType="DEFAULT" default="0" displayName="LACP Protocol Handle List" format="number" id="0x0A005002" idlMapped="true" ilMapped="true" isComposite="false" isDataStream="false" isDeprecated="false" isInternal="false" isReadOnly="false" maxOccurs="unbounded" minOccurs="0" name="LacpList" noSave="false" nullable="false" onModifyNotifyMode="none" precision="" replaces="" type="handle" />
    
  </stc:class>

  
  <stc:class baseClass="LacpCommand" canCreate="true" displayName="Stop PDUs" id="0x0A006000" idlMapped="na" ilMapped="na" isInternal="false" isReadOnly="false" isSingleton="false" name="LacpStopPdusCommand" noSave="false" profile="lacp">
    <stc:attribute id="0x0A006001" internalIsEnum="false" internalType="bool" name="none" type="core.Sequenceable" value="true" />
    <stc:attribute id="0x0A006002" internalIsEnum="false" internalType="string" name="none" type="framework.CommandDescription" value="Stop sending PDUs for the selected LACP ports." />
    <stc:attribute id="0x0A006003" internalIsEnum="false" internalType="string" name="none" type="framework.CommandCategory" value="Switching//LACP" />
  </stc:class>

  
  <stc:class baseClass="LacpCommand" canCreate="true" displayName="Resume PDUs" id="0x0A007000" idlMapped="na" ilMapped="na" isInternal="false" isReadOnly="false" isSingleton="false" name="LacpResumePdusCommand" noSave="false" profile="lacp">
    <stc:attribute id="0x0A007001" internalIsEnum="false" internalType="bool" name="none" type="core.Sequenceable" value="true" />
    <stc:attribute id="0x0A007002" internalIsEnum="false" internalType="string" name="none" type="framework.CommandDescription" value="Resume sending PDUs for the selected LACP ports." />
    <stc:attribute id="0x0A007003" internalIsEnum="false" internalType="string" name="none" type="framework.CommandCategory" value="Switching//LACP" />
  </stc:class>

  
  <stc:class baseClass="LacpCommand" canCreate="true" displayName="Send LACP Out-of-Sync" id="0x0A008000" idlMapped="na" ilMapped="na" isInternal="false" isReadOnly="false" isSingleton="false" name="LacpSendOutOfSyncCommand" noSave="false" profile="lacp">
      <stc:attribute id="0x0A008001" internalIsEnum="false" internalType="bool" name="none" type="core.Sequenceable" value="true" />
      <stc:attribute id="0x0A008002" internalIsEnum="false" internalType="string" name="none" type="framework.CommandDescription" value="Send LACP with sync state flag disabled" />
      <stc:attribute id="0x0A008003" internalIsEnum="false" internalType="string" name="none" type="framework.CommandCategory" value="Switching//LACP" />
  </stc:class>

  
  <stc:class baseClass="LacpCommand" canCreate="true" displayName="Send LACP In-Sync" id="0x0A009000" idlMapped="na" ilMapped="na" isInternal="false" isReadOnly="false" isSingleton="false" name="LacpSendInSyncCommand" noSave="false" profile="lacp">
      <stc:attribute id="0x0A009001" internalIsEnum="false" internalType="bool" name="none" type="core.Sequenceable" value="true" />
      <stc:attribute id="0x0A009002" internalIsEnum="false" internalType="string" name="none" type="framework.CommandDescription" value="Send LACP with sync state flag enabled" />
      <stc:attribute id="0x0A009003" internalIsEnum="false" internalType="string" name="none" type="framework.CommandCategory" value="Switching//LACP" />
  </stc:class>

  
  
  <stc:class baseClass="framework.Command" canCreate="true" id="0x0A00A000" idlMapped="na" ilMapped="na" isInternal="false" isReadOnly="false" isSingleton="false" name="ChangeLacpGroupCommand" noSave="false" profile="Lacp">

    <stc:property category="input" collectionType="vector" databaseType="DEFAULT" default="0" displayName="LACP Protocol Handle List" format="number" id="0x0A00A001" idlMapped="true" ilMapped="true" isComposite="false" isDataStream="false" isDeprecated="false" isInternal="false" isReadOnly="false" maxOccurs="unbounded" minOccurs="0" name="LacpList" noSave="false" nullable="false" onModifyNotifyMode="none" precision="" replaces="" type="handle" />
    <stc:property category="input" collectionType="vector" databaseType="DEFAULT" default="0" displayName="LACP Group Handle" format="number" id="0x0A00A002" idlMapped="true" ilMapped="true" isComposite="false" isDataStream="false" isDeprecated="false" isInternal="false" isReadOnly="false" maxOccurs="1" minOccurs="1" name="LacpGroup" noSave="false" nullable="false" onModifyNotifyMode="none" precision="" replaces="" type="handle" />

  </stc:class>

  
  <stc:class baseClass="framework.Command" canCreate="true" displayName="Create LAG" id="0x0A00B000" idlMapped="na" ilMapped="na" isInternal="false" isReadOnly="false" isSingleton="false" name="LacpCreateLagCommand" noSave="false" profile="lacp">
    
    <stc:attribute id="0x0A00B001" internalIsEnum="false" internalType="string" name="none" type="framework.CommandDescription" value="Create LAG" />
    <stc:attribute id="0x0A00B002" internalIsEnum="false" internalType="string" name="none" type="framework.CommandCategory" value="Switching//LACP" />

    <stc:relation allowDuplicate="false" dstClassRef="LacpCreateLagCommand" dstName="none" embedDstInIlClass="false" embedSrcInIlClass="false" id="0x0A00B003" isInternal="false" maxOccurs="unbounded" minOccurs="0" name="ParentRouterGenParams" order="sequenced" srcClassRef="core.DeviceGenParams" srcName="none" type="framework.ParentChild" />
    
    <stc:property category="input" collectionType="vector" databaseType="DEFAULT" default="0" displayName="Port Handle List" format="number" id="0x0A00B004" idlMapped="true" ilMapped="true" isComposite="false" isDataStream="false" isDeprecated="false" isInternal="false" isReadOnly="false" maxOccurs="unbounded" minOccurs="0" name="PortList" noSave="false" nullable="false" onModifyNotifyMode="none" precision="" replaces="" type="handle" />
    <stc:property category="config" collectionType="vector" databaseType="DEFAULT" default="1" displayName="Number of LAGs" format="number" id="0x0A00B005" idlMapped="true" ilMapped="true" isComposite="false" isDataStream="false" isDeprecated="false" isInternal="false" isReadOnly="false" maxOccurs="1" minOccurs="1" name="NumLags" noSave="false" nullable="false" onModifyNotifyMode="periodic" precision="" replaces="" type="u16" />
    <stc:property category="input" collectionType="vector" databaseType="DEFAULT" default="0" displayName="List of Number of Ports in Each Lag" format="number" id="0x0A00B006" idlMapped="true" ilMapped="true" isComposite="false" isDataStream="false" isDeprecated="false" isInternal="false" isReadOnly="false" maxOccurs="unbounded" minOccurs="0" name="NumPortsInLagList" noSave="false" nullable="false" onModifyNotifyMode="none" precision="" replaces="" type="u16" />

    
    <stc:property category="config" collectionType="vector" databaseType="DEFAULT" default="1" displayName="Actor System Priority" format="number" id="0x0A00B007" idlMapped="true" ilMapped="true" isComposite="false" isDataStream="false" isDeprecated="false" isInternal="false" isReadOnly="false" maxOccurs="1" minOccurs="1" name="ActorSystemPriority" noSave="false" nullable="false" onModifyNotifyMode="periodic" precision="" replaces="" type="u16" />
    <stc:property category="config" collectionType="vector" databaseType="DEFAULT" default="0" displayName="Actor System Priority Step" format="number" id="0x0A00B008" idlMapped="true" ilMapped="true" isComposite="false" isDataStream="false" isDeprecated="false" isInternal="false" isReadOnly="false" maxOccurs="1" minOccurs="1" name="ActorSystemPriorityStep" noSave="false" nullable="false" onModifyNotifyMode="periodic" precision="" replaces="" type="u16" />
    <stc:property category="config" collectionType="vector" databaseType="DEFAULT" default="00:00:00:00:00:01" displayName="Actor System Id" format="number" id="0x0A00B009" idlMapped="true" ilMapped="true" isComposite="false" isDataStream="false" isDeprecated="false" isInternal="false" isReadOnly="false" maxOccurs="1" minOccurs="1" name="ActorSystemId" noSave="false" nullable="false" onModifyNotifyMode="periodic" precision="" replaces="" type="mac" />
    <stc:property category="config" collectionType="vector" databaseType="DEFAULT" default="00:00:00:00:00:01" displayName="Actor System Id Step" format="number" id="0x0A00B00A" idlMapped="true" ilMapped="true" isComposite="false" isDataStream="false" isDeprecated="false" isInternal="false" isReadOnly="false" maxOccurs="1" minOccurs="1" name="ActorSystemIdStep" noSave="false" nullable="false" onModifyNotifyMode="periodic" precision="" replaces="" type="mac" />

    
    <stc:property category="config" collectionType="vector" databaseType="DEFAULT" default="1" displayName="Actor Port" format="number" id="0x0A00B00B" idlMapped="true" ilMapped="true" isComposite="false" isDataStream="false" isDeprecated="false" isInternal="false" isReadOnly="false" maxOccurs="1" minOccurs="1" name="ActorPort" noSave="false" nullable="false" onModifyNotifyMode="periodic" precision="" replaces="" type="u16" />
    <stc:property category="config" collectionType="vector" databaseType="DEFAULT" default="1" displayName="Actor Port Step" format="number" id="0x0A00B00C" idlMapped="true" ilMapped="true" isComposite="false" isDataStream="false" isDeprecated="false" isInternal="false" isReadOnly="false" maxOccurs="1" minOccurs="1" name="ActorPortStep" noSave="false" nullable="false" onModifyNotifyMode="periodic" precision="" replaces="" type="u16">
      <stc:numericValidation errorMsg="Please enter a valid number" maxInclusive="65535" minInclusive="1" />
    </stc:property>

    <stc:property category="config" collectionType="vector" databaseType="DEFAULT" default="1" displayName="Actor Port Priority" format="number" id="0x0A00B00D" idlMapped="true" ilMapped="true" isComposite="false" isDataStream="false" isDeprecated="false" isInternal="false" isReadOnly="false" maxOccurs="1" minOccurs="1" name="ActorPortPriority" noSave="false" nullable="false" onModifyNotifyMode="periodic" precision="" replaces="" type="u16" />
    <stc:property category="config" collectionType="vector" databaseType="DEFAULT" default="0" displayName="Actor Port Priority Step" format="number" id="0x0A00B00E" idlMapped="true" ilMapped="true" isComposite="false" isDataStream="false" isDeprecated="false" isInternal="false" isReadOnly="false" maxOccurs="1" minOccurs="1" name="ActorPortPriorityStep" noSave="false" nullable="false" onModifyNotifyMode="periodic" precision="" replaces="" type="u16" />
    <stc:property category="config" collectionType="vector" databaseType="DEFAULT" default="1" displayName="Actor Key" format="number" id="0x0A00B00F" idlMapped="true" ilMapped="true" isComposite="false" isDataStream="false" isDeprecated="false" isInternal="false" isReadOnly="false" maxOccurs="1" minOccurs="1" name="ActorKey" noSave="false" nullable="false" onModifyNotifyMode="periodic" precision="" replaces="" type="u16" />
    <stc:property category="config" collectionType="vector" databaseType="DEFAULT" default="0" displayName="Actor Key Step" format="number" id="0x0A00B010" idlMapped="true" ilMapped="true" isComposite="false" isDataStream="false" isDeprecated="false" isInternal="false" isReadOnly="false" maxOccurs="1" minOccurs="1" name="ActorKeyStep" noSave="false" nullable="false" onModifyNotifyMode="periodic" precision="" replaces="" type="u16" />

    <stc:property category="config" collectionType="vector" databaseType="DEFAULT" default="LONG" displayName="LACP Timeout" format="number" id="0x0A00B011" idlMapped="true" ilMapped="true" isComposite="false" isDataStream="false" isDeprecated="false" isInternal="false" isReadOnly="false" maxOccurs="1" minOccurs="1" name="LacpTimeout" noSave="false" nullable="false" onModifyNotifyMode="periodic" precision="" replaces="" type="u16">
      <stc:enumerationRef ref="LacpPortConfig.EnumLacpTimerMode" />
    </stc:property>
    <stc:property category="config" collectionType="vector" databaseType="DEFAULT" default="ACTIVE" displayName="LACP Activity" format="number" id="0x0A00B012" idlMapped="true" ilMapped="true" isComposite="false" isDataStream="false" isDeprecated="false" isInternal="false" isReadOnly="false" maxOccurs="1" minOccurs="1" name="LacpActivity" noSave="false" nullable="false" onModifyNotifyMode="periodic" precision="" replaces="" type="u8">
      <stc:enumerationRef ref="LacpPortConfig.EnumLacpActiveMode" />
    </stc:property>
    
    <stc:property category="config" collectionType="vector" databaseType="DEFAULT" default="00:10:94:00:00:02" displayName="Port MAC Address" format="number" id="0x0A00B013" idlMapped="true" ilMapped="true" isComposite="false" isDataStream="false" isDeprecated="false" isInternal="false" isReadOnly="false" maxOccurs="1" minOccurs="1" name="PortMacAddress" noSave="false" nullable="false" onModifyNotifyMode="periodic" precision="" replaces="" type="mac" />
    <stc:property category="config" collectionType="vector" databaseType="DEFAULT" default="00:00:00:00:00:01" displayName="Port MAC Address Step" format="number" id="0x0A00B014" idlMapped="true" ilMapped="true" isComposite="false" isDataStream="false" isDeprecated="false" isInternal="false" isReadOnly="false" maxOccurs="1" minOccurs="1" name="PortMacAddressStep" noSave="false" nullable="false" onModifyNotifyMode="periodic" precision="" replaces="" type="mac" />
  </stc:class>

  

  <stc:class baseClass="routing.rtgcore.ConfigRoutingIlLoggingCommand" canCreate="true" id="0x0A00C000" idlMapped="na" ilMapped="na" isInternal="false" isReadOnly="false" isSingleton="false" name="ConfigLacpIlLoggingCommand" noSave="false" profile="lacp">

    <stc:attribute id="0x0A00C001" internalIsEnum="false" internalType="string" name="none" type="core.LogType" value="LACP" />
  </stc:class>

  <stc:class baseClass="routing.rtgcore.GetRoutingLoggingConfigCommand" canCreate="true" id="0x0A00D000" idlMapped="na" ilMapped="na" isInternal="false" isReadOnly="false" isSingleton="false" name="GetLacpLoggingConfigCommand" noSave="false" profile="lacp">

    <stc:attribute id="0x0A00D001" internalIsEnum="false" internalType="string" name="none" type="core.LogType" value="LACP" />
  </stc:class>
  
  
  
  
  <stc:class baseClass="routing.rtgcore.RoutingStateSummary" canCreate="true" id="0x0A00E000" idlMapped="na" ilMapped="na" isInternal="false" isReadOnly="false" isSingleton="false" name="LacpStateSummary" noSave="false" profile="Lacp">

    <stc:relation allowDuplicate="false" dstClassRef="LacpStateSummary" dstName="none" embedDstInIlClass="false" embedSrcInIlClass="false" id="0x0A00E001" isInternal="false" maxOccurs="1" minOccurs="0" name="SummaryParentProject" order="sequenced" srcClassRef="framework.Project" srcName="none" type="framework.ParentChild" />
    <stc:relation allowDuplicate="false" dstClassRef="LacpStateSummary" dstName="none" embedDstInIlClass="false" embedSrcInIlClass="false" id="0x0A00E002" isInternal="false" maxOccurs="1" minOccurs="0" name="ProjectSummaryResult" order="sequenced" srcClassRef="framework.Project" srcName="none" type="framework.ResultChild" />
    <stc:relation allowDuplicate="false" dstClassRef="LacpStateSummary" dstName="none" embedDstInIlClass="false" embedSrcInIlClass="false" id="0x0A00E003" isInternal="false" maxOccurs="1" minOccurs="0" name="SummaryParentPort" order="sequenced" srcClassRef="core.Port" srcName="none" type="framework.ParentChild" />
    <stc:relation allowDuplicate="false" dstClassRef="LacpStateSummary" dstName="none" embedDstInIlClass="false" embedSrcInIlClass="false" id="0x0A00E004" isInternal="false" maxOccurs="1" minOccurs="0" name="PortSummaryResult" order="sequenced" srcClassRef="core.Port" srcName="none" type="framework.ResultChild" />

    <stc:property category="result" collectionType="vector" databaseType="DEFAULT" default="0" displayName="Down Count" format="number" id="0x0A00E005" idlMapped="true" ilMapped="true" isComposite="false" isDataStream="false" isDeprecated="false" isInternal="false" isReadOnly="true" maxOccurs="1" minOccurs="1" name="DownCount" noSave="true" nullable="false" onModifyNotifyMode="periodic" precision="" replaces="" type="u32">
    </stc:property>
    <stc:property category="result" collectionType="vector" databaseType="DEFAULT" default="0" displayName="Exchg Count" format="number" id="0x0A00E006" idlMapped="true" ilMapped="true" isComposite="false" isDataStream="false" isDeprecated="false" isInternal="false" isReadOnly="true" maxOccurs="1" minOccurs="1" name="ExchgCount" noSave="true" nullable="false" onModifyNotifyMode="periodic" precision="" replaces="" type="u32">
    </stc:property>
    <stc:property category="result" collectionType="vector" databaseType="DEFAULT" default="0" displayName="Up Count" format="number" id="0x0A00E007" idlMapped="true" ilMapped="true" isComposite="false" isDataStream="false" isDeprecated="false" isInternal="false" isReadOnly="true" maxOccurs="1" minOccurs="1" name="UpCount" noSave="true" nullable="false" onModifyNotifyMode="periodic" precision="" replaces="" type="u32">
    </stc:property>

  </stc:class>

    
    <stc:class baseClass="framework.Command" canCreate="true" displayName="Create Group Config Helper Command" id="0x0A00F000" idlMapped="na" ilMapped="na" isInternal="true" isReadOnly="false" isSingleton="false" name="LacpCreateGroupCommand" noSave="false" profile="lacp">

        <stc:attribute id="0x0A00F001" internalIsEnum="false" internalType="string" name="none" type="framework.CommandDescription" value="Create LacpGroupConfig under Port." />

        <stc:property category="input" collectionType="vector" databaseType="DEFAULT" default="0" displayName="Port Handle List" format="number" id="0x0A00F002" idlMapped="true" ilMapped="true" isComposite="false" isDataStream="false" isDeprecated="false" isInternal="false" isReadOnly="false" maxOccurs="unbounded" minOccurs="0" name="PortList" noSave="false" nullable="false" onModifyNotifyMode="none" precision="" replaces="" type="handle" />
    </stc:class>

  
  
  
  <stc:commandTarget command="LacpStopPdusCommand" default="0" target="LacpPortConfig" />
  <stc:commandTarget command="LacpResumePdusCommand" default="0" target="LacpPortConfig" />
  <stc:commandTarget command="LacpCreateLagCommand" default="0" target="LacpPortConfig" />
  <stc:commandTarget command="LacpSendInSyncCommand" default="0" target="LacpPortConfig" />
  <stc:commandTarget command="LacpSendOutOfSyncCommand" default="0" target="LacpPortConfig" />


</stc:meta>