<stc:meta xmlns:stc="urn:www.spirentcom.com:XMLSchema.xsd" id="0x94000000" package="traffic" plugin="l1" version="0.0.0-0">
  
  
  <stc:class baseClass="framework.Scriptable" canCreate="true" displayName="PCS Error Insertion Configuration" id="0x94001000" idlMapped="na" ilMapped="na" isInternal="false" isReadOnly="false" isSingleton="false" name="PcsErrorInsertionConfig" noSave="false" profile="none">
    
    <stc:relation allowDuplicate="false" dstClassRef="PcsErrorInsertionConfig" dstName="none" embedDstInIlClass="false" embedSrcInIlClass="false" id="0x94001001" isInternal="false" maxOccurs="1" minOccurs="0" name="ParentPort" order="sequenced" srcClassRef="Port" srcName="none" type="framework.ParentChild" />

    <stc:enumeration idlEnumerationRef="stcl1.1:pcsErrorMode_t" idlMapped="true" ilMapped="true" isFlags="false" name="EnumErrorInsertionMode">
      <stc:enum displayName="LANE MARKERS ONLY" idlEnumValueRef="LANE_MARKERS_ONLY" idlMapped="true" ilMapped="true" name="LANE_MARKERS_ONLY" value="0" />
      <stc:enum displayName="LANE MARKERS AND PAYLOAD" idlEnumValueRef="LANE_MARKERS_AND_PAYLOAD" idlMapped="true" ilMapped="true" name="LANE_MARKERS_AND_PAYLOAD" value="1" />
    </stc:enumeration>

    
    <stc:property category="config" collectionType="vector" databaseType="DEFAULT" default="false" displayName="Lane Enable Vector" format="number" id="0x94001002" idlMapped="true" ilMapped="true" isComposite="false" isDataStream="false" isDeprecated="false" isInternal="false" isReadOnly="false" maxOccurs="20" minOccurs="20" name="LaneEnable" noSave="false" nullable="false" onModifyNotifyMode="periodic" precision="" replaces="" type="bool">
      <stc:attribute id="0x94001011" internalIsEnum="false" internalType="bool" name="none" type="core.ExposePropertyToUICopyPaste" value="true" />
    </stc:property>

    <stc:property category="config" collectionType="vector" databaseType="DEFAULT" default="true" displayName="Inject errors continuously" format="number" id="0x94001003" idlMapped="true" ilMapped="true" isComposite="false" isDataStream="false" isDeprecated="false" isInternal="false" isReadOnly="false" maxOccurs="1" minOccurs="1" name="ContinuousMode" noSave="false" nullable="false" onModifyNotifyMode="periodic" precision="" replaces="" type="bool" />

    
    <stc:property category="config" collectionType="vector" databaseType="DEFAULT" default="LANE_MARKERS_ONLY" displayName="Error Insertion Mode" format="number" id="0x94001004" idlMapped="true" ilMapped="true" isComposite="false" isDataStream="false" isDeprecated="false" isInternal="false" isReadOnly="false" maxOccurs="1" minOccurs="1" name="ErrorInsertionMode" noSave="false" nullable="false" onModifyNotifyMode="periodic" precision="" replaces="" type="u8">
      <stc:attribute id="0x94001012" internalIsEnum="false" internalType="bool" name="none" type="core.ExposePropertyToUICopyPaste" value="true" />
      <stc:enumerationRef ref="EnumErrorInsertionMode" />
    </stc:property>

    
    <stc:property category="config" collectionType="vector" databaseType="DEFAULT" default="0" displayName="Sync Header" format="hex" id="0x94001005" idlMapped="true" ilMapped="true" isComposite="false" isDataStream="false" isDeprecated="false" isInternal="false" isReadOnly="false" maxOccurs="1" minOccurs="1" name="SyncHeader" noSave="false" nullable="false" onModifyNotifyMode="periodic" precision="" replaces="" type="u8">
      <stc:numericValidation errorMsg="Please enter a valid number" maxInclusive="3" minInclusive="0" />
    </stc:property>
    <stc:property category="config" collectionType="vector" databaseType="DEFAULT" default="0" displayName="Marker Byte 0" format="hex" id="0x94001006" idlMapped="true" ilMapped="true" isComposite="false" isDataStream="false" isDeprecated="false" isInternal="false" isReadOnly="false" maxOccurs="1" minOccurs="1" name="Marker0" noSave="false" nullable="false" onModifyNotifyMode="periodic" precision="" replaces="" type="u8">
      <stc:numericValidation errorMsg="Please enter a valid number" maxInclusive="255" minInclusive="0" />
    </stc:property>
    <stc:property category="config" collectionType="vector" databaseType="DEFAULT" default="0" displayName="Marker Byte 1" format="hex" id="0x94001007" idlMapped="true" ilMapped="true" isComposite="false" isDataStream="false" isDeprecated="false" isInternal="false" isReadOnly="false" maxOccurs="1" minOccurs="1" name="Marker1" noSave="false" nullable="false" onModifyNotifyMode="periodic" precision="" replaces="" type="u8">
      <stc:numericValidation errorMsg="Please enter a valid number" maxInclusive="255" minInclusive="0" />
    </stc:property>
    <stc:property category="config" collectionType="vector" databaseType="DEFAULT" default="0" displayName="Marker Byte 2" format="hex" id="0x94001008" idlMapped="true" ilMapped="true" isComposite="false" isDataStream="false" isDeprecated="false" isInternal="false" isReadOnly="false" maxOccurs="1" minOccurs="1" name="Marker2" noSave="false" nullable="false" onModifyNotifyMode="periodic" precision="" replaces="" type="u8">
      <stc:numericValidation errorMsg="Please enter a valid number" maxInclusive="255" minInclusive="0" />
    </stc:property>
    <stc:property category="config" collectionType="vector" databaseType="DEFAULT" default="0" displayName="Bit interleaved parity-3" format="hex" id="0x94001009" idlMapped="true" ilMapped="true" isComposite="false" isDataStream="false" isDeprecated="false" isInternal="false" isReadOnly="false" maxOccurs="1" minOccurs="1" name="Bip3" noSave="false" nullable="false" onModifyNotifyMode="periodic" precision="" replaces="" type="u8">
      <stc:numericValidation errorMsg="Please enter a valid number" maxInclusive="255" minInclusive="0" />
    </stc:property>
    <stc:property category="config" collectionType="vector" databaseType="DEFAULT" default="0" displayName="Marker Byte 4" format="hex" id="0x9400100A" idlMapped="true" ilMapped="true" isComposite="false" isDataStream="false" isDeprecated="false" isInternal="false" isReadOnly="false" maxOccurs="1" minOccurs="1" name="Marker4" noSave="false" nullable="false" onModifyNotifyMode="periodic" precision="" replaces="" type="u8">
      <stc:numericValidation errorMsg="Please enter a valid number" maxInclusive="255" minInclusive="0" />
    </stc:property>
    <stc:property category="config" collectionType="vector" databaseType="DEFAULT" default="0" displayName="Marker Byte 5" format="hex" id="0x9400100B" idlMapped="true" ilMapped="true" isComposite="false" isDataStream="false" isDeprecated="false" isInternal="false" isReadOnly="false" maxOccurs="1" minOccurs="1" name="Marker5" noSave="false" nullable="false" onModifyNotifyMode="periodic" precision="" replaces="" type="u8">
      <stc:numericValidation errorMsg="Please enter a valid number" maxInclusive="255" minInclusive="0" />
    </stc:property>
    <stc:property category="config" collectionType="vector" databaseType="DEFAULT" default="0" displayName="Marker Byte 6" format="hex" id="0x9400100C" idlMapped="true" ilMapped="true" isComposite="false" isDataStream="false" isDeprecated="false" isInternal="false" isReadOnly="false" maxOccurs="1" minOccurs="1" name="Marker6" noSave="false" nullable="false" onModifyNotifyMode="periodic" precision="" replaces="" type="u8">
      <stc:numericValidation errorMsg="Please enter a valid number" maxInclusive="255" minInclusive="0" />
    </stc:property>
    <stc:property category="config" collectionType="vector" databaseType="DEFAULT" default="0" displayName="Bit interleaved parity-7" format="hex" id="0x9400100D" idlMapped="true" ilMapped="true" isComposite="false" isDataStream="false" isDeprecated="false" isInternal="false" isReadOnly="false" maxOccurs="1" minOccurs="1" name="Bip7" noSave="false" nullable="false" onModifyNotifyMode="periodic" precision="" replaces="" type="u8">
      <stc:numericValidation errorMsg="Please enter a valid number" maxInclusive="255" minInclusive="0" />
    </stc:property>

    

    <stc:property category="config" collectionType="vector" databaseType="DEFAULT" default="1" displayName="Blocks between each error burst" format="number" id="0x9400100E" idlMapped="true" ilMapped="true" isComposite="false" isDataStream="false" isDeprecated="false" isInternal="false" isReadOnly="false" maxOccurs="1" minOccurs="1" name="BurstInterval" noSave="false" nullable="false" onModifyNotifyMode="periodic" precision="" replaces="" type="u32">
    </stc:property>

    <stc:property category="config" collectionType="vector" databaseType="DEFAULT" default="1" displayName="Sequential errored blocks in each burst" format="number" id="0x9400100F" idlMapped="true" ilMapped="true" isComposite="false" isDataStream="false" isDeprecated="false" isInternal="false" isReadOnly="false" maxOccurs="1" minOccurs="1" name="BurstLength" noSave="false" nullable="false" onModifyNotifyMode="periodic" precision="" replaces="" type="u32">
      <stc:numericValidation errorMsg="Please enter a valid number" maxInclusive="0xffffff" minInclusive="1" />
    </stc:property>

    <stc:property category="config" collectionType="vector" databaseType="DEFAULT" default="1" displayName="Number of error bursts" format="number" id="0x94001010" idlMapped="true" ilMapped="true" isComposite="false" isDataStream="false" isDeprecated="false" isInternal="false" isReadOnly="false" maxOccurs="1" minOccurs="1" name="BurstCount" noSave="false" nullable="false" onModifyNotifyMode="periodic" precision="" replaces="" type="u64">
      <stc:numericValidation errorMsg="Please enter a valid number" maxInclusive="0x3fffffffffff" minInclusive="1" />
    </stc:property>

  </stc:class>

    
  <stc:class baseClass="framework.Scriptable" canCreate="true" displayName="Random Error Insertion Configuration" id="0x94002000" idlMapped="na" ilMapped="na" isInternal="false" isReadOnly="false" isSingleton="false" name="RandomErrorInsertionConfig" noSave="false" profile="none">
      
      <stc:relation allowDuplicate="false" dstClassRef="RandomErrorInsertionConfig" dstName="none" embedDstInIlClass="false" embedSrcInIlClass="false" id="0x94002001" isInternal="false" maxOccurs="1" minOccurs="0" name="ParentPort" order="sequenced" srcClassRef="Port" srcName="none" type="framework.ParentChild" />

     
        <stc:property category="config" collectionType="vector" databaseType="DEFAULT" default="false" displayName="Lane Enable Selection" format="number" id="0x94002002" idlMapped="true" ilMapped="true" isComposite="false" isDataStream="false" isDeprecated="false" isInternal="false" isReadOnly="false" maxOccurs="10" minOccurs="10" name="LaneEnable" noSave="false" nullable="false" onModifyNotifyMode="periodic" precision="" replaces="" type="bool">
            <stc:attribute id="0x94002004" internalIsEnum="false" internalType="bool" name="none" type="core.ExposePropertyToUICopyPaste" value="true" />
        </stc:property>

        <stc:property category="config" collectionType="vector" databaseType="DEFAULT" default="0.000000001" displayName="PRBS Random Error Insertion rate" format="number" id="0x94002003" idlMapped="true" ilMapped="true" isComposite="false" isDataStream="false" isDeprecated="false" isInternal="false" isReadOnly="false" maxOccurs="1" minOccurs="1" name="Rate" noSave="false" nullable="false" onModifyNotifyMode="periodic" precision="" replaces="" type="double">
            <stc:attribute id="0x94002005" internalIsEnum="false" internalType="bool" name="none" type="core.ExposePropertyToUICopyPaste" value="true" />
            <stc:numericValidation errorMsg="Please enter a valid number" maxInclusive="0.1" minInclusive="0.00000000001" />
        </stc:property>

    </stc:class>
    
  
  <stc:class baseClass="framework.Command" canCreate="true" displayName="Start PCS Error Insertion" id="0x94003000" idlMapped="na" ilMapped="na" isInternal="false" isReadOnly="false" isSingleton="false" name="PcsErrorInsertionStartCommand" noSave="false" profile="none">
    <stc:attribute id="0x94003001" internalIsEnum="false" internalType="bool" name="none" type="core.Sequenceable" value="true" />

    <stc:attribute id="0x94003002" internalIsEnum="false" internalType="bool" name="none" type="core.RequireApplyToIL" value="true" />

    <stc:attribute id="0x94003003" internalIsEnum="false" internalType="string" name="none" type="framework.CommandCategory" value="Basic" />

    <stc:attribute id="0x94003004" internalIsEnum="false" internalType="string" name="none" type="framework.CommandDescription" value="Start PCS Errors Injection." />

    
    <stc:property category="input" collectionType="vector" databaseType="DEFAULT" default="0" displayName="Handle List" format="number" id="0x94003005" idlMapped="true" ilMapped="true" isComposite="false" isDataStream="false" isDeprecated="false" isInternal="false" isReadOnly="false" maxOccurs="unbounded" minOccurs="1" name="HandleList" noSave="false" nullable="false" onModifyNotifyMode="none" precision="" replaces="" type="handle">
      <stc:attribute id="0x94003006" internalIsEnum="false" internalType="string" name="none" type="core.ValidHandleTypes" value="Project,Port" />
    </stc:property>
    
  </stc:class>


  
  <stc:class baseClass="framework.Command" canCreate="true" displayName="Stop PCS Error Insertion" id="0x94004000" idlMapped="na" ilMapped="na" isInternal="false" isReadOnly="false" isSingleton="false" name="PcsErrorInsertionStopCommand" noSave="false" profile="none">
    <stc:attribute id="0x94004001" internalIsEnum="false" internalType="bool" name="none" type="core.Sequenceable" value="true" />

    <stc:attribute id="0x94004002" internalIsEnum="false" internalType="bool" name="none" type="core.RequireApplyToIL" value="true" />

    <stc:attribute id="0x94004003" internalIsEnum="false" internalType="string" name="none" type="framework.CommandCategory" value="Basic" />

    <stc:attribute id="0x94004004" internalIsEnum="false" internalType="string" name="none" type="framework.CommandDescription" value="Stop PCS Errors Injection." />

    
    <stc:property category="input" collectionType="vector" databaseType="DEFAULT" default="0" displayName="Handle List" format="number" id="0x94004005" idlMapped="true" ilMapped="true" isComposite="false" isDataStream="false" isDeprecated="false" isInternal="false" isReadOnly="false" maxOccurs="unbounded" minOccurs="1" name="HandleList" noSave="false" nullable="false" onModifyNotifyMode="none" precision="" replaces="" type="handle">
      <stc:attribute id="0x94004006" internalIsEnum="false" internalType="string" name="none" type="core.ValidHandleTypes" value="Project,Port" />
    </stc:property>
    
  </stc:class>

    
    <stc:class baseClass="framework.Command" canCreate="true" displayName="Start Random Error Insertion" id="0x94005000" idlMapped="na" ilMapped="na" isInternal="false" isReadOnly="false" isSingleton="false" name="RandomErrorInsertionStartCommand" noSave="false" profile="none">
        <stc:attribute id="0x94005001" internalIsEnum="false" internalType="bool" name="none" type="core.Sequenceable" value="true" />

        <stc:attribute id="0x94005002" internalIsEnum="false" internalType="bool" name="none" type="core.RequireApplyToIL" value="true" />

        <stc:attribute id="0x94005003" internalIsEnum="false" internalType="string" name="none" type="framework.CommandCategory" value="Basic" />

        <stc:attribute id="0x94005004" internalIsEnum="false" internalType="string" name="none" type="framework.CommandDescription" value="Start Random Errors Injection." />

        
        <stc:property category="input" collectionType="vector" databaseType="DEFAULT" default="0" displayName="Handle List" format="number" id="0x94005005" idlMapped="true" ilMapped="true" isComposite="false" isDataStream="false" isDeprecated="false" isInternal="false" isReadOnly="false" maxOccurs="unbounded" minOccurs="1" name="HandleList" noSave="false" nullable="false" onModifyNotifyMode="none" precision="" replaces="" type="handle">
            <stc:attribute id="0x94005006" internalIsEnum="false" internalType="string" name="none" type="core.ValidHandleTypes" value="Project,Port" />
        </stc:property>

    </stc:class>


    
    <stc:class baseClass="framework.Command" canCreate="true" displayName="Stop Random Error Insertion" id="0x94006000" idlMapped="na" ilMapped="na" isInternal="false" isReadOnly="false" isSingleton="false" name="RandomErrorInsertionStopCommand" noSave="false" profile="none">
        <stc:attribute id="0x94006001" internalIsEnum="false" internalType="bool" name="none" type="core.Sequenceable" value="true" />

        <stc:attribute id="0x94006002" internalIsEnum="false" internalType="bool" name="none" type="core.RequireApplyToIL" value="true" />

        <stc:attribute id="0x94006003" internalIsEnum="false" internalType="string" name="none" type="framework.CommandCategory" value="Basic" />

        <stc:attribute id="0x94006004" internalIsEnum="false" internalType="string" name="none" type="framework.CommandDescription" value="Stop Random Errors Injection." />

        
        <stc:property category="input" collectionType="vector" databaseType="DEFAULT" default="0" displayName="Handle List" format="number" id="0x94006005" idlMapped="true" ilMapped="true" isComposite="false" isDataStream="false" isDeprecated="false" isInternal="false" isReadOnly="false" maxOccurs="unbounded" minOccurs="1" name="HandleList" noSave="false" nullable="false" onModifyNotifyMode="none" precision="" replaces="" type="handle">
            <stc:attribute id="0x94006006" internalIsEnum="false" internalType="string" name="none" type="core.ValidHandleTypes" value="Project,Port" />
        </stc:property>

    </stc:class>
	
  
  <stc:class baseClass="framework.Command" canCreate="true" displayName="Enable Recovery" id="0x94007000" idlMapped="na" ilMapped="na" isInternal="false" isReadOnly="false" isSingleton="false" name="RecoveryEnableCommand" noSave="false" profile="none">
    <stc:attribute id="0x94007001" internalIsEnum="false" internalType="bool" name="none" type="core.Sequenceable" value="true" />

    <stc:attribute id="0x94007002" internalIsEnum="false" internalType="bool" name="none" type="core.RequireApplyToIL" value="true" />

    <stc:attribute id="0x94007003" internalIsEnum="false" internalType="string" name="none" type="framework.CommandCategory" value="Basic" />

    <stc:attribute id="0x94007004" internalIsEnum="false" internalType="string" name="none" type="framework.CommandDescription" value="Enable Recovery." />

    
    <stc:property category="input" collectionType="vector" databaseType="DEFAULT" default="0" displayName="Handle List" format="number" id="0x94007005" idlMapped="true" ilMapped="true" isComposite="false" isDataStream="false" isDeprecated="false" isInternal="false" isReadOnly="false" maxOccurs="unbounded" minOccurs="1" name="HandleList" noSave="false" nullable="false" onModifyNotifyMode="none" precision="" replaces="" type="handle">
      <stc:attribute id="0x94007006" internalIsEnum="false" internalType="string" name="none" type="core.ValidHandleTypes" value="Project,Port" />
    </stc:property>
    
  </stc:class>


  
  <stc:class baseClass="framework.Command" canCreate="true" displayName="Disable Recovery" id="0x94008000" idlMapped="na" ilMapped="na" isInternal="false" isReadOnly="false" isSingleton="false" name="RecoveryDisableCommand" noSave="false" profile="none">
    <stc:attribute id="0x94008001" internalIsEnum="false" internalType="bool" name="none" type="core.Sequenceable" value="true" />

    <stc:attribute id="0x94008002" internalIsEnum="false" internalType="bool" name="none" type="core.RequireApplyToIL" value="true" />

    <stc:attribute id="0x94008003" internalIsEnum="false" internalType="string" name="none" type="framework.CommandCategory" value="Basic" />

    <stc:attribute id="0x94008004" internalIsEnum="false" internalType="string" name="none" type="framework.CommandDescription" value="Disable Recovery." />

    
    <stc:property category="input" collectionType="vector" databaseType="DEFAULT" default="0" displayName="Handle List" format="number" id="0x94008005" idlMapped="true" ilMapped="true" isComposite="false" isDataStream="false" isDeprecated="false" isInternal="false" isReadOnly="false" maxOccurs="unbounded" minOccurs="1" name="HandleList" noSave="false" nullable="false" onModifyNotifyMode="none" precision="" replaces="" type="handle">
      <stc:attribute id="0x94008006" internalIsEnum="false" internalType="string" name="none" type="core.ValidHandleTypes" value="Project,Port" />
    </stc:property>
    
  </stc:class>	

    
  
  
  <stc:commandTarget command="PcsErrorInsertionStartCommand" default="0" target="PcsErrorInsertionConfig" />
  <stc:commandTarget command="PcsErrorInsertionStopCommand" default="0" target="PcsErrorInsertionConfig" />
  <stc:commandTarget command="RecoveryEnableCommand" default="0" target="PcsErrorInsertionConfig" />
  <stc:commandTarget command="RecoveryDisableCommand" default="0" target="PcsErrorInsertionConfig" />

  <stc:commandTarget command="RandomErrorInsertionStartCommand" default="0" target="RandomErrorInsertionConfig" />
  <stc:commandTarget command="RandomErrorInsertionStopCommand" default="0" target="RandomErrorInsertionConfig" />

</stc:meta>