<stc:meta xmlns:stc="urn:www.spirentcom.com:XMLSchema.xsd" id="0x8D000000" package="routing" plugin="lisp" version="0.0.0-0">

  
  <stc:idlDef idlDepends="" idlImplements="../../../../framework/idl/ifSetup_Autogen.idl" idlIncludes="../../../../framework/idl/result_Autogen.idl" idlName="lisp" idlVersion="1" isInterface="true" />

  
  
  
  
  <stc:class baseClass="core.ProtocolConfig" canCreate="true" displayName="LISP" id="0x8D001000" idlMapped="lisp" ilMapped="root" isInternal="false" isReadOnly="false" isSingleton="false" name="LispRouterConfig" noSave="false" profile="lisp">

    <stc:attribute id="0x8D001001" internalIsEnum="false" internalType="string" name="none" type="framework.EventMessageAllTypes" value="ProtocolAllEvents" />
    <stc:attribute id="0x8D001002" internalIsEnum="false" internalType="string" name="none" type="framework.EventMessageDefaultTypes" value="ProtocolDefaultEvents" />

    
    <stc:relation allowDuplicate="false" dstClassRef="LispRouterConfig" dstName="none" embedDstInIlClass="false" embedSrcInIlClass="false" id="0x8D001003" isInternal="false" maxOccurs="1" minOccurs="0" name="ParentRouter" order="sequenced" srcClassRef="core.EmulatedDevice" srcName="none" type="framework.ParentChild" />
	<stc:relation allowDuplicate="false" dstClassRef="core.EmulatedIf" dstName="none" embedDstInIlClass="false" embedSrcInIlClass="false" id="0x8D001004" isInternal="false" maxOccurs="unbounded" minOccurs="0" name="ResolvesInterface" order="sequenced" srcClassRef="LispRouterConfig" srcName="none" type="routing.rtgcore.ResolvesInterface" />

    <stc:enumeration idlMapped="true" ilMapped="true" isFlags="false" name="EnumLispDeviceState">
      <stc:enum displayName="Idle" idlMapped="true" ilMapped="true" name="LISP_STATE_IDLE" value="0" />
      <stc:enum displayName="Down" idlMapped="true" ilMapped="true" name="LISP_STATE_DOWN" value="1" />
      <stc:enum displayName="Up" idlMapped="true" ilMapped="true" name="LISP_STATE_UP" value="2" />
    </stc:enumeration>

    <stc:enumeration idlMapped="true" ilMapped="true" isFlags="false" name="EnumLocatorAddrType">
      <stc:enum displayName="IPv4" idlMapped="true" ilMapped="true" name="LOCATOR_IPV4" value="0" />
      <stc:enum displayName="IPv6" idlMapped="true" ilMapped="true" name="LOCATOR_IPV6" value="1" />
    </stc:enumeration>


	<stc:enumeration idlMapped="true" ilMapped="true" isFlags="false" name="EnumLispDeviceRole">
      <stc:enum displayName="ETR" idlMapped="true" ilMapped="true" name="ETR" value="0" />
      <stc:enum displayName="ITR" idlMapped="true" ilMapped="true" name="ITR" value="1" />
      <stc:enum displayName="ETR And ITR" idlMapped="true" ilMapped="true" name="ETR_ITR" value="2" />
    </stc:enumeration>
    
    <stc:property category="config" collectionType="vector" databaseType="DEFAULT" default="0" displayName="Interface Handle List" format="number" id="0x8D001005" idlMapped="true" ilMapped="true" isComposite="false" isDataStream="false" isDeprecated="false" isInternal="true" isReadOnly="false" maxOccurs="unbounded" minOccurs="0" name="IfHandleList" noSave="false" nullable="false" onModifyNotifyMode="periodic" precision="" replaces="" type="u32" />

    
    <stc:property category="config" collectionType="vector" databaseType="DEFAULT" default="LOCATOR_IPV4" displayName="Locator Address Family" format="number" id="0x8D001006" idlMapped="true" ilMapped="true" isComposite="false" isDataStream="false" isDeprecated="false" isInternal="false" isReadOnly="false" maxOccurs="1" minOccurs="1" name="LocatorAddrFamily" noSave="false" nullable="false" onModifyNotifyMode="periodic" precision="" replaces="" type="u8">
      <stc:enumerationRef ref="EnumLocatorAddrType" />
    </stc:property>
	
	<stc:property category="config" collectionType="vector" databaseType="DEFAULT" default="ETR_ITR" displayName="LISP Device Role" format="number" id="0x8D001007" idlMapped="true" ilMapped="true" isComposite="false" isDataStream="false" isDeprecated="false" isInternal="false" isReadOnly="false" maxOccurs="1" minOccurs="1" name="LispDeviceRole" noSave="false" nullable="false" onModifyNotifyMode="periodic" precision="" replaces="" type="u8">
      <stc:enumerationRef ref="EnumLispDeviceRole" />
    </stc:property>

    <stc:property category="config" collectionType="vector" databaseType="DEFAULT" default="null" displayName="Map Resolver IPv4 Address" format="number" id="0x8D001008" idlMapped="true" ilMapped="true" isComposite="false" isDataStream="false" isDeprecated="false" isInternal="false" isReadOnly="false" maxOccurs="1" minOccurs="1" name="MapResolverAddrIpv4" noSave="false" nullable="true" onModifyNotifyMode="periodic" precision="" replaces="" type="ip">
      <stc:condition operator="equal" property="LocatorAddrFamily" type="applicable" value="EnumLocatorAddrType.LocatorIpv4" />
	  <stc:condition operator="notEqual" property="LispDeviceRole" type="applicable" value="EnumLispDeviceRole.Etr" />
  </stc:property>

  <stc:property category="config" collectionType="vector" databaseType="DEFAULT" default="null" displayName="Map Resolver IPv6 Address" format="number" id="0x8D001009" idlMapped="true" ilMapped="true" isComposite="false" isDataStream="false" isDeprecated="false" isInternal="false" isReadOnly="false" maxOccurs="1" minOccurs="1" name="MapResolverAddrIpv6" noSave="false" nullable="true" onModifyNotifyMode="periodic" precision="" replaces="" type="ipv6">
	  <stc:condition operator="equal" property="LocatorAddrFamily" type="applicable" value="EnumLocatorAddrType.LocatorIpv6" />
	  <stc:condition operator="notEqual" property="LispDeviceRole" type="applicable" value="EnumLispDeviceRole.Etr" />
  </stc:property>

  <stc:property category="config" collectionType="vector" databaseType="DEFAULT" default="null" displayName="Map Server IPv4 Address" format="number" id="0x8D00100A" idlMapped="true" ilMapped="true" isComposite="false" isDataStream="false" isDeprecated="false" isInternal="false" isReadOnly="false" maxOccurs="1" minOccurs="1" name="MapServerAddrIpv4" noSave="false" nullable="true" onModifyNotifyMode="periodic" precision="" replaces="" type="ip">
    <stc:condition operator="equal" property="LocatorAddrFamily" type="applicable" value="EnumLocatorAddrType.LocatorIpv4" />
	  <stc:condition operator="notEqual" property="LispDeviceRole" type="applicable" value="EnumLispDeviceRole.Itr" />
  </stc:property>

  <stc:property category="config" collectionType="vector" databaseType="DEFAULT" default="null" displayName="Map Server IPv6 Address" format="number" id="0x8D00100B" idlMapped="true" ilMapped="true" isComposite="false" isDataStream="false" isDeprecated="false" isInternal="false" isReadOnly="false" maxOccurs="1" minOccurs="1" name="MapServerAddrIpv6" noSave="false" nullable="true" onModifyNotifyMode="periodic" precision="" replaces="" type="ipv6">
	  <stc:condition operator="equal" property="LocatorAddrFamily" type="applicable" value="EnumLocatorAddrType.LocatorIpv6" />
	  <stc:condition operator="notEqual" property="LispDeviceRole" type="applicable" value="EnumLispDeviceRole.Itr" />
    </stc:property>
    
    <stc:property category="config" collectionType="vector" databaseType="DEFAULT" default="false" displayName="Enable Mapping Record in Request" format="number" id="0x8D00100C" idlMapped="true" ilMapped="true" isComposite="false" isDataStream="false" isDeprecated="false" isInternal="false" isReadOnly="false" maxOccurs="1" minOccurs="1" name="EnableMappingRecordInRequest" noSave="false" nullable="false" onModifyNotifyMode="periodic" precision="" replaces="" type="bool" />
    
    <stc:property category="config" collectionType="vector" databaseType="DEFAULT" default="false" displayName="Disable Packet Fragmentation" format="number" id="0x8D00100D" idlMapped="true" ilMapped="true" isComposite="false" isDataStream="false" isDeprecated="false" isInternal="false" isReadOnly="false" maxOccurs="1" minOccurs="1" name="DisablePktFragmentation" noSave="false" nullable="false" onModifyNotifyMode="periodic" precision="" replaces="" type="bool" />
    
    <stc:property category="config" collectionType="vector" databaseType="DEFAULT" default="1500" displayName="Maximum Packet Size" format="number" id="0x8D00100E" idlMapped="true" ilMapped="true" isComposite="false" isDataStream="false" isDeprecated="false" isInternal="false" isReadOnly="false" maxOccurs="1" minOccurs="1" name="MaxPktSize" noSave="false" nullable="false" onModifyNotifyMode="periodic" precision="" replaces="" type="u16">
        <stc:condition operator="equal" property="DisablePktFragmentation" type="applicable" value="true" />
        <stc:numericValidation errorMsg="Please enter a valid number" maxInclusive="65535" minInclusive="150" />      
    </stc:property>

    <stc:property category="config" collectionType="vector" databaseType="DEFAULT" default="123ABC" displayName="Authentication Key" format="number" id="0x8D00100F" idlMapped="true" ilMapped="true" isComposite="false" isDataStream="false" isDeprecated="false" isInternal="false" isReadOnly="false" maxOccurs="1" minOccurs="1" name="AuthenticationKey" noSave="false" nullable="false" onModifyNotifyMode="periodic" precision="" replaces="" type="string" />

    <stc:property category="config" collectionType="vector" databaseType="DEFAULT" default="60" displayName="Map Register Timer (secs)" format="number" id="0x8D001010" idlMapped="true" ilMapped="true" isComposite="false" isDataStream="false" isDeprecated="false" isInternal="false" isReadOnly="false" maxOccurs="1" minOccurs="1" name="MapRegisterTimer" noSave="false" nullable="false" onModifyNotifyMode="periodic" precision="" replaces="" type="u32">
      <stc:condition operator="inSet" property="LispDeviceRole" type="applicable" value="EnumLispDeviceRole.Etr, EnumLispDeviceRole.EtrItr" />
      <stc:numericValidation errorMsg="Please enter a valid number" maxInclusive="65535" minInclusive="60" />
    </stc:property>

    
    <stc:property category="state" collectionType="vector" databaseType="DEFAULT" default="LISP_STATE_IDLE" displayName="Device State" format="number" id="0x8D001011" idlMapped="false" ilMapped="false" isComposite="false" isDataStream="false" isDeprecated="false" isInternal="false" isReadOnly="true" maxOccurs="1" minOccurs="1" name="DeviceState" noSave="true" nullable="false" onModifyNotifyMode="queued" precision="" replaces="" type="u16">
      <stc:enumerationRef ref="EnumLispDeviceState" />
    </stc:property>

    <stc:property category="result" collectionType="vector" databaseType="DEFAULT" default="0" displayName="Learned Bindings Count" format="number" id="0x8D001012" idlMapped="true" ilMapped="true" isComposite="false" isDataStream="false" isDeprecated="false" isInternal="false" isReadOnly="true" maxOccurs="1" minOccurs="1" name="LearnedBindingsCount" noSave="true" nullable="false" onModifyNotifyMode="periodic" precision="" replaces="" type="u32">
    </stc:property>

    <stc:property category="result" collectionType="vector" databaseType="DEFAULT" default="0" displayName="Resolved EID Count" format="number" id="0x8D001013" idlMapped="true" ilMapped="true" isComposite="false" isDataStream="false" isDeprecated="false" isInternal="false" isReadOnly="true" maxOccurs="1" minOccurs="1" name="ResolvedEIDCount" noSave="true" nullable="false" onModifyNotifyMode="periodic" precision="" replaces="" type="u32">
    </stc:property>

    <stc:property category="result" collectionType="vector" databaseType="DEFAULT" default="0" displayName="Unresolved EID Count" format="number" id="0x8D001014" idlMapped="true" ilMapped="true" isComposite="false" isDataStream="false" isDeprecated="false" isInternal="false" isReadOnly="true" maxOccurs="1" minOccurs="1" name="UnResolvedEIDCount" noSave="true" nullable="false" onModifyNotifyMode="periodic" precision="" replaces="" type="u32">
    </stc:property>

  </stc:class>

  <stc:class baseClass="framework.Scriptable" canCreate="true" id="0x8D002000" idlMapped="lisp" ilMapped="root" isInternal="false" isReadOnly="false" isSingleton="false" name="LispSiteConfig" noSave="false" profile="lisp">

    
    <stc:relation allowDuplicate="false" dstClassRef="LispSiteConfig" dstName="none" embedDstInIlClass="false" embedSrcInIlClass="false" id="0x8D002001" isInternal="false" maxOccurs="unbounded" minOccurs="0" name="ParentLispConfig" order="sequenced" srcClassRef="LispRouterConfig" srcName="none" type="framework.ParentChild" />


    <stc:property category="config" collectionType="vector" databaseType="DEFAULT" default="0" displayName="Priority" format="number" id="0x8D002002" idlMapped="true" ilMapped="true" isComposite="false" isDataStream="false" isDeprecated="false" isInternal="false" isReadOnly="false" maxOccurs="1" minOccurs="1" name="Priority" noSave="false" nullable="false" onModifyNotifyMode="periodic" precision="" replaces="" type="u8" />
    <stc:property category="config" collectionType="vector" databaseType="DEFAULT" default="0" displayName="Weight" format="number" id="0x8D002003" idlMapped="true" ilMapped="true" isComposite="false" isDataStream="false" isDeprecated="false" isInternal="false" isReadOnly="false" maxOccurs="1" minOccurs="1" name="Weight" noSave="false" nullable="false" onModifyNotifyMode="periodic" precision="" replaces="" type="u8" />


  </stc:class>


  <stc:class baseClass="LispSiteConfig" canCreate="true" id="0x8D003000" idlMapped="lisp" ilMapped="default" isInternal="false" isReadOnly="false" isSingleton="false" name="LispIpv4SiteConfig" noSave="false" profile="lisp">

    
    <stc:relation allowDuplicate="false" dstClassRef="core.Ipv4NetworkBlock" dstName="none" embedDstInIlClass="false" embedSrcInIlClass="false" id="0x8D003001" isInternal="false" maxOccurs="1" minOccurs="0" name="LispIpv4SiteConfig" order="sequenced" srcClassRef="LispIpv4SiteConfig" srcName="none" type="core.AssociatedSiteConfig" />

  </stc:class>

  <stc:class baseClass="LispSiteConfig" canCreate="true" id="0x8D004000" idlMapped="lisp" ilMapped="default" isInternal="false" isReadOnly="false" isSingleton="false" name="LispIpv6SiteConfig" noSave="false" profile="lisp">

    
    <stc:relation allowDuplicate="false" dstClassRef="core.Ipv6NetworkBlock" dstName="none" embedDstInIlClass="false" embedSrcInIlClass="false" id="0x8D004001" isInternal="false" maxOccurs="1" minOccurs="0" name="LispIpv6SiteConfig" order="sequenced" srcClassRef="LispIpv6SiteConfig" srcName="none" type="core.AssociatedSiteConfig" />

  </stc:class>

  <stc:class baseClass="framework.Scriptable" canCreate="true" displayName="Record Information" id="0x8D005000" idlMapped="lisp" ilMapped="root" isInternal="false" isReadOnly="false" isSingleton="false" name="RecordInfo" noSave="false" profile="lisp">

    
    <stc:relation allowDuplicate="false" dstClassRef="RecordInfo" dstName="none" embedDstInIlClass="false" embedSrcInIlClass="false" id="0x8D005001" isInternal="false" maxOccurs="1" minOccurs="0" name="RecordChildIpv4" order="sequenced" srcClassRef="core.Ipv4NetworkBlock" srcName="none" type="framework.ParentChild" />
    <stc:relation allowDuplicate="false" dstClassRef="RecordInfo" dstName="none" embedDstInIlClass="false" embedSrcInIlClass="false" id="0x8D005002" isInternal="false" maxOccurs="1" minOccurs="0" name="RecordChildIpv6" order="sequenced" srcClassRef="core.Ipv6NetworkBlock" srcName="none" type="framework.ParentChild" />
    <stc:enumeration idlMapped="true" ilMapped="true" isFlags="false" name="EnumNegativeMappingAction">
      <stc:enum displayName="No Action" idlMapped="true" ilMapped="true" name="NO_ACTION" value="0" />
      <stc:enum displayName="Natively Forward" idlMapped="true" ilMapped="true" name="NATIVELY_FORWARD" value="1" />
      <stc:enum displayName="Send Map Request" idlMapped="true" ilMapped="true" name="SEND_MAP_REQUEST" value="2" />
      <stc:enum displayName="DROP" idlMapped="true" ilMapped="true" name="DROP" value="3" />
    </stc:enumeration>
    <stc:property category="config" collectionType="vector" databaseType="DEFAULT" default="DROP" displayName="Negative Mapping Action" format="number" id="0x8D005003" idlMapped="true" ilMapped="true" isComposite="false" isDataStream="false" isDeprecated="false" isInternal="false" isReadOnly="false" maxOccurs="1" minOccurs="1" name="NegativeMappingAction" noSave="false" nullable="false" onModifyNotifyMode="periodic" precision="" replaces="" type="u8">
      <stc:enumerationRef ref="EnumNegativeMappingAction" />
    </stc:property>
    <stc:property category="config" collectionType="vector" databaseType="DEFAULT" default="192.0.1.1/0/0" displayName="Static Locator Configuration (IP/Priority/Weight)" format="number" id="0x8D005004" idlMapped="false" ilMapped="false" isComposite="false" isDataStream="false" isDeprecated="false" isInternal="false" isReadOnly="false" maxOccurs="unbounded" minOccurs="0" name="StaticLocatorConfig" noSave="false" nullable="false" onModifyNotifyMode="periodic" precision="" replaces="" type="string" />
    <stc:property category="config" collectionType="vector" databaseType="DEFAULT" default="1440" displayName="Time To Live (Minutes)" format="number" id="0x8D005005" idlMapped="true" ilMapped="true" isComposite="false" isDataStream="false" isDeprecated="false" isInternal="false" isReadOnly="false" maxOccurs="1" minOccurs="1" name="Ttl" noSave="false" nullable="false" onModifyNotifyMode="periodic" precision="" replaces="" type="u32" />

  </stc:class>

  
  
  

  
  <stc:class baseClass="framework.Result" canCreate="true" displayName="LispRouterResults" id="0x8D006000" idlMapped="lisp" ilMapped="root" isInternal="false" isReadOnly="false" isSingleton="false" name="LispRouterResults" noSave="false" profile="lisp">

    
    <stc:relation allowDuplicate="false" dstClassRef="LispRouterResults" dstName="none" embedDstInIlClass="false" embedSrcInIlClass="false" id="0x8D006001" isInternal="false" maxOccurs="unbounded" minOccurs="0" name="ParentLispConfig" order="sequenced" srcClassRef="LispRouterConfig" srcName="none" type="framework.ParentChild" />

    <stc:relation allowDuplicate="false" dstClassRef="LispRouterResults" dstName="none" embedDstInIlClass="false" embedSrcInIlClass="false" id="0x8D006002" isInternal="false" maxOccurs="unbounded" minOccurs="0" name="ResultParentLispConfig" order="sequenced" srcClassRef="LispRouterConfig" srcName="none" type="framework.ResultChild" />

    <stc:relation allowDuplicate="false" dstClassRef="LispRouterResults" dstName="none" embedDstInIlClass="false" embedSrcInIlClass="false" id="0x8D006003" isInternal="false" maxOccurs="1" minOccurs="0" name="AggregatedParentPort" order="sequenced" srcClassRef="core.Port" srcName="none" type="framework.ParentChild" />

    <stc:relation allowDuplicate="false" dstClassRef="LispRouterResults" dstName="none" embedDstInIlClass="false" embedSrcInIlClass="false" id="0x8D006004" isInternal="false" maxOccurs="1" minOccurs="0" name="ResultAggregatedParentPort" order="sequenced" srcClassRef="core.Port" srcName="none" type="framework.ResultChild" />


    
    <stc:property category="result" collectionType="vector" databaseType="DEFAULT" default="0" displayName="Parent Protocol Config" format="number" id="0x8D006005" idlMapped="false" ilMapped="false" isComposite="false" isDataStream="false" isDeprecated="false" isInternal="true" isReadOnly="true" maxOccurs="1" minOccurs="1" name="ParentProtocolConfig" noSave="true" nullable="false" onModifyNotifyMode="periodic" precision="" replaces="" type="u32">
      <stc:attribute id="0x8D00600D" internalIsEnum="false" internalType="bool" name="none" type="core.ResultPropertyMarkForEotSave" value="true" />
      <stc:attribute id="0x8D00600E" internalIsEnum="false" internalType="bool" name="none" type="core.ResultPropertyAddEotDbIndex" value="true" />
      <stc:attribute id="0x8D00600F" internalIsEnum="false" internalType="string" name="none" type="core.ResultPropertyIlCounterpartName" value="PrimaryHandle" />
    </stc:property>

    
    <stc:property category="result" collectionType="vector" databaseType="DEFAULT" default="0" displayName="Tx Map Request Count" format="number" id="0x8D006006" idlMapped="true" ilMapped="true" isComposite="false" isDataStream="false" isDeprecated="false" isInternal="false" isReadOnly="true" maxOccurs="1" minOccurs="1" name="TxMapRequestCount" noSave="true" nullable="false" onModifyNotifyMode="periodic" precision="" replaces="" type="u64">
      <stc:attribute id="0x8D006010" internalIsEnum="false" internalType="bool" name="none" type="core.ResultPropertyMarkForEotSave" value="true" />
      <stc:attribute id="0x8D006011" internalIsEnum="false" internalType="bool" name="none" type="core.ResultPropertyIsDefaultForSubscription" value="true" />
    </stc:property>

    <stc:property category="result" collectionType="vector" databaseType="DEFAULT" default="0" displayName="Tx Map Reply Count" format="number" id="0x8D006007" idlMapped="true" ilMapped="true" isComposite="false" isDataStream="false" isDeprecated="false" isInternal="false" isReadOnly="true" maxOccurs="1" minOccurs="1" name="TxMapReplyCount" noSave="true" nullable="false" onModifyNotifyMode="periodic" precision="" replaces="" type="u64">
      <stc:attribute id="0x8D006012" internalIsEnum="false" internalType="bool" name="none" type="core.ResultPropertyMarkForEotSave" value="true" />
      <stc:attribute id="0x8D006013" internalIsEnum="false" internalType="bool" name="none" type="core.ResultPropertyIsDefaultForSubscription" value="true" />
    </stc:property>

    <stc:property category="result" collectionType="vector" databaseType="DEFAULT" default="0" displayName="Tx Negative Map Reply Count" format="number" id="0x8D006008" idlMapped="true" ilMapped="true" isComposite="false" isDataStream="false" isDeprecated="false" isInternal="false" isReadOnly="true" maxOccurs="1" minOccurs="1" name="TxNegativeMapReplyCount" noSave="true" nullable="false" onModifyNotifyMode="periodic" precision="" replaces="" type="u64">
      <stc:attribute id="0x8D006014" internalIsEnum="false" internalType="bool" name="none" type="core.ResultPropertyMarkForEotSave" value="true" />
      <stc:attribute id="0x8D006015" internalIsEnum="false" internalType="bool" name="none" type="core.ResultPropertyIsDefaultForSubscription" value="true" />
    </stc:property>

    <stc:property category="result" collectionType="vector" databaseType="DEFAULT" default="0" displayName="Tx Map Register Count" format="number" id="0x8D006009" idlMapped="true" ilMapped="true" isComposite="false" isDataStream="false" isDeprecated="false" isInternal="false" isReadOnly="true" maxOccurs="1" minOccurs="1" name="TxMapRegisterCount" noSave="true" nullable="false" onModifyNotifyMode="periodic" precision="" replaces="" type="u64">
      <stc:attribute id="0x8D006016" internalIsEnum="false" internalType="bool" name="none" type="core.ResultPropertyMarkForEotSave" value="true" />
      <stc:attribute id="0x8D006017" internalIsEnum="false" internalType="bool" name="none" type="core.ResultPropertyIsDefaultForSubscription" value="true" />
    </stc:property>

    
    <stc:property category="result" collectionType="vector" databaseType="DEFAULT" default="0" displayName="Rx Map Request Count" format="number" id="0x8D00600A" idlMapped="true" ilMapped="true" isComposite="false" isDataStream="false" isDeprecated="false" isInternal="false" isReadOnly="true" maxOccurs="1" minOccurs="1" name="RxMapRequestCount" noSave="true" nullable="false" onModifyNotifyMode="periodic" precision="" replaces="" type="u64">
      <stc:attribute id="0x8D006018" internalIsEnum="false" internalType="bool" name="none" type="core.ResultPropertyMarkForEotSave" value="true" />
      <stc:attribute id="0x8D006019" internalIsEnum="false" internalType="bool" name="none" type="core.ResultPropertyIsDefaultForSubscription" value="true" />
    </stc:property>

    <stc:property category="result" collectionType="vector" databaseType="DEFAULT" default="0" displayName="Rx Map Reply Count" format="number" id="0x8D00600B" idlMapped="true" ilMapped="true" isComposite="false" isDataStream="false" isDeprecated="false" isInternal="false" isReadOnly="true" maxOccurs="1" minOccurs="1" name="RxMapReplyCount" noSave="true" nullable="false" onModifyNotifyMode="periodic" precision="" replaces="" type="u64">
      <stc:attribute id="0x8D00601A" internalIsEnum="false" internalType="bool" name="none" type="core.ResultPropertyMarkForEotSave" value="true" />
      <stc:attribute id="0x8D00601B" internalIsEnum="false" internalType="bool" name="none" type="core.ResultPropertyIsDefaultForSubscription" value="true" />
    </stc:property>

    <stc:property category="result" collectionType="vector" databaseType="DEFAULT" default="0" displayName="Rx Negative Map Reply Count" format="number" id="0x8D00600C" idlMapped="true" ilMapped="true" isComposite="false" isDataStream="false" isDeprecated="false" isInternal="false" isReadOnly="true" maxOccurs="1" minOccurs="1" name="RxNegativeMapReplyCount" noSave="true" nullable="false" onModifyNotifyMode="periodic" precision="" replaces="" type="u64">
      <stc:attribute id="0x8D00601C" internalIsEnum="false" internalType="bool" name="none" type="core.ResultPropertyMarkForEotSave" value="true" />
      <stc:attribute id="0x8D00601D" internalIsEnum="false" internalType="bool" name="none" type="core.ResultPropertyIsDefaultForSubscription" value="true" />
    </stc:property>


    <stc:ilProperty collectionType="vector" maxOccurs="1" minOccurs="1" name="PrimaryHandle" type="u32" />
    <stc:ilProperty collectionType="vector" maxOccurs="1" minOccurs="1" name="State" type="u16" />

  </stc:class>



  
  
  
  <stc:class baseClass="framework.Command" canCreate="false" id="0x8D007000" idlMapped="na" ilMapped="na" isInternal="false" isReadOnly="false" isSingleton="false" name="LispCommand" noSave="false" profile="lisp">
    <stc:attribute id="0x8D007001" internalIsEnum="false" internalType="bool" name="none" type="core.RequireApplyToIL" value="true" />
    <stc:property category="config" collectionType="vector" databaseType="DEFAULT" default="0" displayName="LISP Router List" format="number" id="0x8D007002" idlMapped="true" ilMapped="true" isComposite="false" isDataStream="false" isDeprecated="false" isInternal="false" isReadOnly="false" maxOccurs="unbounded" minOccurs="0" name="RouterList" noSave="false" nullable="false" onModifyNotifyMode="periodic" precision="" replaces="" type="handle" />
  </stc:class>

  <stc:class baseClass="LispCommand" canCreate="true" displayName="Show Local Cache" id="0x8D008000" idlMapped="na" ilMapped="na" isInternal="false" isReadOnly="false" isSingleton="false" name="LispShowLocalCacheCommand" noSave="false" profile="lisp">

    <stc:attribute id="0x8D008001" internalIsEnum="false" internalType="bool" name="none" type="core.Sequenceable" value="true" />
    <stc:attribute id="0x8D008002" internalIsEnum="false" internalType="string" name="none" type="framework.CommandDescription" value="Show Local Cache for the selected routers" />
    <stc:attribute id="0x8D008003" internalIsEnum="false" internalType="string" name="none" type="framework.CommandCategory" value="Routing and MPLS//LISP" />


    <stc:enumeration idlMapped="true" ilMapped="true" isFlags="true" name="EnumEidType">
      <stc:enum displayName="IPv6" idlMapped="true" ilMapped="true" name="IPV6" value="0x0001" />
      <stc:enum displayName="IPv4" idlMapped="true" ilMapped="true" name="IPV4" value="0x0004" />
    </stc:enumeration>

    <stc:enumeration idlMapped="true" ilMapped="true" isFlags="false" name="EnumBindingSource">
      <stc:enum displayName="Learned" idlMapped="true" ilMapped="true" name="LEARNED" value="0" />
      <stc:enum displayName="Advertised" idlMapped="true" ilMapped="true" name="ADVERTISED" value="1" />
      <stc:enum displayName="Learned and Advertised" idlMapped="true" ilMapped="true" name="LEARNED_AND_ADVERTISED" value="2" />
    </stc:enumeration>


    <stc:enumeration idlMapped="true" ilMapped="true" isFlags="false" name="EnumTrafficBinding">
      <stc:enum displayName="Resolved" idlMapped="true" ilMapped="true" name="RESOLVED" value="0" />
      <stc:enum displayName="UnResolved" idlMapped="true" ilMapped="true" name="UNRESOLVED" value="1" />
      <stc:enum displayName="All Traffic" idlMapped="true" ilMapped="true" name="TRAFFIC_ALL" value="2" />
      <stc:enum displayName="Show All" idlMapped="true" ilMapped="true" name="SHOW_ALL" value="3" />
    </stc:enumeration>


    <stc:property category="input" collectionType="vector" databaseType="DEFAULT" default="IPV4" displayName="EID Type" format="number" id="0x8D008004" idlMapped="true" ilMapped="true" isComposite="false" isDataStream="false" isDeprecated="false" isInternal="false" isReadOnly="false" maxOccurs="1" minOccurs="1" name="EidTypes" noSave="false" nullable="false" onModifyNotifyMode="none" precision="" replaces="" type="u8">
      <stc:attribute id="0x8D00800E" internalIsEnum="false" internalType="string" name="none" type="framework.PropertyDescription" value="List of EID Types to be exported" />
      <stc:enumerationRef ref="EnumEidType" />
    </stc:property>
    
    <stc:property category="input" collectionType="vector" databaseType="DEFAULT" default="LEARNED" displayName="Binding Source" format="number" id="0x8D008005" idlMapped="true" ilMapped="true" isComposite="false" isDataStream="false" isDeprecated="false" isInternal="false" isReadOnly="false" maxOccurs="1" minOccurs="1" name="BindingSource" noSave="false" nullable="false" onModifyNotifyMode="none" precision="" replaces="" type="u8">

      <stc:attribute id="0x8D00800F" internalIsEnum="false" internalType="string" name="none" type="framework.PropertyDescription" value="Specify whether Learned/Advertised EIDs to be exported" />
      <stc:enumerationRef ref="EnumBindingSource" />
    </stc:property>

    <stc:property category="input" collectionType="vector" databaseType="DEFAULT" default="SHOW_ALL" displayName="Traffic Binding" format="number" id="0x8D008006" idlMapped="true" ilMapped="true" isComposite="false" isDataStream="false" isDeprecated="false" isInternal="false" isReadOnly="false" maxOccurs="1" minOccurs="1" name="TrafficBinding" noSave="false" nullable="false" onModifyNotifyMode="none" precision="" replaces="" type="u8">
      <stc:attribute id="0x8D008010" internalIsEnum="false" internalType="string" name="none" type="framework.PropertyDescription" value="Specify whether Resolved/Unresolved EIDs to be exported" />
      <stc:enumerationRef ref="EnumTrafficBinding" />
    </stc:property>
        
    <stc:property category="input" collectionType="vector" databaseType="DEFAULT" default="false" displayName="Export All" format="number" id="0x8D008007" idlMapped="true" ilMapped="true" isComposite="false" isDataStream="false" isDeprecated="false" isInternal="false" isReadOnly="false" maxOccurs="1" minOccurs="1" name="ExportAll" noSave="false" nullable="false" onModifyNotifyMode="none" precision="" replaces="" type="bool">
      <stc:attribute id="0x8D008011" internalIsEnum="false" internalType="string" name="none" type="framework.PropertyDescription" value="Speicify whether to export ALL EID bindings" />
    </stc:property>

    <stc:property category="input" collectionType="vector" databaseType="DEFAULT" default="5000" displayName="Maximum Entries" format="number" id="0x8D008008" idlMapped="true" ilMapped="true" isComposite="false" isDataStream="false" isDeprecated="false" isInternal="false" isReadOnly="false" maxOccurs="1" minOccurs="1" name="MaxEntries" noSave="false" nullable="false" onModifyNotifyMode="none" precision="" replaces="" type="u32">
      <stc:attribute id="0x8D008012" internalIsEnum="false" internalType="string" name="none" type="framework.PropertyDescription" value="Maximum EID bindings to export" />
      <stc:condition operator="equal" property="ExportAll" type="applicable" value="false" />
    </stc:property>
    
    <stc:property category="input" collectionType="vector" databaseType="DEFAULT" default="LocalCaches" displayName="Export File Prefix" format="number" id="0x8D008009" idlMapped="true" ilMapped="true" isComposite="false" isDataStream="false" isDeprecated="false" isInternal="false" isReadOnly="false" maxOccurs="1" minOccurs="1" name="ExportFilePrefix" noSave="false" nullable="false" onModifyNotifyMode="none" precision="" replaces="" type="string">
      <stc:attribute id="0x8D008013" internalIsEnum="false" internalType="string" name="none" type="framework.PropertyDescription" value="Prefix for the exported files (*.csv)" />
    </stc:property>

    <stc:property category="input" collectionType="vector" databaseType="DEFAULT" default="false" displayName="Save As Archive" format="number" id="0x8D00800A" idlMapped="true" ilMapped="true" isComposite="false" isDataStream="false" isDeprecated="false" isInternal="false" isReadOnly="false" maxOccurs="1" minOccurs="1" name="SaveAsArchive" noSave="false" nullable="false" onModifyNotifyMode="none" precision="" replaces="" type="bool">
      <stc:attribute id="0x8D008014" internalIsEnum="false" internalType="string" name="none" type="framework.PropertyDescription" value="Specify whether to save exported Local Caches as an Archive" />
    </stc:property>

    <stc:property category="input" collectionType="vector" databaseType="DEFAULT" default="" displayName="Export Path" format="number" id="0x8D00800B" idlMapped="true" ilMapped="true" isComposite="false" isDataStream="false" isDeprecated="false" isInternal="false" isReadOnly="false" maxOccurs="1" minOccurs="1" name="ExportPath" noSave="false" nullable="false" onModifyNotifyMode="none" precision="" replaces="" type="outputFilePath">
      <stc:attribute id="0x8D008015" internalIsEnum="false" internalType="string" name="none" type="framework.PropertyDescription" value="Output Folder/Archive Path to save exported Local Caches as files" />
    </stc:property>

    <stc:property category="output" collectionType="vector" databaseType="DEFAULT" default="0" displayName="Mapping Entries Count" format="number" id="0x8D00800C" idlMapped="true" ilMapped="true" isComposite="false" isDataStream="false" isDeprecated="false" isInternal="false" isReadOnly="true" maxOccurs="1" minOccurs="1" name="MappingEntriesCount" noSave="true" nullable="false" onModifyNotifyMode="instant" precision="" replaces="" type="u32">
    </stc:property>

    <stc:property category="output" collectionType="vector" databaseType="DEFAULT" default="" displayName="Exported file Names" format="number" id="0x8D00800D" idlMapped="true" ilMapped="true" isComposite="false" isDataStream="false" isDeprecated="false" isInternal="false" isReadOnly="true" maxOccurs="unbounded" minOccurs="0" name="ExportedFileNames" noSave="true" nullable="false" onModifyNotifyMode="instant" precision="" replaces="" type="outputFilePath">
    </stc:property>
  </stc:class>

  <stc:class baseClass="LispCommand" canCreate="true" displayName="Lisp Mapping Request" id="0x8D009000" idlMapped="na" ilMapped="na" isInternal="false" isReadOnly="false" isSingleton="false" name="LispMappingRequestCommand" noSave="false" profile="lisp">

    <stc:attribute id="0x8D009001" internalIsEnum="false" internalType="bool" name="none" type="core.Sequenceable" value="true" />
    <stc:attribute id="0x8D009002" internalIsEnum="false" internalType="string" name="none" type="framework.CommandDescription" value="LISP Mapping Request." />
    <stc:attribute id="0x8D009003" internalIsEnum="false" internalType="string" name="none" type="framework.CommandCategory" value="Routing and MPLS//LISP" />
    <stc:property category="config" collectionType="vector" databaseType="DEFAULT" default="192.0.1.1/32/1/0" displayName="IP/Length/Count/Step" format="number" id="0x8D009004" idlMapped="true" ilMapped="true" isComposite="false" isDataStream="false" isDeprecated="false" isInternal="false" isReadOnly="false" maxOccurs="unbounded" minOccurs="0" name="DstEidIpAddr" noSave="false" nullable="false" onModifyNotifyMode="periodic" precision="" replaces="" type="string" />
    <stc:property category="config" collectionType="vector" databaseType="DEFAULT" default="0" displayName="Site List" format="number" id="0x8D009005" idlMapped="true" ilMapped="true" isComposite="false" isDataStream="false" isDeprecated="false" isInternal="false" isReadOnly="false" maxOccurs="unbounded" minOccurs="0" name="SiteList" noSave="false" nullable="false" onModifyNotifyMode="periodic" precision="" replaces="" type="handle" />
    <stc:property category="config" collectionType="vector" databaseType="DEFAULT" default="10.0.1.1" displayName="Source EID IPv4 Address" format="number" id="0x8D009006" idlMapped="true" ilMapped="true" isComposite="false" isDataStream="false" isDeprecated="false" isInternal="false" isReadOnly="false" maxOccurs="1" minOccurs="1" name="SrcEidIpv4Addr" noSave="false" nullable="false" onModifyNotifyMode="periodic" precision="" replaces="" type="ip" />
    <stc:property category="config" collectionType="vector" databaseType="DEFAULT" default="2000::1" displayName="Source EID IPv6 Address" format="number" id="0x8D009007" idlMapped="true" ilMapped="true" isComposite="false" isDataStream="false" isDeprecated="false" isInternal="false" isReadOnly="false" maxOccurs="1" minOccurs="1" name="SrcEidIpv6Addr" noSave="false" nullable="false" onModifyNotifyMode="periodic" precision="" replaces="" type="ipv6" />
  </stc:class>



  
  
  
  
  <stc:class baseClass="framework.Result" canCreate="true" id="0x8D00A000" idlMapped="na" ilMapped="na" isInternal="false" isReadOnly="false" isSingleton="false" name="LispStateSummary" noSave="false" profile="lisp">

    <stc:relation allowDuplicate="false" dstClassRef="LispStateSummary" dstName="none" embedDstInIlClass="false" embedSrcInIlClass="false" id="0x8D00A001" isInternal="false" maxOccurs="1" minOccurs="0" name="SummaryParentProject" order="sequenced" srcClassRef="framework.Project" srcName="none" type="framework.ParentChild" />
    <stc:relation allowDuplicate="false" dstClassRef="LispStateSummary" dstName="none" embedDstInIlClass="false" embedSrcInIlClass="false" id="0x8D00A002" isInternal="false" maxOccurs="1" minOccurs="0" name="ProjectSummaryResult" order="sequenced" srcClassRef="framework.Project" srcName="none" type="framework.ResultChild" />
    <stc:relation allowDuplicate="false" dstClassRef="LispStateSummary" dstName="none" embedDstInIlClass="false" embedSrcInIlClass="false" id="0x8D00A003" isInternal="false" maxOccurs="1" minOccurs="0" name="SummaryParentPort" order="sequenced" srcClassRef="core.Port" srcName="none" type="framework.ParentChild" />
    <stc:relation allowDuplicate="false" dstClassRef="LispStateSummary" dstName="none" embedDstInIlClass="false" embedSrcInIlClass="false" id="0x8D00A004" isInternal="false" maxOccurs="1" minOccurs="0" name="PortSummaryResult" order="sequenced" srcClassRef="core.Port" srcName="none" type="framework.ResultChild" />

    <stc:property category="result" collectionType="vector" databaseType="DEFAULT" default="0" displayName="Not Started Count" format="number" id="0x8D00A005" idlMapped="true" ilMapped="true" isComposite="false" isDataStream="false" isDeprecated="false" isInternal="false" isReadOnly="true" maxOccurs="1" minOccurs="1" name="NotStartedCount" noSave="true" nullable="false" onModifyNotifyMode="periodic" precision="" replaces="" type="u64">
    </stc:property>
    <stc:property category="result" collectionType="vector" databaseType="DEFAULT" default="0" displayName="Up Count" format="number" id="0x8D00A006" idlMapped="true" ilMapped="true" isComposite="false" isDataStream="false" isDeprecated="false" isInternal="false" isReadOnly="true" maxOccurs="1" minOccurs="1" name="UpCount" noSave="true" nullable="false" onModifyNotifyMode="periodic" precision="" replaces="" type="u64">
    </stc:property>
    <stc:property category="result" collectionType="vector" databaseType="DEFAULT" default="0" displayName="Down Count" format="number" id="0x8D00A007" idlMapped="true" ilMapped="true" isComposite="false" isDataStream="false" isDeprecated="false" isInternal="false" isReadOnly="true" maxOccurs="1" minOccurs="1" name="DownCount" noSave="true" nullable="false" onModifyNotifyMode="periodic" precision="" replaces="" type="u64">
    </stc:property>

  </stc:class>

  
  
  
  <stc:commandTarget command="LispShowLocalCacheCommand" default="0" target="LispRouterConfig" />
  <stc:commandTarget command="LispMappingRequestCommand" default="0" target="LispRouterConfig" />

</stc:meta>