<stc:meta xmlns:stc="urn:www.spirentcom.com:XMLSchema.xsd" id="0x9E000000" package="routing" plugin="msdp" version="0.0.0-0">

  
  <stc:relationType allowDuplicate="false" dstName="SaMulticastGroup" id="0x9E000001" name="SaMulticastGroup" saveAtSource="true" srcName="SourceActiveTLV" />
  
  
  <stc:idlDef idlDepends="" idlImplements="../../../../framework/idl/ifSetup_Autogen.idl" idlIncludes="../../../../framework/idl/result_Autogen.idl" idlName="msdp" idlVersion="1" isInterface="true" />

  
  
  
  <stc:class baseClass="core.ProtocolConfig" canCreate="true" displayName="MSDP" id="0x9E001000" idlMapped="msdp" ilMapped="root" isInternal="false" isReadOnly="false" isSingleton="false" name="MsdpProtocolConfig" noSave="false" profile="msdp">

    <stc:attribute id="0x9E001001" internalIsEnum="false" internalType="string" name="none" type="framework.EventMessageDefaultTypes" value="ProtocolDefaultEvents" />

    
    <stc:relation allowDuplicate="false" dstClassRef="MsdpProtocolConfig" dstName="none" embedDstInIlClass="false" embedSrcInIlClass="false" id="0x9E001002" isInternal="false" maxOccurs="1" minOccurs="0" name="ParentRouter" order="sequenced" srcClassRef="core.EmulatedDevice" srcName="none" type="framework.ParentChild" />

    <stc:enumeration idlMapped="true" ilMapped="true" isFlags="false" name="EnumMsdpBlockState">
      <stc:enum displayName="Disabled" idlMapped="true" ilMapped="true" name="DISABLED" value="0x00" />
      <stc:enum displayName="Inactive" idlMapped="true" ilMapped="true" name="INACTIVE" value="0x01" />
      <stc:enum displayName="Pending" idlMapped="true" ilMapped="true" name="PENDING" value="0x02" />
      <stc:enum displayName="Established" idlMapped="true" ilMapped="true" name="ESTABLISHED" value="0x03" />
    </stc:enumeration>

    <stc:enumeration idlMapped="true" ilMapped="true" isFlags="false" name="EnumMsdpSessionState">
      <stc:enum displayName="Disabled" idlMapped="true" ilMapped="true" name="DISABLED" value="0x00" />
      <stc:enum displayName="Inactive" idlMapped="true" ilMapped="true" name="INACTIVE" value="0x01" />
      <stc:enum displayName="Listen" idlMapped="true" ilMapped="true" name="LISTEN" value="0x02" />
      <stc:enum displayName="Connecting" idlMapped="true" ilMapped="true" name="CONNECTING" value="0x03" />
      <stc:enum displayName="Established" idlMapped="true" ilMapped="true" name="ESTABLISHED" value="0x04" />
    </stc:enumeration>

    <stc:enumeration idlMapped="true" ilMapped="true" isFlags="false" name="EnumMsdpSessionIpAddress">
      <stc:enum displayName="Interface IP" idlMapped="true" ilMapped="true" name="INTERFACE_IP" value="0x00" />
      <stc:enum displayName="Router ID" idlMapped="true" ilMapped="true" name="ROUTER_ID" value="0x01" />
    </stc:enumeration>

    <stc:enumeration idlMapped="true" ilMapped="true" isFlags="false" name="EnumMsdpAuthentication">
      <stc:enum displayName="None" idlMapped="true" ilMapped="true" name="NONE" value="0x00" />
      <stc:enum displayName="MD5" idlMapped="true" ilMapped="true" name="MD5" value="0x01" />
    </stc:enumeration>

    <stc:property category="config" collectionType="vector" databaseType="DEFAULT" default="0" displayName="Interface Handle List" format="number" id="0x9E001003" idlMapped="true" ilMapped="true" isComposite="false" isDataStream="false" isDeprecated="false" isInternal="true" isReadOnly="false" maxOccurs="unbounded" minOccurs="0" name="IfHandleList" noSave="false" nullable="false" onModifyNotifyMode="periodic" precision="" replaces="" type="u32" />

    <stc:property category="state" collectionType="vector" databaseType="DEFAULT" default="DISABLED" displayName="State" format="number" id="0x9E001004" idlMapped="false" ilMapped="false" isComposite="false" isDataStream="false" isDeprecated="false" isInternal="false" isReadOnly="true" maxOccurs="1" minOccurs="1" name="State" noSave="true" nullable="false" onModifyNotifyMode="queued" precision="" replaces="" type="u8">
      <stc:enumerationRef ref="EnumMsdpBlockState" />
    </stc:property>

    <stc:property category="config" collectionType="vector" databaseType="DEFAULT" default="null" displayName="Peer IPv4 Address" format="number" id="0x9E001005" idlMapped="true" ilMapped="true" isComposite="false" isDataStream="false" isDeprecated="false" isInternal="false" isReadOnly="false" maxOccurs="1" minOccurs="1" name="PeerIpv4Addr" noSave="false" nullable="true" onModifyNotifyMode="periodic" precision="" replaces="" type="ip">
    </stc:property>

    <stc:property category="config" collectionType="vector" databaseType="DEFAULT" default="0.0.0.1" displayName="Peer IPv4 Address Step" format="number" id="0x9E001006" idlMapped="true" ilMapped="true" isComposite="false" isDataStream="false" isDeprecated="false" isInternal="false" isReadOnly="false" maxOccurs="1" minOccurs="1" name="PeerIpv4AddrStep" noSave="false" nullable="false" onModifyNotifyMode="periodic" precision="" replaces="" type="ip">
    </stc:property>

    <stc:property category="config" collectionType="vector" databaseType="DEFAULT" default="INTERFACE_IP" displayName="Session IP Address" format="number" id="0x9E001007" idlMapped="true" ilMapped="true" isComposite="false" isDataStream="false" isDeprecated="false" isInternal="false" isReadOnly="false" maxOccurs="1" minOccurs="1" name="SessionIpAddress" noSave="false" nullable="false" onModifyNotifyMode="periodic" precision="" replaces="" type="u8">
      <stc:enumerationRef ref="EnumMsdpSessionIpAddress" />
    </stc:property>

    <stc:property category="config" collectionType="vector" databaseType="DEFAULT" default="60" displayName="Keep Alive Interval (s)" format="number" id="0x9E001008" idlMapped="true" ilMapped="true" isComposite="false" isDataStream="false" isDeprecated="false" isInternal="false" isReadOnly="false" maxOccurs="1" minOccurs="1" name="KeepAliveTimer" noSave="false" nullable="false" onModifyNotifyMode="periodic" precision="" replaces="" type="u8">
      <stc:numericValidation errorMsg="Please enter a valid number" maxInclusive="255" minInclusive="1" />
    </stc:property>

    <stc:property category="config" collectionType="vector" databaseType="DEFAULT" default="240" displayName="Hold Time Interval (s)" format="number" id="0x9E001009" idlMapped="true" ilMapped="true" isComposite="false" isDataStream="false" isDeprecated="false" isInternal="false" isReadOnly="false" maxOccurs="1" minOccurs="1" name="HoldTimer" noSave="false" nullable="false" onModifyNotifyMode="periodic" precision="" replaces="" type="u8">
      <stc:numericValidation errorMsg="Please enter a valid number" maxInclusive="255" minInclusive="3" />
    </stc:property>

    <stc:property category="config" collectionType="vector" databaseType="DEFAULT" default="NONE" displayName="Authentication" format="number" id="0x9E00100A" idlMapped="true" ilMapped="true" isComposite="false" isDataStream="false" isDeprecated="false" isInternal="false" isReadOnly="false" maxOccurs="1" minOccurs="1" name="Authentication" noSave="false" nullable="false" onModifyNotifyMode="periodic" precision="" replaces="" type="u8">
      <stc:enumerationRef ref="EnumMsdpAuthentication" />
    </stc:property>

    <stc:property category="config" collectionType="vector" databaseType="DEFAULT" default="Spirent" displayName="Password" format="number" id="0x9E00100B" idlMapped="true" ilMapped="true" isComposite="false" isDataStream="false" isDeprecated="false" isInternal="false" isReadOnly="false" maxOccurs="1" minOccurs="1" name="Password" noSave="false" nullable="false" onModifyNotifyMode="periodic" precision="" replaces="" type="string">
      <stc:condition operator="notEqual" property="Authentication" type="applicable" value="EnumMsdpAuthentication.None" />
    </stc:property>
  </stc:class>

  
  
  
  <stc:class baseClass="framework.Scriptable" canCreate="true" id="0x9E002000" idlMapped="msdp" ilMapped="root" isInternal="false" isReadOnly="false" isSingleton="false" name="MsdpGlobalConfig" noSave="false" profile="msdp">

    
    <stc:relation allowDuplicate="false" dstClassRef="MsdpGlobalConfig" dstName="none" embedDstInIlClass="false" embedSrcInIlClass="false" id="0x9E002001" isInternal="false" maxOccurs="1" minOccurs="1" name="ParentProject" order="sequenced" srcClassRef="framework.Project" srcName="none" type="framework.ParentChild" />

    <stc:property category="config" collectionType="vector" databaseType="DEFAULT" default="100" displayName="Maximum Outstanding Sessions" format="number" id="0x9E002002" idlMapped="true" ilMapped="true" isComposite="false" isDataStream="false" isDeprecated="false" isInternal="false" isReadOnly="false" maxOccurs="1" minOccurs="1" name="SessionOutstanding" noSave="false" nullable="false" onModifyNotifyMode="periodic" precision="" replaces="" type="u16">
      <stc:numericValidation errorMsg="Please enter a valid number" maxInclusive="65535" minInclusive="1" />
    </stc:property>

    <stc:property category="config" collectionType="vector" databaseType="DEFAULT" default="5" displayName="Session Retry Count" format="number" id="0x9E002003" idlMapped="true" ilMapped="true" isComposite="false" isDataStream="false" isDeprecated="false" isInternal="false" isReadOnly="false" maxOccurs="1" minOccurs="1" name="SessionRetryCount" noSave="false" nullable="false" onModifyNotifyMode="periodic" precision="" replaces="" type="u16">
    </stc:property>

    <stc:property category="config" collectionType="vector" databaseType="DEFAULT" default="10" displayName="Session Retry Interval (s)" format="number" id="0x9E002004" idlMapped="true" ilMapped="true" isComposite="false" isDataStream="false" isDeprecated="false" isInternal="false" isReadOnly="false" maxOccurs="1" minOccurs="1" name="SessionRetryInterval" noSave="false" nullable="false" onModifyNotifyMode="periodic" precision="" replaces="" type="u16">
      <stc:numericValidation errorMsg="Please enter a valid number" maxInclusive="300" minInclusive="1" />
    </stc:property>

    <stc:property category="config" collectionType="vector" databaseType="DEFAULT" default="60" displayName="SA Advertise Interval (s)" format="number" id="0x9E002005" idlMapped="true" ilMapped="true" isComposite="false" isDataStream="false" isDeprecated="false" isInternal="false" isReadOnly="false" maxOccurs="1" minOccurs="1" name="SourceActiveAdvertisementTimer" noSave="false" nullable="false" onModifyNotifyMode="periodic" precision="" replaces="" type="u8">
      <stc:numericValidation errorMsg="Please enter a valid number" maxInclusive="255" minInclusive="1" />
    </stc:property>
    
    <stc:property category="config" collectionType="vector" databaseType="DEFAULT" default="100" displayName="SA Cache Duration (s)" format="number" id="0x9E002006" idlMapped="true" ilMapped="true" isComposite="false" isDataStream="false" isDeprecated="false" isInternal="false" isReadOnly="false" maxOccurs="1" minOccurs="1" name="SourceActiveStateTimer" noSave="false" nullable="false" onModifyNotifyMode="periodic" precision="" replaces="" type="u8">
      <stc:numericValidation errorMsg="Please enter a valid number" maxInclusive="255" minInclusive="2" />
    </stc:property>

    <stc:property category="config" collectionType="vector" databaseType="DEFAULT" default="false" displayName="TCP Pack SA Tlvs Up to MTU" format="number" id="0x9E002007" idlMapped="true" ilMapped="true" isComposite="false" isDataStream="false" isDeprecated="false" isInternal="false" isReadOnly="false" maxOccurs="1" minOccurs="1" name="PacketAlignToMTU" noSave="false" nullable="false" onModifyNotifyMode="periodic" precision="" replaces="" type="bool">
    </stc:property>

    <stc:property category="config" collectionType="vector" databaseType="DEFAULT" default="false" displayName="ScaleMode" format="number" id="0x9E002008" idlMapped="true" ilMapped="true" isComposite="false" isDataStream="false" isDeprecated="false" isInternal="false" isReadOnly="false" maxOccurs="1" minOccurs="1" name="ScaleMode" noSave="false" nullable="false" onModifyNotifyMode="periodic" precision="" replaces="" type="bool">
    </stc:property>
  </stc:class>

  
  
  
  <stc:class baseClass="framework.Scriptable" canCreate="true" id="0x9E003000" idlMapped="msdp" ilMapped="root" isInternal="false" isReadOnly="false" isSingleton="false" name="MsdpSourceActiveTlvConfig" noSave="false" profile="msdp">

  
    <stc:relation allowDuplicate="false" dstClassRef="MsdpSourceActiveTlvConfig" dstName="none" embedDstInIlClass="false" embedSrcInIlClass="false" id="0x9E003001" isInternal="false" maxOccurs="unbounded" minOccurs="0" name="ChildOfMsdpProtocolConfig" order="sequenced" srcClassRef="MsdpProtocolConfig" srcName="none" type="framework.ParentChild" />
    
    <stc:relation allowDuplicate="false" dstClassRef="core.Ipv4NetworkBlock" dstName="none" embedDstInIlClass="false" embedSrcInIlClass="false" id="0x9E003002" isInternal="false" maxOccurs="1" minOccurs="1" name="ChildIpv4NetworkBlock" order="sequenced" srcClassRef="MsdpSourceActiveTlvConfig" srcName="none" type="framework.ParentChild" />

 
    <stc:relation allowDuplicate="false" dstClassRef="mcast.mcastcore.Ipv4Group" dstName="none" embedDstInIlClass="false" embedSrcInIlClass="false" id="0x9E003003" isInternal="false" maxOccurs="1" minOccurs="0" name="ChildMulticastGroup" order="sequenced" srcClassRef="MsdpSourceActiveTlvConfig" srcName="none" type="SaMulticastGroup" />
  
    <stc:enumeration idlMapped="true" ilMapped="true" isFlags="false" name="EnumGroupSourceMapping">
      <stc:enum displayName="Many-to-many" idlMapped="true" ilMapped="true" name="MANY_TO_MANY" value="0" />
      <stc:enum displayName="Round Robin" idlMapped="true" ilMapped="true" name="ROUND_ROBIN" value="1" />
    </stc:enumeration>

    <stc:property category="config" collectionType="vector" databaseType="DEFAULT" default="0.0.1.0" displayName="Starting Group Address Device Offset" format="number" id="0x9E003004" idlMapped="true" ilMapped="true" isComposite="false" isDataStream="false" isDeprecated="false" isInternal="false" isReadOnly="false" maxOccurs="1" minOccurs="1" name="GroupIpOffset" noSave="false" nullable="false" onModifyNotifyMode="periodic" precision="" replaces="" type="ip">
    </stc:property>

    <stc:property category="config" collectionType="vector" databaseType="DEFAULT" default="192.0.0.1" displayName="RP Address" format="number" id="0x9E003005" idlMapped="true" ilMapped="true" isComposite="false" isDataStream="false" isDeprecated="false" isInternal="false" isReadOnly="false" maxOccurs="1" minOccurs="1" name="RpIpv4Addr" noSave="false" nullable="false" onModifyNotifyMode="periodic" precision="" replaces="" type="ip">
    </stc:property>

    <stc:property category="config" collectionType="vector" databaseType="DEFAULT" default="0.0.0.1" displayName="RP Address Device Offset" format="number" id="0x9E003006" idlMapped="true" ilMapped="true" isComposite="false" isDataStream="false" isDeprecated="false" isInternal="false" isReadOnly="false" maxOccurs="1" minOccurs="1" name="RpIpv4AddrOffset" noSave="false" nullable="false" onModifyNotifyMode="periodic" precision="" replaces="" type="ip">
    </stc:property>

    <stc:property category="config" collectionType="vector" databaseType="DEFAULT" default="false" displayName="Custom Source Address List" format="number" id="0x9E003007" idlMapped="true" ilMapped="true" isComposite="false" isDataStream="false" isDeprecated="false" isInternal="false" isReadOnly="false" maxOccurs="1" minOccurs="1" name="IsSourceList" noSave="false" nullable="false" onModifyNotifyMode="periodic" precision="" replaces="" type="bool">
    </stc:property>
   
    <stc:property category="config" collectionType="vector" databaseType="DEFAULT" default="MANY_TO_MANY" displayName="Group-Source Mapping" format="number" id="0x9E003008" idlMapped="true" ilMapped="true" isComposite="false" isDataStream="false" isDeprecated="false" isInternal="false" isReadOnly="false" maxOccurs="1" minOccurs="1" name="GroupSourceMapping" noSave="false" nullable="false" onModifyNotifyMode="periodic" precision="" replaces="" type="u8">
      <stc:enumerationRef ref="EnumGroupSourceMapping" />
    </stc:property>

  </stc:class>

  
  
  
  <stc:class baseClass="framework.Result" canCreate="true" displayName="MsdpPortResults" id="0x9E004000" idlMapped="msdp" ilMapped="root" isInternal="false" isReadOnly="false" isSingleton="false" name="MsdpPortResults" noSave="false" profile="msdp">

    
    <stc:relation allowDuplicate="false" dstClassRef="MsdpPortResults" dstName="none" embedDstInIlClass="false" embedSrcInIlClass="false" id="0x9E004001" isInternal="false" maxOccurs="unbounded" minOccurs="0" name="ParentPort" order="sequenced" srcClassRef="core.Port" srcName="none" type="framework.ParentChild" />

    <stc:relation allowDuplicate="false" dstClassRef="MsdpPortResults" dstName="none" embedDstInIlClass="false" embedSrcInIlClass="false" id="0x9E004002" isInternal="false" maxOccurs="unbounded" minOccurs="0" name="ResultParentPort" order="sequenced" srcClassRef="core.Port" srcName="none" type="framework.ResultChild" />

    
    
    <stc:property category="result" collectionType="vector" databaseType="DEFAULT" default="0" displayName="Parent Protocol Config" format="number" id="0x9E004003" idlMapped="false" ilMapped="false" isComposite="false" isDataStream="false" isDeprecated="false" isInternal="true" isReadOnly="true" maxOccurs="1" minOccurs="1" name="ParentProtocolConfig" noSave="true" nullable="false" onModifyNotifyMode="periodic" precision="" replaces="" type="u32">
      <stc:attribute id="0x9E004009" internalIsEnum="false" internalType="bool" name="none" type="core.ResultPropertyMarkForEotSave" value="true" />
      <stc:attribute id="0x9E00400A" internalIsEnum="false" internalType="bool" name="none" type="core.ResultPropertyAddEotDbIndex" value="true" />
      <stc:attribute id="0x9E00400B" internalIsEnum="false" internalType="string" name="none" type="core.ResultPropertyIlCounterpartName" value="PrimaryHandle" />
    </stc:property>

    
    <stc:property category="result" collectionType="vector" databaseType="DEFAULT" default="0" displayName="Block Count" format="number" id="0x9E004004" idlMapped="true" ilMapped="true" isComposite="false" isDataStream="false" isDeprecated="false" isInternal="false" isReadOnly="true" maxOccurs="1" minOccurs="1" name="BlockCount" noSave="true" nullable="false" onModifyNotifyMode="periodic" precision="" replaces="" type="u32">
      <stc:attribute id="0x9E00400C" internalIsEnum="false" internalType="bool" name="none" type="core.ResultPropertyMarkForEotSave" value="true" />
      <stc:attribute id="0x9E00400D" internalIsEnum="false" internalType="bool" name="none" type="core.ResultPropertyIsDefaultForSubscription" value="true" />
    </stc:property>

    
    <stc:property category="result" collectionType="vector" databaseType="DEFAULT" default="0" displayName="Established Block Count" format="number" id="0x9E004005" idlMapped="true" ilMapped="true" isComposite="false" isDataStream="false" isDeprecated="false" isInternal="false" isReadOnly="true" maxOccurs="1" minOccurs="1" name="BlockEstablishedCount" noSave="true" nullable="false" onModifyNotifyMode="periodic" precision="" replaces="" type="u32">
      <stc:attribute id="0x9E00400E" internalIsEnum="false" internalType="bool" name="none" type="core.ResultPropertyMarkForEotSave" value="true" />
      <stc:attribute id="0x9E00400F" internalIsEnum="false" internalType="bool" name="none" type="core.ResultPropertyIsDefaultForSubscription" value="true" />
    </stc:property>

    
    <stc:property category="result" collectionType="vector" databaseType="DEFAULT" default="0" displayName="Pending Block Count" format="number" id="0x9E004006" idlMapped="true" ilMapped="true" isComposite="false" isDataStream="false" isDeprecated="false" isInternal="false" isReadOnly="true" maxOccurs="1" minOccurs="1" name="BlockPendingCount" noSave="true" nullable="false" onModifyNotifyMode="periodic" precision="" replaces="" type="u32">
      <stc:attribute id="0x9E004010" internalIsEnum="false" internalType="bool" name="none" type="core.ResultPropertyMarkForEotSave" value="true" />
      <stc:attribute id="0x9E004011" internalIsEnum="false" internalType="bool" name="none" type="core.ResultPropertyIsDefaultForSubscription" value="true" />
    </stc:property>

    
    <stc:property category="result" collectionType="vector" databaseType="DEFAULT" default="0" displayName="Inactive Block Count" format="number" id="0x9E004007" idlMapped="true" ilMapped="true" isComposite="false" isDataStream="false" isDeprecated="false" isInternal="false" isReadOnly="true" maxOccurs="1" minOccurs="1" name="BlockInactiveCount" noSave="true" nullable="false" onModifyNotifyMode="periodic" precision="" replaces="" type="u32">
      <stc:attribute id="0x9E004012" internalIsEnum="false" internalType="bool" name="none" type="core.ResultPropertyMarkForEotSave" value="true" />
      <stc:attribute id="0x9E004013" internalIsEnum="false" internalType="bool" name="none" type="core.ResultPropertyIsDefaultForSubscription" value="true" />
    </stc:property>
    
    
    <stc:property category="result" collectionType="vector" databaseType="DEFAULT" default="0" displayName="Disabled Block Count" format="number" id="0x9E004008" idlMapped="true" ilMapped="true" isComposite="false" isDataStream="false" isDeprecated="false" isInternal="false" isReadOnly="true" maxOccurs="1" minOccurs="1" name="BlockDisabledCount" noSave="true" nullable="false" onModifyNotifyMode="periodic" precision="" replaces="" type="u32">
      <stc:attribute id="0x9E004014" internalIsEnum="false" internalType="bool" name="none" type="core.ResultPropertyMarkForEotSave" value="true" />
      <stc:attribute id="0x9E004015" internalIsEnum="false" internalType="bool" name="none" type="core.ResultPropertyIsDefaultForSubscription" value="true" />
    </stc:property>

    <stc:ilProperty collectionType="vector" maxOccurs="1" minOccurs="1" name="PrimaryHandle" type="u32" />

  </stc:class>
  
  
  
  
  
  <stc:class baseClass="framework.Result" canCreate="true" displayName="MsdpDeviceBlockResults" id="0x9E005000" idlMapped="msdp" ilMapped="root" isInternal="false" isReadOnly="false" isSingleton="false" name="MsdpDeviceBlockResults" noSave="false" profile="msdp">

    
    <stc:relation allowDuplicate="false" dstClassRef="MsdpDeviceBlockResults" dstName="none" embedDstInIlClass="false" embedSrcInIlClass="false" id="0x9E005001" isInternal="false" maxOccurs="unbounded" minOccurs="0" name="ParentMsdpDevice" order="sequenced" srcClassRef="MsdpProtocolConfig" srcName="none" type="framework.ParentChild" />

    
    <stc:relation allowDuplicate="false" dstClassRef="MsdpDeviceBlockResults" dstName="none" embedDstInIlClass="false" embedSrcInIlClass="false" id="0x9E005002" isInternal="false" maxOccurs="unbounded" minOccurs="0" name="ResultParentMsdpDevice" order="sequenced" srcClassRef="MsdpProtocolConfig" srcName="none" type="framework.ResultChild" />

    
    
    <stc:property category="result" collectionType="vector" databaseType="DEFAULT" default="0" displayName="ParentConfigHandle" format="number" id="0x9E005003" idlMapped="false" ilMapped="false" isComposite="false" isDataStream="false" isDeprecated="false" isInternal="true" isReadOnly="true" maxOccurs="1" minOccurs="1" name="MsdpHandle" noSave="true" nullable="false" onModifyNotifyMode="periodic" precision="" replaces="" type="u32">
      <stc:attribute id="0x9E00500E" internalIsEnum="false" internalType="bool" name="none" type="core.ResultPropertyMarkForEotSave" value="true" />
      <stc:attribute id="0x9E00500F" internalIsEnum="false" internalType="bool" name="none" type="core.ResultPropertyAddEotDbIndex" value="true" />
      <stc:attribute id="0x9E005010" internalIsEnum="false" internalType="string" name="none" type="core.ResultPropertyIlCounterpartName" value="PrimaryHandle" />
      <stc:attribute id="0x9E005011" internalIsEnum="false" internalType="bool" name="none" type="core.ResultPropertyIsDefaultForSubscription" value="true" />
    </stc:property>

    
    <stc:property category="result" collectionType="vector" databaseType="DEFAULT" default="0" displayName="Session Count" format="number" id="0x9E005004" idlMapped="true" ilMapped="true" isComposite="false" isDataStream="false" isDeprecated="false" isInternal="false" isReadOnly="true" maxOccurs="1" minOccurs="1" name="SessionCount" noSave="true" nullable="false" onModifyNotifyMode="periodic" precision="" replaces="" type="u32">
      <stc:attribute id="0x9E005012" internalIsEnum="false" internalType="bool" name="none" type="core.ResultPropertyMarkForEotSave" value="true" />
      <stc:attribute id="0x9E005013" internalIsEnum="false" internalType="bool" name="none" type="core.ResultPropertyIsDefaultForSubscription" value="true" />
    </stc:property>

    
    <stc:property category="result" collectionType="vector" databaseType="DEFAULT" default="0" displayName="Established Session Count" format="number" id="0x9E005005" idlMapped="true" ilMapped="true" isComposite="false" isDataStream="false" isDeprecated="false" isInternal="false" isReadOnly="true" maxOccurs="1" minOccurs="1" name="SessionEstablishedCount" noSave="true" nullable="false" onModifyNotifyMode="periodic" precision="" replaces="" type="u32">
      <stc:attribute id="0x9E005014" internalIsEnum="false" internalType="bool" name="none" type="core.ResultPropertyMarkForEotSave" value="true" />
      <stc:attribute id="0x9E005015" internalIsEnum="false" internalType="bool" name="none" type="core.ResultPropertyIsDefaultForSubscription" value="true" />
    </stc:property>

    
    <stc:property category="result" collectionType="vector" databaseType="DEFAULT" default="0" displayName="Pending Session Count" format="number" id="0x9E005006" idlMapped="true" ilMapped="true" isComposite="false" isDataStream="false" isDeprecated="false" isInternal="false" isReadOnly="true" maxOccurs="1" minOccurs="1" name="SessionPendingCount" noSave="true" nullable="false" onModifyNotifyMode="periodic" precision="" replaces="" type="u32">
      <stc:attribute id="0x9E005016" internalIsEnum="false" internalType="bool" name="none" type="core.ResultPropertyMarkForEotSave" value="true" />
      <stc:attribute id="0x9E005017" internalIsEnum="false" internalType="bool" name="none" type="core.ResultPropertyIsDefaultForSubscription" value="true" />
    </stc:property>

    
    <stc:property category="result" collectionType="vector" databaseType="DEFAULT" default="0" displayName="Inactive Session Count" format="number" id="0x9E005007" idlMapped="true" ilMapped="true" isComposite="false" isDataStream="false" isDeprecated="false" isInternal="false" isReadOnly="true" maxOccurs="1" minOccurs="1" name="SessionInactiveCount" noSave="true" nullable="false" onModifyNotifyMode="periodic" precision="" replaces="" type="u32">
      <stc:attribute id="0x9E005018" internalIsEnum="false" internalType="bool" name="none" type="core.ResultPropertyMarkForEotSave" value="true" />
      <stc:attribute id="0x9E005019" internalIsEnum="false" internalType="bool" name="none" type="core.ResultPropertyIsDefaultForSubscription" value="true" />
    </stc:property>

    
    <stc:property category="result" collectionType="vector" databaseType="DEFAULT" default="0" displayName="Disabled Session Count" format="number" id="0x9E005008" idlMapped="true" ilMapped="true" isComposite="false" isDataStream="false" isDeprecated="false" isInternal="false" isReadOnly="true" maxOccurs="1" minOccurs="1" name="SessionDisabledCount" noSave="true" nullable="false" onModifyNotifyMode="periodic" precision="" replaces="" type="u32">
      <stc:attribute id="0x9E00501A" internalIsEnum="false" internalType="bool" name="none" type="core.ResultPropertyMarkForEotSave" value="true" />
      <stc:attribute id="0x9E00501B" internalIsEnum="false" internalType="bool" name="none" type="core.ResultPropertyIsDefaultForSubscription" value="true" />
    </stc:property>

    
    <stc:property category="result" collectionType="vector" databaseType="DEFAULT" default="0" displayName="TX KeepAlive Count" format="number" id="0x9E005009" idlMapped="true" ilMapped="true" isComposite="false" isDataStream="false" isDeprecated="false" isInternal="false" isReadOnly="true" maxOccurs="1" minOccurs="1" name="TxKeepAliveCount" noSave="true" nullable="false" onModifyNotifyMode="periodic" precision="" replaces="" type="u32">
      <stc:attribute id="0x9E00501C" internalIsEnum="false" internalType="bool" name="none" type="core.ResultPropertyMarkForEotSave" value="true" />
      <stc:attribute id="0x9E00501D" internalIsEnum="false" internalType="bool" name="none" type="core.ResultPropertyIsDefaultForSubscription" value="true" />
    </stc:property>

    
    <stc:property category="result" collectionType="vector" databaseType="DEFAULT" default="0" displayName="RX KeepAlive Count" format="number" id="0x9E00500A" idlMapped="true" ilMapped="true" isComposite="false" isDataStream="false" isDeprecated="false" isInternal="false" isReadOnly="true" maxOccurs="1" minOccurs="1" name="RxKeepAliveCount" noSave="true" nullable="false" onModifyNotifyMode="periodic" precision="" replaces="" type="u32">
      <stc:attribute id="0x9E00501E" internalIsEnum="false" internalType="bool" name="none" type="core.ResultPropertyMarkForEotSave" value="true" />
      <stc:attribute id="0x9E00501F" internalIsEnum="false" internalType="bool" name="none" type="core.ResultPropertyIsDefaultForSubscription" value="true" />
    </stc:property>

    
    <stc:property category="result" collectionType="vector" databaseType="DEFAULT" default="0" displayName="TX SA Count" format="number" id="0x9E00500B" idlMapped="true" ilMapped="true" isComposite="false" isDataStream="false" isDeprecated="false" isInternal="false" isReadOnly="true" maxOccurs="1" minOccurs="1" name="TxSAMessageCount" noSave="true" nullable="false" onModifyNotifyMode="periodic" precision="" replaces="" type="u32">
      <stc:attribute id="0x9E005020" internalIsEnum="false" internalType="bool" name="none" type="core.ResultPropertyMarkForEotSave" value="true" />
      <stc:attribute id="0x9E005021" internalIsEnum="false" internalType="bool" name="none" type="core.ResultPropertyIsDefaultForSubscription" value="true" />
    </stc:property>

    
    <stc:property category="result" collectionType="vector" databaseType="DEFAULT" default="0" displayName="RX SA Count" format="number" id="0x9E00500C" idlMapped="true" ilMapped="true" isComposite="false" isDataStream="false" isDeprecated="false" isInternal="false" isReadOnly="true" maxOccurs="1" minOccurs="1" name="RxSAMessageCount" noSave="true" nullable="false" onModifyNotifyMode="periodic" precision="" replaces="" type="u32">
      <stc:attribute id="0x9E005022" internalIsEnum="false" internalType="bool" name="none" type="core.ResultPropertyMarkForEotSave" value="true" />
      <stc:attribute id="0x9E005023" internalIsEnum="false" internalType="bool" name="none" type="core.ResultPropertyIsDefaultForSubscription" value="true" />
    </stc:property>

    
    <stc:property category="result" collectionType="vector" databaseType="DEFAULT" default="0" displayName="RxBlockSGCount" format="number" id="0x9E00500D" idlMapped="true" ilMapped="true" isComposite="false" isDataStream="false" isDeprecated="false" isInternal="false" isReadOnly="true" maxOccurs="1" minOccurs="1" name="BlockRxSGCount" noSave="true" nullable="false" onModifyNotifyMode="periodic" precision="" replaces="" type="u32">
      <stc:attribute id="0x9E005024" internalIsEnum="false" internalType="bool" name="none" type="core.ResultPropertyMarkForEotSave" value="true" />
      <stc:attribute id="0x9E005025" internalIsEnum="false" internalType="bool" name="none" type="core.ResultPropertyAddEotDbIndex" value="true" />
      <stc:attribute id="0x9E005026" internalIsEnum="false" internalType="bool" name="none" type="core.ResultPropertyIsDefaultForSubscription" value="true" />
    </stc:property>
    
    <stc:ilProperty collectionType="vector" maxOccurs="1" minOccurs="1" name="PrimaryHandle" type="u32" />
    <stc:ilProperty collectionType="vector" maxOccurs="1" minOccurs="1" name="State" type="u8" />

  </stc:class>
  
    
  
  
  
  <stc:class baseClass="framework.Result" canCreate="true" displayName="MsdpDeviceResults" id="0x9E006000" idlMapped="msdp" ilMapped="root" isInternal="false" isReadOnly="false" isSingleton="false" name="MsdpDeviceResults" noSave="false" profile="msdp">

    
    <stc:relation allowDuplicate="false" dstClassRef="MsdpDeviceResults" dstName="none" embedDstInIlClass="false" embedSrcInIlClass="false" id="0x9E006001" isInternal="false" maxOccurs="unbounded" minOccurs="0" name="ParentMsdpDevice" order="sequenced" srcClassRef="MsdpProtocolConfig" srcName="none" type="framework.ParentChild" />

    
    <stc:relation allowDuplicate="false" dstClassRef="MsdpDeviceResults" dstName="none" embedDstInIlClass="false" embedSrcInIlClass="false" id="0x9E006002" isInternal="false" maxOccurs="unbounded" minOccurs="0" name="ResultParentMsdpDevice" order="sequenced" srcClassRef="MsdpProtocolConfig" srcName="none" type="framework.ResultChild" />

    
    
    <stc:property category="result" collectionType="vector" databaseType="DEFAULT" default="0" displayName="ParentConfigHandle" format="number" id="0x9E006003" idlMapped="true" ilMapped="true" isComposite="false" isDataStream="false" isDeprecated="false" isInternal="true" isReadOnly="true" maxOccurs="1" minOccurs="1" name="PrimaryHandle" noSave="true" nullable="false" onModifyNotifyMode="periodic" precision="" replaces="" type="u32">
      <stc:attribute id="0x9E00600B" internalIsEnum="false" internalType="bool" name="none" type="core.ResultPropertyMarkForEotSave" value="true" />
      <stc:attribute id="0x9E00600C" internalIsEnum="false" internalType="bool" name="none" type="core.ResultPropertyAddEotDbIndex" value="true" />
      <stc:attribute id="0x9E00600D" internalIsEnum="false" internalType="bool" name="none" type="core.ResultPropertyIsDefaultForSubscription" value="true" />
      <stc:attribute id="0x9E00600E" internalIsEnum="false" internalType="string" name="none" type="core.ResultPropertyIlCounterpartName" value="PrimaryHandle" />
    </stc:property>

    
    <stc:property category="result" collectionType="vector" databaseType="DEFAULT" default="0" displayName="BlockId" format="number" id="0x9E006004" idlMapped="true" ilMapped="true" isComposite="false" isDataStream="false" isDeprecated="false" isInternal="true" isReadOnly="true" maxOccurs="1" minOccurs="1" name="BlockId" noSave="true" nullable="false" onModifyNotifyMode="periodic" precision="" replaces="" type="s32">
      <stc:attribute id="0x9E00600F" internalIsEnum="false" internalType="bool" name="none" type="core.ResultPropertyMarkForEotSave" value="true" />
      <stc:attribute id="0x9E006010" internalIsEnum="false" internalType="bool" name="none" type="core.ResultPropertyAddEotDbIndex" value="true" />
      <stc:attribute id="0x9E006011" internalIsEnum="false" internalType="bool" name="none" type="core.ResultPropertyIsDefaultForSubscription" value="true" />
    </stc:property>

    
    <stc:property category="result" collectionType="vector" databaseType="DEFAULT" default="" displayName="Local IP Address" format="number" id="0x9E006005" idlMapped="true" ilMapped="true" isComposite="false" isDataStream="false" isDeprecated="false" isInternal="false" isReadOnly="true" maxOccurs="1" minOccurs="1" name="LocalIpAddress" noSave="true" nullable="false" onModifyNotifyMode="periodic" precision="" replaces="" type="string">
      <stc:attribute id="0x9E006012" internalIsEnum="false" internalType="bool" name="none" type="core.ResultPropertyMarkForEotSave" value="true" />
      <stc:attribute id="0x9E006013" internalIsEnum="false" internalType="bool" name="none" type="core.ResultPropertyIsDefaultForSubscription" value="true" />
    </stc:property>

    
    <stc:property category="result" collectionType="vector" databaseType="DEFAULT" default="" displayName="Peer IP Address" format="number" id="0x9E006006" idlMapped="true" ilMapped="true" isComposite="false" isDataStream="false" isDeprecated="false" isInternal="false" isReadOnly="true" maxOccurs="1" minOccurs="1" name="PeerIpAddress" noSave="true" nullable="false" onModifyNotifyMode="periodic" precision="" replaces="" type="string">
      <stc:attribute id="0x9E006014" internalIsEnum="false" internalType="bool" name="none" type="core.ResultPropertyMarkForEotSave" value="true" />
      <stc:attribute id="0x9E006015" internalIsEnum="false" internalType="bool" name="none" type="core.ResultPropertyIsDefaultForSubscription" value="true" />
    </stc:property>
    
    
    <stc:property category="result" collectionType="vector" databaseType="DEFAULT" default="0" displayName="TX Keep Alive Count" format="number" id="0x9E006007" idlMapped="true" ilMapped="true" isComposite="false" isDataStream="false" isDeprecated="false" isInternal="false" isReadOnly="true" maxOccurs="1" minOccurs="1" name="TxKeepAliveCount" noSave="true" nullable="false" onModifyNotifyMode="periodic" precision="" replaces="" type="u32">
      <stc:attribute id="0x9E006016" internalIsEnum="false" internalType="bool" name="none" type="core.ResultPropertyMarkForEotSave" value="true" />
      <stc:attribute id="0x9E006017" internalIsEnum="false" internalType="bool" name="none" type="core.ResultPropertyIsDefaultForSubscription" value="true" />
    </stc:property>

    
    <stc:property category="result" collectionType="vector" databaseType="DEFAULT" default="0" displayName="RX Keep Alive Count" format="number" id="0x9E006008" idlMapped="true" ilMapped="true" isComposite="false" isDataStream="false" isDeprecated="false" isInternal="false" isReadOnly="true" maxOccurs="1" minOccurs="1" name="RxKeepAliveCount" noSave="true" nullable="false" onModifyNotifyMode="periodic" precision="" replaces="" type="u32">
      <stc:attribute id="0x9E006018" internalIsEnum="false" internalType="bool" name="none" type="core.ResultPropertyMarkForEotSave" value="true" />
      <stc:attribute id="0x9E006019" internalIsEnum="false" internalType="bool" name="none" type="core.ResultPropertyIsDefaultForSubscription" value="true" />
    </stc:property>

    
    <stc:property category="result" collectionType="vector" databaseType="DEFAULT" default="0" displayName="TX SA Count" format="number" id="0x9E006009" idlMapped="true" ilMapped="true" isComposite="false" isDataStream="false" isDeprecated="false" isInternal="false" isReadOnly="true" maxOccurs="1" minOccurs="1" name="TxSAMessageCount" noSave="true" nullable="false" onModifyNotifyMode="periodic" precision="" replaces="" type="u32">
      <stc:attribute id="0x9E00601A" internalIsEnum="false" internalType="bool" name="none" type="core.ResultPropertyMarkForEotSave" value="true" />
      <stc:attribute id="0x9E00601B" internalIsEnum="false" internalType="bool" name="none" type="core.ResultPropertyIsDefaultForSubscription" value="true" />
    </stc:property>

    
    <stc:property category="result" collectionType="vector" databaseType="DEFAULT" default="0" displayName="RX SA Count" format="number" id="0x9E00600A" idlMapped="true" ilMapped="true" isComposite="false" isDataStream="false" isDeprecated="false" isInternal="false" isReadOnly="true" maxOccurs="1" minOccurs="1" name="RxSAMessageCount" noSave="true" nullable="false" onModifyNotifyMode="periodic" precision="" replaces="" type="u32">
      <stc:attribute id="0x9E00601C" internalIsEnum="false" internalType="bool" name="none" type="core.ResultPropertyMarkForEotSave" value="true" />
      <stc:attribute id="0x9E00601D" internalIsEnum="false" internalType="bool" name="none" type="core.ResultPropertyIsDefaultForSubscription" value="true" />
    </stc:property>

    <stc:ilProperty collectionType="vector" maxOccurs="1" minOccurs="1" name="SecondaryHandle" type="u64" />
    <stc:ilProperty collectionType="vector" maxOccurs="1" minOccurs="1" name="State" type="u8" />

  </stc:class>

  
  
  
  <stc:class baseClass="framework.Result" canCreate="true" displayName="MsdpSourceActiveTlvResults" id="0x9E007000" idlMapped="msdp" ilMapped="root" isInternal="false" isReadOnly="false" isSingleton="false" name="MsdpSourceActiveTlvResults" noSave="false" profile="msdp">

    
    <stc:relation allowDuplicate="false" dstClassRef="MsdpSourceActiveTlvResults" dstName="none" embedDstInIlClass="false" embedSrcInIlClass="false" id="0x9E007001" isInternal="false" maxOccurs="unbounded" minOccurs="0" name="ParentMsdpDevice" order="sequenced" srcClassRef="MsdpProtocolConfig" srcName="none" type="framework.ParentChild" />

    
    <stc:relation allowDuplicate="false" dstClassRef="MsdpSourceActiveTlvResults" dstName="none" embedDstInIlClass="false" embedSrcInIlClass="false" id="0x9E007002" isInternal="false" maxOccurs="unbounded" minOccurs="0" name="ResultParentMsdpDevice" order="sequenced" srcClassRef="MsdpProtocolConfig" srcName="none" type="framework.ResultChild" />

    
    
    <stc:property category="result" collectionType="vector" databaseType="DEFAULT" default="0" displayName="ParentConfigHandle" format="number" id="0x9E007003" idlMapped="true" ilMapped="true" isComposite="false" isDataStream="false" isDeprecated="false" isInternal="false" isReadOnly="true" maxOccurs="1" minOccurs="1" name="PrimaryHandle" noSave="true" nullable="false" onModifyNotifyMode="periodic" precision="" replaces="" type="u32">
      <stc:attribute id="0x9E00700B" internalIsEnum="false" internalType="bool" name="none" type="core.ResultPropertyMarkForEotSave" value="true" />
      <stc:attribute id="0x9E00700C" internalIsEnum="false" internalType="bool" name="none" type="core.ResultPropertyAddEotDbIndex" value="true" />
      <stc:attribute id="0x9E00700D" internalIsEnum="false" internalType="bool" name="none" type="core.ResultPropertyIsDefaultForSubscription" value="true" />
      <stc:attribute id="0x9E00700E" internalIsEnum="false" internalType="string" name="none" type="core.ResultPropertyIlCounterpartName" value="PrimaryHandle" />
    </stc:property>

    
    <stc:property category="result" collectionType="vector" databaseType="DEFAULT" default="0" displayName="DeviceName" format="number" id="0x9E007004" idlMapped="true" ilMapped="true" isComposite="false" isDataStream="false" isDeprecated="false" isInternal="false" isReadOnly="true" maxOccurs="1" minOccurs="1" name="DeviceName" noSave="true" nullable="false" onModifyNotifyMode="periodic" precision="" replaces="" type="string">
      <stc:attribute id="0x9E00700F" internalIsEnum="false" internalType="bool" name="none" type="core.ResultPropertyMarkForEotSave" value="true" />
      <stc:attribute id="0x9E007010" internalIsEnum="false" internalType="bool" name="none" type="core.ResultPropertyAddEotDbIndex" value="true" />
      <stc:attribute id="0x9E007011" internalIsEnum="false" internalType="bool" name="none" type="core.ResultPropertyIsDefaultForSubscription" value="true" />
    </stc:property>

    
    <stc:property category="result" collectionType="vector" databaseType="DEFAULT" default="" displayName="SessionSrcAddress" format="number" id="0x9E007005" idlMapped="true" ilMapped="true" isComposite="false" isDataStream="false" isDeprecated="false" isInternal="false" isReadOnly="true" maxOccurs="1" minOccurs="1" name="SessionSrcAddress" noSave="true" nullable="false" onModifyNotifyMode="periodic" precision="" replaces="" type="string">
      <stc:attribute id="0x9E007012" internalIsEnum="false" internalType="bool" name="none" type="core.ResultPropertyMarkForEotSave" value="true" />
      <stc:attribute id="0x9E007013" internalIsEnum="false" internalType="bool" name="none" type="core.ResultPropertyAddEotDbIndex" value="true" />
      <stc:attribute id="0x9E007014" internalIsEnum="false" internalType="bool" name="none" type="core.ResultPropertyIsDefaultForSubscription" value="true" />
    </stc:property>

    
    <stc:property category="result" collectionType="vector" databaseType="DEFAULT" default="" displayName="SessionDstAddress" format="number" id="0x9E007006" idlMapped="true" ilMapped="true" isComposite="false" isDataStream="false" isDeprecated="false" isInternal="false" isReadOnly="true" maxOccurs="1" minOccurs="1" name="SessionDstAddress" noSave="true" nullable="false" onModifyNotifyMode="periodic" precision="" replaces="" type="string">
      <stc:attribute id="0x9E007015" internalIsEnum="false" internalType="bool" name="none" type="core.ResultPropertyMarkForEotSave" value="true" />
      <stc:attribute id="0x9E007016" internalIsEnum="false" internalType="bool" name="none" type="core.ResultPropertyAddEotDbIndex" value="true" />
      <stc:attribute id="0x9E007017" internalIsEnum="false" internalType="bool" name="none" type="core.ResultPropertyIsDefaultForSubscription" value="true" />
    </stc:property>

    
    <stc:property category="result" collectionType="vector" databaseType="DEFAULT" default="" displayName="InitiatedRPAddress" format="number" id="0x9E007007" idlMapped="true" ilMapped="true" isComposite="false" isDataStream="false" isDeprecated="false" isInternal="false" isReadOnly="true" maxOccurs="1" minOccurs="1" name="InitiatedRPAddress" noSave="true" nullable="false" onModifyNotifyMode="periodic" precision="" replaces="" type="string">
      <stc:attribute id="0x9E007018" internalIsEnum="false" internalType="bool" name="none" type="core.ResultPropertyMarkForEotSave" value="true" />
      <stc:attribute id="0x9E007019" internalIsEnum="false" internalType="bool" name="none" type="core.ResultPropertyAddEotDbIndex" value="true" />
      <stc:attribute id="0x9E00701A" internalIsEnum="false" internalType="bool" name="none" type="core.ResultPropertyIsDefaultForSubscription" value="true" />
    </stc:property>
  
    
    <stc:property category="result" collectionType="vector" databaseType="DEFAULT" default="" displayName="GroupAddress" format="number" id="0x9E007008" idlMapped="true" ilMapped="true" isComposite="false" isDataStream="false" isDeprecated="false" isInternal="false" isReadOnly="true" maxOccurs="1" minOccurs="1" name="GroupAddress" noSave="true" nullable="false" onModifyNotifyMode="periodic" precision="" replaces="" type="string">
      <stc:attribute id="0x9E00701B" internalIsEnum="false" internalType="bool" name="none" type="core.ResultPropertyMarkForEotSave" value="true" />
      <stc:attribute id="0x9E00701C" internalIsEnum="false" internalType="bool" name="none" type="core.ResultPropertyAddEotDbIndex" value="true" />
      <stc:attribute id="0x9E00701D" internalIsEnum="false" internalType="bool" name="none" type="core.ResultPropertyIsDefaultForSubscription" value="true" />
    </stc:property>

    
    <stc:property category="result" collectionType="vector" databaseType="DEFAULT" default="" displayName="SourceAddress" format="number" id="0x9E007009" idlMapped="true" ilMapped="true" isComposite="false" isDataStream="false" isDeprecated="false" isInternal="false" isReadOnly="true" maxOccurs="1" minOccurs="1" name="SourceAddress" noSave="true" nullable="false" onModifyNotifyMode="periodic" precision="" replaces="" type="string">
      <stc:attribute id="0x9E00701E" internalIsEnum="false" internalType="bool" name="none" type="core.ResultPropertyMarkForEotSave" value="true" />
      <stc:attribute id="0x9E00701F" internalIsEnum="false" internalType="bool" name="none" type="core.ResultPropertyAddEotDbIndex" value="true" />
      <stc:attribute id="0x9E007020" internalIsEnum="false" internalType="bool" name="none" type="core.ResultPropertyIsDefaultForSubscription" value="true" />
    </stc:property>

    
    <stc:property category="result" collectionType="vector" databaseType="DEFAULT" default="0" displayName="RXSGCount" format="number" id="0x9E00700A" idlMapped="true" ilMapped="true" isComposite="false" isDataStream="false" isDeprecated="false" isInternal="false" isReadOnly="true" maxOccurs="1" minOccurs="1" name="RxSGCount" noSave="true" nullable="false" onModifyNotifyMode="periodic" precision="" replaces="" type="u32">
      <stc:attribute id="0x9E007021" internalIsEnum="false" internalType="bool" name="none" type="core.ResultPropertyMarkForEotSave" value="true" />
      <stc:attribute id="0x9E007022" internalIsEnum="false" internalType="bool" name="none" type="core.ResultPropertyAddEotDbIndex" value="true" />
      <stc:attribute id="0x9E007023" internalIsEnum="false" internalType="bool" name="none" type="core.ResultPropertyIsDefaultForSubscription" value="true" />
    </stc:property>

    <stc:ilProperty collectionType="vector" maxOccurs="1" minOccurs="1" name="SecondaryHandle" type="u64" />
  
  </stc:class>
  
  
  
  
  <stc:class baseClass="framework.Command" canCreate="false" id="0x9E008000" idlMapped="na" ilMapped="na" isInternal="false" isReadOnly="false" isSingleton="false" name="MsdpCommand" noSave="false" profile="msdp">
    <stc:attribute id="0x9E008001" internalIsEnum="false" internalType="bool" name="none" type="core.RequireApplyToIL" value="true" />
    <stc:relation allowDuplicate="false" dstClassRef="MsdpCommand" dstName="none" embedDstInIlClass="false" embedSrcInIlClass="false" id="0x9E008002" isInternal="false" maxOccurs="unbounded" minOccurs="0" name="ParentChildCommand" order="sequenced" srcClassRef="framework.Project" srcName="none" type="framework.ParentChild" />
    <stc:property category="config" collectionType="vector" databaseType="DEFAULT" default="0" displayName="MSDP Session Handle List" format="number" id="0x9E008003" idlMapped="true" ilMapped="true" isComposite="false" isDataStream="false" isDeprecated="false" isInternal="false" isReadOnly="false" maxOccurs="unbounded" minOccurs="0" name="HandleList" noSave="false" nullable="false" onModifyNotifyMode="periodic" precision="" replaces="" type="handle" />
  </stc:class>

  
  <stc:class baseClass="MsdpCommand" canCreate="true" displayName="Start MSDP Sessions" id="0x9E009000" idlMapped="na" ilMapped="na" isInternal="false" isReadOnly="false" isSingleton="false" name="MsdpStartSessionsCommand" noSave="false" profile="msdp">

    <stc:attribute id="0x9E009001" internalIsEnum="false" internalType="bool" name="none" type="core.Sequenceable" value="true" />
    <stc:attribute id="0x9E009002" internalIsEnum="false" internalType="string" name="none" type="framework.CommandDescription" value="Start selected sessions" />
    <stc:attribute id="0x9E009003" internalIsEnum="false" internalType="string" name="none" type="framework.CommandCategory" value="Routing and MPLS//MSDP" />
  </stc:class>

  <stc:class baseClass="MsdpCommand" canCreate="true" displayName="Stop MSDP Sessions" id="0x9E00A000" idlMapped="na" ilMapped="na" isInternal="false" isReadOnly="false" isSingleton="false" name="MsdpStopSessionsCommand" noSave="false" profile="msdp">

    <stc:attribute id="0x9E00A001" internalIsEnum="false" internalType="bool" name="none" type="core.Sequenceable" value="true" />
    <stc:attribute id="0x9E00A002" internalIsEnum="false" internalType="string" name="none" type="framework.CommandDescription" value="Stop selected sessions" />
    <stc:attribute id="0x9E00A003" internalIsEnum="false" internalType="string" name="none" type="framework.CommandCategory" value="Routing and MPLS//MSDP" />
  </stc:class>

  
  <stc:class baseClass="MsdpCommand" canCreate="true" displayName="Establish MSDP Sessions" id="0x9E00B000" idlMapped="na" ilMapped="na" isInternal="false" isReadOnly="false" isSingleton="false" name="MsdpEstablishSessionsCommand" noSave="false" profile="msdp">

    <stc:attribute id="0x9E00B001" internalIsEnum="false" internalType="bool" name="none" type="core.Sequenceable" value="true" />
    <stc:attribute id="0x9E00B002" internalIsEnum="false" internalType="string" name="none" type="framework.CommandDescription" value="Establish selected sessions" />
    <stc:attribute id="0x9E00B003" internalIsEnum="false" internalType="string" name="none" type="framework.CommandCategory" value="Routing and MPLS//MSDP" />
  </stc:class>

  <stc:class baseClass="MsdpCommand" canCreate="true" displayName="Retry MSDP Sessions" id="0x9E00C000" idlMapped="na" ilMapped="na" isInternal="false" isReadOnly="false" isSingleton="false" name="MsdpRetrySessionsCommand" noSave="false" profile="msdp">

    
    <stc:attribute id="0x9E00C001" internalIsEnum="false" internalType="bool" name="none" type="core.Sequenceable" value="true" />
    <stc:attribute id="0x9E00C002" internalIsEnum="false" internalType="string" name="none" type="framework.CommandDescription" value="Retry selected sessions" />
    <stc:attribute id="0x9E00C003" internalIsEnum="false" internalType="string" name="none" type="framework.CommandCategory" value="Routing and MPLS//MSDP" />
  </stc:class>

  <stc:class baseClass="MsdpCommand" canCreate="true" displayName="Clear MSDP Statistics" id="0x9E00D000" idlMapped="na" ilMapped="na" isInternal="false" isReadOnly="false" isSingleton="false" name="MsdpClearStatsCommand" noSave="false" profile="msdp">

    <stc:attribute id="0x9E00D001" internalIsEnum="false" internalType="bool" name="none" type="core.Sequenceable" value="true" />
    <stc:attribute id="0x9E00D002" internalIsEnum="false" internalType="string" name="none" type="framework.CommandDescription" value="Clear statistics" />
    <stc:attribute id="0x9E00D003" internalIsEnum="false" internalType="string" name="none" type="framework.CommandCategory" value="Routing and MPLS//MSDP" />
  </stc:class>

  <stc:class baseClass="MsdpCommand" canCreate="true" displayName="Start Periodic SAs" id="0x9E00E000" idlMapped="na" ilMapped="na" isInternal="false" isReadOnly="false" isSingleton="false" name="MsdpStartPeriodicSaCommand" noSave="false" profile="msdp">

    <stc:attribute id="0x9E00E001" internalIsEnum="false" internalType="bool" name="none" type="core.Sequenceable" value="true" />
    <stc:attribute id="0x9E00E002" internalIsEnum="false" internalType="string" name="none" type="framework.CommandDescription" value="Start Periodic Source-Active" />
    <stc:attribute id="0x9E00E003" internalIsEnum="false" internalType="string" name="none" type="framework.CommandCategory" value="Routing and MPLS//MSDP" />
  </stc:class>

  <stc:class baseClass="MsdpCommand" canCreate="true" displayName="Stop Periodic SAs" id="0x9E00F000" idlMapped="na" ilMapped="na" isInternal="false" isReadOnly="false" isSingleton="false" name="MsdpStopPeriodicSaCommand" noSave="false" profile="msdp">

    <stc:attribute id="0x9E00F001" internalIsEnum="false" internalType="bool" name="none" type="core.Sequenceable" value="true" />
    <stc:attribute id="0x9E00F002" internalIsEnum="false" internalType="string" name="none" type="framework.CommandDescription" value="Stop Periodic Source-Active" />
    <stc:attribute id="0x9E00F003" internalIsEnum="false" internalType="string" name="none" type="framework.CommandCategory" value="Routing and MPLS//MSDP" />
  </stc:class>

  <stc:class baseClass="MsdpCommand" canCreate="true" displayName="Send SAs" id="0x9E010000" idlMapped="na" ilMapped="na" isInternal="false" isReadOnly="false" isSingleton="false" name="MsdpSendSaTlvCommand" noSave="false" profile="msdp">

    <stc:attribute id="0x9E010001" internalIsEnum="false" internalType="bool" name="none" type="core.Sequenceable" value="true" />
    <stc:attribute id="0x9E010002" internalIsEnum="false" internalType="string" name="none" type="framework.CommandDescription" value="Send Source-Active TLV" />
    <stc:attribute id="0x9E010003" internalIsEnum="false" internalType="string" name="none" type="framework.CommandCategory" value="Routing and MPLS//MSDP" />
  </stc:class>

  
  
  
  <stc:commandTarget command="MsdpStartSessionsCommand" default="0" target="MsdpProtocolConfig" />
  <stc:commandTarget command="MsdpStopSessionsCommand" default="0" target="MsdpProtocolConfig" />
  <stc:commandTarget command="MsdpEstablishSessionsCommand" default="0" target="MsdpProtocolConfig" />
  <stc:commandTarget command="MsdpRetrySessionsCommand" default="0" target="MsdpProtocolConfig" />
  <stc:commandTarget command="MsdpStartPeriodicSaCommand" default="0" target="MsdpProtocolConfig" />
  <stc:commandTarget command="MsdpStopPeriodicSaCommand" default="0" target="MsdpProtocolConfig" />
  <stc:commandTarget command="MsdpSendSaTlvCommand" default="0" target="MsdpProtocolConfig" />

  <stc:commandTarget command="MsdpSendSaTlvCommand" default="0" target="MsdpSourceActiveTlvConfig" />
</stc:meta>