<stc:meta xmlns:stc="urn:www.spirentcom.com:XMLSchema.xsd" id="0x08000000" package="sample" plugin="myproto" version="0.0.0-0">
  

  
  <stc:class baseClass="core.ProtocolConfig" canCreate="true" id="0x08001000" idlMapped="na" ilMapped="na" isInternal="false" isReadOnly="false" isSingleton="false" name="MyUserProtoConfig" noSave="false" profile="myproto">

    
    <stc:relation allowDuplicate="false" dstClassRef="MyUserProtoConfig" dstName="none" embedDstInIlClass="false" embedSrcInIlClass="false" id="0x08001001" isInternal="false" maxOccurs="unbounded" minOccurs="0" name="ParentRouter" order="sequenced" srcClassRef="core.Node" srcName="none" type="framework.ParentChild" />

    
    <stc:enumeration idlMapped="true" ilMapped="true" isFlags="false" name="EnumMyUserProtoState">
      <stc:enum displayName="None" idlMapped="true" ilMapped="true" name="NONE" value="0" />
      <stc:enum displayName="Idle" idlMapped="true" ilMapped="true" name="IDLE" value="1" />
      <stc:enum displayName="Established" idlMapped="true" ilMapped="true" name="ESTABLISHED" value="6" />
    </stc:enumeration>

    
    <stc:property category="config" collectionType="vector" databaseType="DEFAULT" default="30" displayName="Config Item (secs)" format="number" id="0x08001002" idlMapped="true" ilMapped="true" isComposite="false" isDataStream="false" isDeprecated="false" isInternal="false" isReadOnly="false" maxOccurs="1" minOccurs="1" name="ConfigItem" noSave="false" nullable="false" onModifyNotifyMode="periodic" precision="" replaces="" type="u16" />

    
    <stc:property category="config" collectionType="vector" databaseType="DEFAULT" default="0" displayName="Collection Config Item" format="number" id="0x08001003" idlMapped="true" ilMapped="true" isComposite="false" isDataStream="false" isDeprecated="false" isInternal="false" isReadOnly="false" maxOccurs="5" minOccurs="0" name="VectorConfigItem" noSave="false" nullable="false" onModifyNotifyMode="periodic" precision="" replaces="" type="handle" />

    
    <stc:property category="state" collectionType="vector" databaseType="DEFAULT" default="NONE" displayName="Proto State" format="number" id="0x08001004" idlMapped="true" ilMapped="true" isComposite="false" isDataStream="false" isDeprecated="false" isInternal="false" isReadOnly="true" maxOccurs="1" minOccurs="1" name="ProtoState" noSave="true" nullable="false" onModifyNotifyMode="queued" precision="" replaces="" type="u16">
      <stc:enumerationRef ref="EnumMyUserProtoState" />
    </stc:property>

  </stc:class>

  
  <stc:class baseClass="framework.Scriptable" canCreate="true" id="0x08002000" idlMapped="na" ilMapped="na" isInternal="false" isReadOnly="false" isSingleton="false" name="MyUserProtoChildConfig" noSave="false" profile="myproto">

    
    <stc:relation allowDuplicate="false" dstClassRef="MyUserProtoChildConfig" dstName="none" embedDstInIlClass="false" embedSrcInIlClass="false" id="0x08002001" isInternal="false" maxOccurs="unbounded" minOccurs="0" name="ParentRouter" order="sequenced" srcClassRef="MyUserProtoConfig" srcName="none" type="framework.ParentChild" />

    <stc:property category="config" collectionType="vector" databaseType="DEFAULT" default="5" displayName="Child Config Item" format="number" id="0x08002002" idlMapped="true" ilMapped="true" isComposite="false" isDataStream="false" isDeprecated="false" isInternal="false" isReadOnly="false" maxOccurs="1" minOccurs="1" name="ChildConfigItem" noSave="false" nullable="false" onModifyNotifyMode="periodic" precision="" replaces="" type="s32" />
    
  </stc:class>


  
  <stc:class baseClass="framework.Result" canCreate="true" id="0x08003000" idlMapped="na" ilMapped="na" isInternal="false" isReadOnly="false" isSingleton="false" name="MyUserProtoResult" noSave="false" profile="none">

    
    <stc:relation allowDuplicate="false" dstClassRef="MyUserProtoResult" dstName="none" embedDstInIlClass="false" embedSrcInIlClass="false" id="0x08003001" isInternal="false" maxOccurs="unbounded" minOccurs="0" name="ParentProto" order="sequenced" srcClassRef="MyUserProtoConfig" srcName="none" type="framework.ParentChild" />

    
    <stc:relation allowDuplicate="false" dstClassRef="MyUserProtoResult" dstName="none" embedDstInIlClass="false" embedSrcInIlClass="false" id="0x08003002" isInternal="false" maxOccurs="unbounded" minOccurs="0" name="ResultParentProto" order="sequenced" srcClassRef="MyUserProtoConfig" srcName="none" type="framework.ResultChild" />

    
    <stc:property category="result" collectionType="vector" databaseType="DEFAULT" default="0" displayName="Tx Count" format="number" id="0x08003003" idlMapped="true" ilMapped="true" isComposite="false" isDataStream="false" isDeprecated="false" isInternal="false" isReadOnly="true" maxOccurs="1" minOccurs="1" name="TxCount" noSave="true" nullable="false" onModifyNotifyMode="periodic" precision="" replaces="" type="u64" />

    <stc:property category="result" collectionType="vector" databaseType="DEFAULT" default="0" displayName="Rx Count" format="number" id="0x08003004" idlMapped="true" ilMapped="true" isComposite="false" isDataStream="false" isDeprecated="false" isInternal="false" isReadOnly="true" maxOccurs="1" minOccurs="1" name="RxCount" noSave="true" nullable="false" onModifyNotifyMode="periodic" precision="" replaces="" type="u64" />

  </stc:class>

  
  <stc:class baseClass="core.ProtocolConfig" canCreate="true" id="0x08004000" idlMapped="na" ilMapped="na" isInternal="false" isReadOnly="false" isSingleton="false" name="MyEnablerProtoConfig" noSave="false" profile="myproto">

    
    <stc:relation allowDuplicate="false" dstClassRef="MyEnablerProtoConfig" dstName="none" embedDstInIlClass="false" embedSrcInIlClass="false" id="0x08004001" isInternal="false" maxOccurs="unbounded" minOccurs="0" name="ParentRouter" order="sequenced" srcClassRef="core.Router" srcName="none" type="framework.ParentChild" />

    <stc:enumeration idlMapped="true" ilMapped="true" isFlags="false" name="EnumMyEnablerProtoState">
      <stc:enum displayName="None" idlMapped="true" ilMapped="true" name="NONE" value="0" />
      <stc:enum displayName="Idle" idlMapped="true" ilMapped="true" name="IDLE" value="1" />
      <stc:enum displayName="Established" idlMapped="true" ilMapped="true" name="ESTABLISHED" value="6" />
    </stc:enumeration>

    <stc:property category="config" collectionType="vector" databaseType="DEFAULT" default="30" displayName="Config Item (secs)" format="number" id="0x08004002" idlMapped="true" ilMapped="true" isComposite="false" isDataStream="false" isDeprecated="false" isInternal="false" isReadOnly="false" maxOccurs="1" minOccurs="1" name="ConfigItem" noSave="false" nullable="false" onModifyNotifyMode="periodic" precision="" replaces="" type="u16" />

    
    <stc:property category="state" collectionType="vector" databaseType="DEFAULT" default="NONE" displayName="Proto State" format="number" id="0x08004003" idlMapped="true" ilMapped="true" isComposite="false" isDataStream="false" isDeprecated="false" isInternal="false" isReadOnly="true" maxOccurs="1" minOccurs="1" name="ProtoState" noSave="true" nullable="false" onModifyNotifyMode="queued" precision="" replaces="" type="u16">
      <stc:enumerationRef ref="EnumMyEnablerProtoState" />
    </stc:property>

  </stc:class>

  
  <stc:class baseClass="core.NetworkInterface" canCreate="true" id="0x08005000" idlMapped="na" ilMapped="na" isInternal="false" isReadOnly="false" isSingleton="false" name="MyProtoIf" noSave="false" profile="none">

    <stc:property category="state" collectionType="vector" databaseType="DEFAULT" default="0" displayName="Session Id" format="number" id="0x08005001" idlMapped="true" ilMapped="true" isComposite="false" isDataStream="false" isDeprecated="false" isInternal="false" isReadOnly="true" maxOccurs="1" minOccurs="1" name="SessionId" noSave="true" nullable="false" onModifyNotifyMode="queued" precision="" replaces="" type="u32" />
    <stc:property category="state" collectionType="vector" databaseType="DEFAULT" default="0" displayName="Session Id List" format="number" id="0x08005002" idlMapped="true" ilMapped="true" isComposite="false" isDataStream="false" isDeprecated="false" isInternal="false" isReadOnly="true" maxOccurs="unbounded" minOccurs="0" name="SessionIdList" noSave="true" nullable="false" onModifyNotifyMode="queued" precision="" replaces="" type="u32" />
  </stc:class>

   
  <stc:class baseClass="core.ProtocolConfig" canCreate="true" id="0x08006000" idlMapped="na" ilMapped="na" isInternal="false" isReadOnly="false" isSingleton="false" name="MyProviderProtoConfig" noSave="false" profile="myproto">

    
    <stc:relation allowDuplicate="false" dstClassRef="MyProviderProtoConfig" dstName="none" embedDstInIlClass="false" embedSrcInIlClass="false" id="0x08006001" isInternal="false" maxOccurs="unbounded" minOccurs="0" name="ParentRouter" order="sequenced" srcClassRef="core.Router" srcName="none" type="framework.ParentChild" />

    <stc:enumeration idlMapped="true" ilMapped="true" isFlags="false" name="EnumMyProviderProtoState">
      <stc:enum displayName="None" idlMapped="true" ilMapped="true" name="NONE" value="0" />
      <stc:enum displayName="Idle" idlMapped="true" ilMapped="true" name="IDLE" value="1" />
      <stc:enum displayName="Established" idlMapped="true" ilMapped="true" name="ESTABLISHED" value="6" />
    </stc:enumeration>

    <stc:property category="config" collectionType="vector" databaseType="DEFAULT" default="30" displayName="Config Item (secs)" format="number" id="0x08006002" idlMapped="true" ilMapped="true" isComposite="false" isDataStream="false" isDeprecated="false" isInternal="false" isReadOnly="false" maxOccurs="1" minOccurs="1" name="ConfigItem" noSave="false" nullable="false" onModifyNotifyMode="periodic" precision="" replaces="" type="u16" />

    
    <stc:property category="state" collectionType="vector" databaseType="DEFAULT" default="NONE" displayName="Proto State" format="number" id="0x08006003" idlMapped="true" ilMapped="true" isComposite="false" isDataStream="false" isDeprecated="false" isInternal="false" isReadOnly="true" maxOccurs="1" minOccurs="1" name="ProtoState" noSave="true" nullable="false" onModifyNotifyMode="queued" precision="" replaces="" type="u16">
      <stc:enumerationRef ref="EnumMyProviderProtoState" />
    </stc:property>

  </stc:class>

  <stc:class baseClass="core.WaitOnScriptablesCommand" canCreate="true" id="0x08007000" idlMapped="na" ilMapped="na" isInternal="false" isReadOnly="false" isSingleton="false" name="MyProviderWaitOnConnectCommand" noSave="false" profile="none">
	<stc:attribute id="0x08007001" internalIsEnum="false" internalType="bool" name="none" type="core.Sequenceable" value="true" />
	<stc:attribute id="0x08007002" internalIsEnum="false" internalType="string" name="none" type="framework.CommandCategory" value="" />
	<stc:attribute id="0x08007003" internalIsEnum="false" internalType="string" name="none" type="framework.CommandDescription" value="Wait For sessions" /> 

        <stc:property category="config" collectionType="vector" databaseType="DEFAULT" default="ESTABLISHED" displayName="Connected State" format="number" id="0x08007004" idlMapped="true" ilMapped="true" isComposite="false" isDataStream="false" isDeprecated="false" isInternal="false" isReadOnly="false" maxOccurs="1" minOccurs="1" name="ConnectedState" noSave="false" nullable="false" onModifyNotifyMode="periodic" precision="" replaces="" type="u8">
        <stc:enumerationRef ref="MyProviderProtoConfig.EnumMyProviderProtoState" />
    </stc:property>

  </stc:class>
  
</stc:meta>