<stc:meta xmlns:stc="urn:www.spirentcom.com:XMLSchema.xsd" id="0x2F000000" package="routing" plugin="pbbwizard" version="0.0.0-0">
	
	
	
	

  
  <stc:relationType allowDuplicate="false" dstName="AffiliationFrameLengthDistribution" id="0x2F000001" name="ImixAffiliation" saveAtSource="true" srcName="PbbGenConfig" />

  
  
  <stc:class baseClass="framework.Scriptable" canCreate="true" id="0x2F001000" idlMapped="na" ilMapped="na" isInternal="false" isReadOnly="false" isSingleton="false" name="PbbGenConfig" noSave="false" profile="pbbwizard">

    
    <stc:relation allowDuplicate="false" dstClassRef="PbbGenConfig" dstName="none" embedDstInIlClass="false" embedSrcInIlClass="false" id="0x2F001001" isInternal="false" maxOccurs="2" minOccurs="0" name="ParentProject" order="sequenced" srcClassRef="framework.Project" srcName="none" type="framework.ParentChild" />

    
    
    
    <stc:enumeration idlMapped="true" ilMapped="true" isFlags="false" name="EnumTrafficFlow">
      <stc:enum displayName="Customer To Provider" idlMapped="true" ilMapped="true" name="CUSTOMER_TO_PROVIDER" value="0" />
      <stc:enum displayName="Provider To Customer" idlMapped="true" ilMapped="true" name="PROVIDER_TO_CUSTOMER" value="1" />
      <stc:enum displayName="Bi-Directional" idlMapped="true" ilMapped="true" name="BIDIRECTIONAL" value="2" />
    </stc:enumeration>

    <stc:enumeration idlMapped="true" ilMapped="true" isFlags="false" name="EnumFrameModeType">
      <stc:enum displayName="Fixed" idlMapped="true" ilMapped="true" name="FIXED" value="0" />
      <stc:enum displayName="Spirent iMIX" idlMapped="true" ilMapped="true" name="SPIRENT_IMIX" value="1" />
    </stc:enumeration>
    
    <stc:enumeration idlMapped="true" ilMapped="true" isFlags="false" name="EnumOpType">
      <stc:enum displayName="ITU-T" idlMapped="true" ilMapped="true" name="ITU_T" value="0" />
      <stc:enum displayName="IEEE" idlMapped="true" ilMapped="true" name="IEEE" value="1" />
    </stc:enumeration>

    <stc:enumeration idlMapped="true" ilMapped="true" isFlags="false" name="EnumDomainIdType">
      <stc:enum displayName="No Domain Name" idlMapped="true" ilMapped="true" name="NO_NAME" value="1" />
      <stc:enum displayName="DNS Like Name" idlMapped="true" ilMapped="true" name="DNS_LIKE" value="2" />
      <stc:enum displayName="MAC Address + 2 Octets" idlMapped="true" ilMapped="true" name="MAC_2_OCTETS" value="3" />
      <stc:enum displayName="Character String" idlMapped="true" ilMapped="true" name="STRING" value="4" />
    </stc:enumeration>

    <stc:enumeration idlMapped="true" ilMapped="true" isFlags="false" name="EnumMegIdType">
      <stc:enum displayName="Primary VID" idlMapped="true" ilMapped="true" name="PRIMARY_VID" value="1" />
      <stc:enum displayName="Character String" idlMapped="true" ilMapped="true" name="STRING" value="2" />
      <stc:enum displayName="2 Octets" idlMapped="true" ilMapped="true" name="INT_2_OCTETS" value="3" />
      <stc:enum displayName="RFC 2685 VPN ID" idlMapped="true" ilMapped="true" name="RFC_2685_VPN_ID" value="4" />
    </stc:enumeration>

    <stc:enumeration idlMapped="true" ilMapped="true" isFlags="false" name="EnumContChkPeriodValues">
      <stc:enum displayName="3.33 ms" idlMapped="true" ilMapped="true" name="CCPERIOD3MS" value="1" />
      <stc:enum displayName="10 ms" idlMapped="true" ilMapped="true" name="CCPERIOD10MS" value="2" />
      <stc:enum displayName="100 ms" idlMapped="true" ilMapped="true" name="CCPERIOD100MS" value="3" />
      <stc:enum displayName="1 s" idlMapped="true" ilMapped="true" name="CCPERIOD1S" value="4" />
      
    </stc:enumeration>
    
    
    
    <stc:property category="config" collectionType="vector" databaseType="DEFAULT" default="BIDIRECTIONAL" displayName="Traffic Flow" format="number" id="0x2F001002" idlMapped="true" ilMapped="true" isComposite="false" isDataStream="false" isDeprecated="false" isInternal="false" isReadOnly="false" maxOccurs="1" minOccurs="1" name="TrafficFlow" noSave="false" nullable="false" onModifyNotifyMode="periodic" precision="" replaces="" type="u8">
      <stc:enumerationRef ref="EnumTrafficFlow" />
    </stc:property>

    <stc:property category="config" collectionType="vector" databaseType="DEFAULT" default="10.0" displayName="Traffic Load % from Provider Ports" format="number" id="0x2F001003" idlMapped="true" ilMapped="true" isComposite="false" isDataStream="false" isDeprecated="false" isInternal="false" isReadOnly="false" maxOccurs="1" minOccurs="1" name="TrafficLoadPercentFromProvider" noSave="false" nullable="false" onModifyNotifyMode="periodic" precision="" replaces="" type="double">
      <stc:numericValidation errorMsg="Please enter a valid number" maxInclusive="100" minInclusive="0" />
    </stc:property>

    <stc:property category="config" collectionType="vector" databaseType="DEFAULT" default="10.0" displayName="Traffic Load % from Customer Ports" format="number" id="0x2F001004" idlMapped="true" ilMapped="true" isComposite="false" isDataStream="false" isDeprecated="false" isInternal="false" isReadOnly="false" maxOccurs="1" minOccurs="1" name="TrafficLoadPercentFromCustomer" noSave="false" nullable="false" onModifyNotifyMode="periodic" precision="" replaces="" type="double">
      <stc:numericValidation errorMsg="Please enter a valid number" maxInclusive="100" minInclusive="0" />
    </stc:property>

    

    <stc:property category="config" collectionType="vector" databaseType="DEFAULT" default="128" displayName="Frame Size" format="number" id="0x2F001005" idlMapped="true" ilMapped="true" isComposite="false" isDataStream="false" isDeprecated="false" isInternal="false" isReadOnly="false" maxOccurs="1" minOccurs="1" name="FrameSize" noSave="false" nullable="false" onModifyNotifyMode="periodic" precision="" replaces="" type="u16">
      
      <stc:numericValidation errorMsg="Please enter a valid number" maxInclusive="16383" minInclusive="64" />
    </stc:property>
    
    
    
    <stc:property category="config" collectionType="vector" databaseType="DEFAULT" default="true" displayName="Enable OAM Traffic" format="number" id="0x2F001006" idlMapped="true" ilMapped="true" isComposite="false" isDataStream="false" isDeprecated="false" isInternal="false" isReadOnly="false" maxOccurs="1" minOccurs="1" name="EnableOamTraffic" noSave="false" nullable="false" onModifyNotifyMode="periodic" precision="" replaces="" type="bool" />

    

    <stc:property category="config" collectionType="vector" databaseType="DEFAULT" default="CCPERIOD1S" displayName="CC Period" format="number" id="0x2F001007" idlMapped="true" ilMapped="true" isComposite="false" isDataStream="false" isDeprecated="false" isInternal="false" isReadOnly="false" maxOccurs="1" minOccurs="1" name="ContChkPeriod" noSave="false" nullable="false" onModifyNotifyMode="periodic" precision="" replaces="" type="u8">
      <stc:enumerationRef ref="EnumContChkPeriodValues" />
    </stc:property>

    
    <stc:property category="config" collectionType="vector" databaseType="DEFAULT" default="1" displayName="MD/ME Level" format="number" id="0x2F001008" idlMapped="true" ilMapped="true" isComposite="false" isDataStream="false" isDeprecated="false" isInternal="false" isReadOnly="false" maxOccurs="1" minOccurs="1" name="MeLevel" noSave="false" nullable="false" onModifyNotifyMode="periodic" precision="" replaces="" type="u8">
      <stc:numericValidation errorMsg="Please enter a valid number" maxInclusive="7" minInclusive="0" />
    </stc:property>
    
    
    <stc:property category="config" collectionType="vector" databaseType="DEFAULT" default="true" displayName="Use Domain ID" format="number" id="0x2F001009" idlMapped="true" ilMapped="true" isComposite="false" isDataStream="false" isDeprecated="false" isInternal="false" isReadOnly="false" maxOccurs="1" minOccurs="1" name="UseDomainId" noSave="false" nullable="false" onModifyNotifyMode="periodic" precision="" replaces="" type="bool" />
    
    <stc:property category="config" collectionType="vector" databaseType="DEFAULT" default="Domain" displayName="Domain ID" format="number" id="0x2F00100A" idlMapped="true" ilMapped="true" isComposite="false" isDataStream="false" isDeprecated="false" isInternal="false" isReadOnly="false" maxOccurs="1" minOccurs="1" name="DomainId" noSave="false" nullable="false" onModifyNotifyMode="periodic" precision="" replaces="" type="string">
      <stc:condition operator="equal" property="UseDomainId" type="applicable" value="true" />
      <stc:stringValidation errorMsg="Please enter a valid string" excludePattern="" maxLength="43" minLength="1" />  
    </stc:property>
    
    

    
    <stc:property category="config" collectionType="vector" databaseType="DEFAULT" default="MA" displayName="MA ID" format="number" id="0x2F00100B" idlMapped="true" ilMapped="true" isComposite="false" isDataStream="false" isDeprecated="false" isInternal="false" isReadOnly="false" maxOccurs="1" minOccurs="1" name="MaId" noSave="false" nullable="false" onModifyNotifyMode="periodic" precision="" replaces="" type="string">
      <stc:stringValidation errorMsg="Please enter a valid string" excludePattern="" maxLength="43" minLength="1" />
    </stc:property>
    
    

    
    <stc:property category="config" collectionType="vector" databaseType="DEFAULT" default="1" displayName="MEP ID" format="number" id="0x2F00100C" idlMapped="true" ilMapped="true" isComposite="false" isDataStream="false" isDeprecated="false" isInternal="false" isReadOnly="false" maxOccurs="1" minOccurs="1" name="MepId" noSave="false" nullable="false" onModifyNotifyMode="periodic" precision="" replaces="" type="u16">
      <stc:numericValidation errorMsg="Please enter a valid number" maxInclusive="8191" minInclusive="1" />
    </stc:property>
    
    
  </stc:class>

  
  
  <stc:class baseClass="framework.Scriptable" canCreate="false" id="0x2F002000" idlMapped="na" ilMapped="na" isInternal="false" isReadOnly="false" isSingleton="false" name="PbbGenPortConfig" noSave="false" profile="pbbwizard">

    
    <stc:relation allowDuplicate="false" dstClassRef="PbbGenPortConfig" dstName="none" embedDstInIlClass="false" embedSrcInIlClass="false" id="0x2F002001" isInternal="false" maxOccurs="unbounded" minOccurs="0" name="Parent" order="sequenced" srcClassRef="PbbGenConfig" srcName="none" type="framework.ParentChild" />
    
    <stc:relation allowDuplicate="false" dstClassRef="core.Port" dstName="AffiliatedPort" embedDstInIlClass="false" embedSrcInIlClass="false" id="0x2F002002" isInternal="false" maxOccurs="1" minOccurs="0" name="AffiliationPort" order="sequenced" srcClassRef="PbbGenPortConfig" srcName="AffiliatedPortSource" type="core.AffiliationPort" />
  </stc:class>
  
  
  
  <stc:class baseClass="PbbGenPortConfig" canCreate="true" id="0x2F003000" idlMapped="na" ilMapped="na" isInternal="false" isReadOnly="false" isSingleton="false" name="PbbGenCustomerPortConfig" noSave="false" profile="pbbwizard">

    
    <stc:enumeration idlMapped="true" ilMapped="true" isFlags="false" name="EnumInterfaceType">
      <stc:enum displayName="Port - C-Untagged" idlMapped="true" ilMapped="true" name="PORT_C_UNTAGGED" value="0" />
      <stc:enum displayName="Port - C-Tagged" idlMapped="true" ilMapped="true" name="PORT_C_TAGGED" value="1" />
      <stc:enum displayName="S-TAG - 1 to 1" idlMapped="true" ilMapped="true" name="S_TAG_1_TO_1" value="2" />
      <stc:enum displayName="S-TAG - N to 1" idlMapped="true" ilMapped="true" name="S_TAG_N_TO_1" value="3" />
      <stc:enum displayName="I-TAG" idlMapped="true" ilMapped="true" name="I_TAG" value="4" />
    </stc:enumeration>

    
    <stc:property category="config" collectionType="vector" databaseType="DEFAULT" default="PORT_C_UNTAGGED" displayName="Interface Type" format="number" id="0x2F003001" idlMapped="true" ilMapped="true" isComposite="false" isDataStream="false" isDeprecated="false" isInternal="false" isReadOnly="false" maxOccurs="1" minOccurs="1" name="InterfaceType" noSave="false" nullable="false" onModifyNotifyMode="periodic" precision="" replaces="" type="u8">
      <stc:enumerationRef ref="EnumInterfaceType" />
    </stc:property>

    <stc:property category="config" collectionType="vector" databaseType="DEFAULT" default="00-10-94-00-00-00" displayName="DUT MAC" format="number" id="0x2F003002" idlMapped="true" ilMapped="true" isComposite="false" isDataStream="false" isDeprecated="false" isInternal="false" isReadOnly="false" maxOccurs="1" minOccurs="1" name="DutMac" noSave="false" nullable="false" onModifyNotifyMode="periodic" precision="" replaces="" type="mac">
      <stc:condition operator="equal" property="InterfaceType" type="applicable" value="EnumInterfaceType.ITag" />
    </stc:property>
    
    <stc:property category="config" collectionType="vector" databaseType="DEFAULT" default="00-10-94-00-00-00" displayName="B MAC" format="number" id="0x2F003003" idlMapped="true" ilMapped="true" isComposite="false" isDataStream="false" isDeprecated="false" isInternal="false" isReadOnly="false" maxOccurs="1" minOccurs="1" name="BMac" noSave="false" nullable="false" onModifyNotifyMode="periodic" precision="" replaces="" type="mac">
      <stc:condition operator="equal" property="InterfaceType" type="applicable" value="EnumInterfaceType.ITag" />
    </stc:property>

    
    
    <stc:property category="config" collectionType="vector" databaseType="DEFAULT" default="1" displayName="# of I-TAGs" format="number" id="0x2F003004" idlMapped="true" ilMapped="true" isComposite="false" isDataStream="false" isDeprecated="false" isInternal="false" isReadOnly="false" maxOccurs="1" minOccurs="1" name="NumITags" noSave="false" nullable="false" onModifyNotifyMode="periodic" precision="" replaces="" type="u32">
      <stc:condition operator="notEqual" property="InterfaceType" type="applicable" value="EnumInterfaceType.PortCUntagged" />
      <stc:numericValidation errorMsg="Please enter a valid number" maxInclusive="16777216" minInclusive="1" />
    </stc:property>

    <stc:property category="config" collectionType="vector" databaseType="DEFAULT" default="1" displayName="I-SID Start" format="number" id="0x2F003005" idlMapped="true" ilMapped="true" isComposite="false" isDataStream="false" isDeprecated="false" isInternal="false" isReadOnly="false" maxOccurs="1" minOccurs="1" name="ISidStart" noSave="false" nullable="false" onModifyNotifyMode="periodic" precision="" replaces="" type="u32">
      <stc:condition operator="equal" property="InterfaceType" type="applicable" value="EnumInterfaceType.ITag" />
      <stc:numericValidation errorMsg="Please enter a valid number" maxInclusive="16777215" minInclusive="0" />
    </stc:property>

    <stc:property category="config" collectionType="vector" databaseType="DEFAULT" default="1" displayName="I-SID Step" format="number" id="0x2F003006" idlMapped="true" ilMapped="true" isComposite="false" isDataStream="false" isDeprecated="false" isInternal="false" isReadOnly="false" maxOccurs="1" minOccurs="1" name="ISidStep" noSave="false" nullable="false" onModifyNotifyMode="periodic" precision="" replaces="" type="u32">
      <stc:condition operator="equal" property="InterfaceType" type="applicable" value="EnumInterfaceType.ITag" />
      <stc:numericValidation errorMsg="Please enter a valid number" maxInclusive="16777215" minInclusive="0" />
    </stc:property>

    <stc:property category="config" collectionType="vector" databaseType="DEFAULT" default="false" displayName="Use Optional S-TAG" format="number" id="0x2F003007" idlMapped="true" ilMapped="true" isComposite="false" isDataStream="false" isDeprecated="false" isInternal="false" isReadOnly="false" maxOccurs="1" minOccurs="1" name="UseOptionalSTag" noSave="false" nullable="false" onModifyNotifyMode="periodic" precision="" replaces="" type="bool">
      <stc:condition operator="equal" property="InterfaceType" type="applicable" value="EnumInterfaceType.ITag" />
    </stc:property>

    <stc:property category="config" collectionType="vector" databaseType="DEFAULT" default="1" displayName="# of S-TAGs/I-TAG" format="number" id="0x2F003008" idlMapped="true" ilMapped="true" isComposite="false" isDataStream="false" isDeprecated="false" isInternal="false" isReadOnly="false" maxOccurs="1" minOccurs="1" name="NumSTagsPerITag" noSave="false" nullable="false" onModifyNotifyMode="periodic" precision="" replaces="" type="u16">
      <stc:condition operator="inSet" property="InterfaceType" type="applicable" value="EnumInterfaceType.STagNTo1, EnumInterfaceType.ITag" />
      <stc:numericValidation errorMsg="Please enter a valid number" maxInclusive="4096" minInclusive="1" />
    </stc:property>

    <stc:property category="config" collectionType="vector" databaseType="DEFAULT" default="1" displayName="S-VLAN Start" format="number" id="0x2F003009" idlMapped="true" ilMapped="true" isComposite="false" isDataStream="false" isDeprecated="false" isInternal="false" isReadOnly="false" maxOccurs="1" minOccurs="1" name="SVlanStart" noSave="false" nullable="false" onModifyNotifyMode="periodic" precision="" replaces="" type="u16">
      <stc:condition operator="notInSet" property="InterfaceType" type="applicable" value="EnumInterfaceType.PortCUntagged, EnumInterfaceType.PortCTagged" />
      <stc:numericValidation errorMsg="Please enter a valid number" maxInclusive="4095" minInclusive="0" />
    </stc:property>

    <stc:property category="config" collectionType="vector" databaseType="DEFAULT" default="1" displayName="S-VLAN Step" format="number" id="0x2F00300A" idlMapped="true" ilMapped="true" isComposite="false" isDataStream="false" isDeprecated="false" isInternal="false" isReadOnly="false" maxOccurs="1" minOccurs="1" name="SVlanStep" noSave="false" nullable="false" onModifyNotifyMode="periodic" precision="" replaces="" type="u16">
      <stc:condition operator="notInSet" property="InterfaceType" type="applicable" value="EnumInterfaceType.PortCUntagged, EnumInterfaceType.PortCTagged" />
      <stc:numericValidation errorMsg="Please enter a valid number" maxInclusive="4095" minInclusive="0" />
    </stc:property>

    <stc:property category="config" collectionType="vector" databaseType="DEFAULT" default="false" displayName="Use Optional C-TAG" format="number" id="0x2F00300B" idlMapped="true" ilMapped="true" isComposite="false" isDataStream="false" isDeprecated="false" isInternal="false" isReadOnly="false" maxOccurs="1" minOccurs="1" name="UseOptionalCTag" noSave="false" nullable="false" onModifyNotifyMode="periodic" precision="" replaces="" type="bool">
      <stc:condition operator="notInSet" property="InterfaceType" type="applicable" value="EnumInterfaceType.PortCUntagged, EnumInterfaceType.PortCTagged" />
    </stc:property>

    <stc:property category="config" collectionType="vector" databaseType="DEFAULT" default="1" displayName="# of C-TAGs/Service" format="number" id="0x2F00300C" idlMapped="true" ilMapped="true" isComposite="false" isDataStream="false" isDeprecated="false" isInternal="false" isReadOnly="false" maxOccurs="1" minOccurs="1" name="NumCTagsPerService" noSave="false" nullable="false" onModifyNotifyMode="periodic" precision="" replaces="" type="u16">
      <stc:condition operator="notEqual" property="InterfaceType" type="applicable" value="EnumInterfaceType.PortCUntagged" />
      <stc:numericValidation errorMsg="Please enter a valid number" maxInclusive="4096" minInclusive="1" />
    </stc:property>

    <stc:property category="config" collectionType="vector" databaseType="DEFAULT" default="1" displayName="C-VLAN Start" format="number" id="0x2F00300D" idlMapped="true" ilMapped="true" isComposite="false" isDataStream="false" isDeprecated="false" isInternal="false" isReadOnly="false" maxOccurs="1" minOccurs="1" name="CVlanStart" noSave="false" nullable="false" onModifyNotifyMode="periodic" precision="" replaces="" type="u16">
      <stc:condition operator="notEqual" property="InterfaceType" type="applicable" value="EnumInterfaceType.PortCUntagged" />
      <stc:numericValidation errorMsg="Please enter a valid number" maxInclusive="4095" minInclusive="0" />
    </stc:property>

    <stc:property category="config" collectionType="vector" databaseType="DEFAULT" default="1" displayName="C-VLAN Step" format="number" id="0x2F00300E" idlMapped="true" ilMapped="true" isComposite="false" isDataStream="false" isDeprecated="false" isInternal="false" isReadOnly="false" maxOccurs="1" minOccurs="1" name="CVlanStep" noSave="false" nullable="false" onModifyNotifyMode="periodic" precision="" replaces="" type="u16">
      <stc:condition operator="notEqual" property="InterfaceType" type="applicable" value="EnumInterfaceType.PortCUntagged" />
      <stc:numericValidation errorMsg="Please enter a valid number" maxInclusive="4095" minInclusive="0" />
    </stc:property>

    <stc:property category="config" collectionType="vector" databaseType="DEFAULT" default="00-10-94-00-00-00" displayName="C-SA MAC Start" format="number" id="0x2F00300F" idlMapped="true" ilMapped="true" isComposite="false" isDataStream="false" isDeprecated="false" isInternal="false" isReadOnly="false" maxOccurs="1" minOccurs="1" name="CSaMacStart" noSave="false" nullable="false" onModifyNotifyMode="periodic" precision="" replaces="" type="mac" />

    <stc:property category="config" collectionType="vector" databaseType="DEFAULT" default="00-00-00-00-00-01" displayName="C-SA MAC Step" format="number" id="0x2F003010" idlMapped="true" ilMapped="true" isComposite="false" isDataStream="false" isDeprecated="false" isInternal="false" isReadOnly="false" maxOccurs="1" minOccurs="1" name="CSaMacStep" noSave="false" nullable="false" onModifyNotifyMode="periodic" precision="" replaces="" type="mac">
      <stc:condition operator="notEqual" property="InterfaceType" type="applicable" value="EnumInterfaceType.PortCUntagged" />      
    </stc:property>

    <stc:property category="config" collectionType="vector" databaseType="DEFAULT" default="00-10-94-00-00-00" displayName="C-DA MAC Start" format="number" id="0x2F003011" idlMapped="true" ilMapped="true" isComposite="false" isDataStream="false" isDeprecated="false" isInternal="false" isReadOnly="false" maxOccurs="1" minOccurs="1" name="CDaMacStart" noSave="false" nullable="false" onModifyNotifyMode="periodic" precision="" replaces="" type="mac" />

    <stc:property category="config" collectionType="vector" databaseType="DEFAULT" default="00-00-00-00-00-01" displayName="C-DA MAC Step" format="number" id="0x2F003012" idlMapped="true" ilMapped="true" isComposite="false" isDataStream="false" isDeprecated="false" isInternal="false" isReadOnly="false" maxOccurs="1" minOccurs="1" name="CDaMacStep" noSave="false" nullable="false" onModifyNotifyMode="periodic" precision="" replaces="" type="mac">
      <stc:condition operator="notEqual" property="InterfaceType" type="applicable" value="EnumInterfaceType.PortCUntagged" />      
    </stc:property>
  </stc:class>

  
  
  <stc:class baseClass="PbbGenPortConfig" canCreate="true" id="0x2F004000" idlMapped="na" ilMapped="na" isInternal="false" isReadOnly="false" isSingleton="false" name="PbbGenProviderPortConfig" noSave="false" profile="pbbwizard">

    
    <stc:property category="config" collectionType="vector" databaseType="DEFAULT" default="00-10-94-00-00-00" displayName="DUT MAC" format="number" id="0x2F004001" idlMapped="true" ilMapped="true" isComposite="false" isDataStream="false" isDeprecated="false" isInternal="false" isReadOnly="false" maxOccurs="1" minOccurs="1" name="DutMac" noSave="false" nullable="false" onModifyNotifyMode="periodic" precision="" replaces="" type="mac" />

    <stc:property category="config" collectionType="vector" databaseType="DEFAULT" default="1" displayName="# of B-TAGs" format="number" id="0x2F004002" idlMapped="true" ilMapped="true" isComposite="false" isDataStream="false" isDeprecated="false" isInternal="false" isReadOnly="false" maxOccurs="1" minOccurs="1" name="NumBTags" noSave="false" nullable="false" onModifyNotifyMode="periodic" precision="" replaces="" type="u16">
      <stc:numericValidation errorMsg="Please enter a valid number" maxInclusive="4096" minInclusive="1" />
    </stc:property>

    <stc:property category="config" collectionType="vector" databaseType="DEFAULT" default="1" displayName="B-VLAN Start" format="number" id="0x2F004003" idlMapped="true" ilMapped="true" isComposite="false" isDataStream="false" isDeprecated="false" isInternal="false" isReadOnly="false" maxOccurs="1" minOccurs="1" name="BVlanStart" noSave="false" nullable="false" onModifyNotifyMode="periodic" precision="" replaces="" type="u16">
      <stc:numericValidation errorMsg="Please enter a valid number" maxInclusive="4095" minInclusive="0" />
    </stc:property>

    <stc:property category="config" collectionType="vector" databaseType="DEFAULT" default="1" displayName="B-VLAN Step" format="number" id="0x2F004004" idlMapped="true" ilMapped="true" isComposite="false" isDataStream="false" isDeprecated="false" isInternal="false" isReadOnly="false" maxOccurs="1" minOccurs="1" name="BVlanStep" noSave="false" nullable="false" onModifyNotifyMode="periodic" precision="" replaces="" type="u16">
      <stc:numericValidation errorMsg="Please enter a valid number" maxInclusive="4095" minInclusive="0" />
    </stc:property>

    <stc:property category="config" collectionType="vector" databaseType="DEFAULT" default="00-10-94-00-00-00" displayName="B MAC Start" format="number" id="0x2F004005" idlMapped="true" ilMapped="true" isComposite="false" isDataStream="false" isDeprecated="false" isInternal="false" isReadOnly="false" maxOccurs="1" minOccurs="1" name="BMacStart" noSave="false" nullable="false" onModifyNotifyMode="periodic" precision="" replaces="" type="mac" />

    <stc:property category="config" collectionType="vector" databaseType="DEFAULT" default="00-00-00-00-00-01" displayName="B MAC Step" format="number" id="0x2F004006" idlMapped="true" ilMapped="true" isComposite="false" isDataStream="false" isDeprecated="false" isInternal="false" isReadOnly="false" maxOccurs="1" minOccurs="1" name="BMacStep" noSave="false" nullable="false" onModifyNotifyMode="periodic" precision="" replaces="" type="mac" />

    <stc:property category="config" collectionType="vector" databaseType="DEFAULT" default="1" displayName="# of I-TAGs/B-TAG" format="number" id="0x2F004007" idlMapped="true" ilMapped="true" isComposite="false" isDataStream="false" isDeprecated="false" isInternal="false" isReadOnly="false" maxOccurs="1" minOccurs="1" name="NumITagsPerBTag" noSave="false" nullable="false" onModifyNotifyMode="periodic" precision="" replaces="" type="u32">
      <stc:numericValidation errorMsg="Please enter a valid number" maxInclusive="16777216" minInclusive="1" />
    </stc:property>

    <stc:property category="config" collectionType="vector" databaseType="DEFAULT" default="1" displayName="I-SID Start" format="number" id="0x2F004008" idlMapped="true" ilMapped="true" isComposite="false" isDataStream="false" isDeprecated="false" isInternal="false" isReadOnly="false" maxOccurs="1" minOccurs="1" name="ISidStart" noSave="false" nullable="false" onModifyNotifyMode="periodic" precision="" replaces="" type="u32">
      <stc:numericValidation errorMsg="Please enter a valid number" maxInclusive="16777215" minInclusive="0" />
    </stc:property>

    <stc:property category="config" collectionType="vector" databaseType="DEFAULT" default="1" displayName="I-SID Step" format="number" id="0x2F004009" idlMapped="true" ilMapped="true" isComposite="false" isDataStream="false" isDeprecated="false" isInternal="false" isReadOnly="false" maxOccurs="1" minOccurs="1" name="ISidStep" noSave="false" nullable="false" onModifyNotifyMode="periodic" precision="" replaces="" type="u32">
      <stc:numericValidation errorMsg="Please enter a valid number" maxInclusive="16777215" minInclusive="0" />
    </stc:property>

    <stc:property category="config" collectionType="vector" databaseType="DEFAULT" default="false" displayName="Use Optional S-TAG" format="number" id="0x2F00400A" idlMapped="true" ilMapped="true" isComposite="false" isDataStream="false" isDeprecated="false" isInternal="false" isReadOnly="false" maxOccurs="1" minOccurs="1" name="UseOptionalSTag" noSave="false" nullable="false" onModifyNotifyMode="periodic" precision="" replaces="" type="bool" />

    <stc:property category="config" collectionType="vector" databaseType="DEFAULT" default="1" displayName="# of S-TAGs/I-TAG" format="number" id="0x2F00400B" idlMapped="true" ilMapped="true" isComposite="false" isDataStream="false" isDeprecated="false" isInternal="false" isReadOnly="false" maxOccurs="1" minOccurs="1" name="NumSTagsPerITag" noSave="false" nullable="false" onModifyNotifyMode="periodic" precision="" replaces="" type="u16">
      <stc:condition operator="equal" property="UseOptionalSTag" type="applicable" value="true" />
      <stc:numericValidation errorMsg="Please enter a valid number" maxInclusive="4096" minInclusive="1" />
    </stc:property>

    <stc:property category="config" collectionType="vector" databaseType="DEFAULT" default="1" displayName="S-VLAN Start" format="number" id="0x2F00400C" idlMapped="true" ilMapped="true" isComposite="false" isDataStream="false" isDeprecated="false" isInternal="false" isReadOnly="false" maxOccurs="1" minOccurs="1" name="SVlanStart" noSave="false" nullable="false" onModifyNotifyMode="periodic" precision="" replaces="" type="u16">
      <stc:condition operator="equal" property="UseOptionalSTag" type="applicable" value="true" />
      <stc:numericValidation errorMsg="Please enter a valid number" maxInclusive="4095" minInclusive="0" />
    </stc:property>

    <stc:property category="config" collectionType="vector" databaseType="DEFAULT" default="1" displayName="S-VLAN Step" format="number" id="0x2F00400D" idlMapped="true" ilMapped="true" isComposite="false" isDataStream="false" isDeprecated="false" isInternal="false" isReadOnly="false" maxOccurs="1" minOccurs="1" name="SVlanStep" noSave="false" nullable="false" onModifyNotifyMode="periodic" precision="" replaces="" type="u16">
      <stc:condition operator="equal" property="UseOptionalSTag" type="applicable" value="true" />
      <stc:numericValidation errorMsg="Please enter a valid number" maxInclusive="4095" minInclusive="0" />
    </stc:property>

    <stc:property category="config" collectionType="vector" databaseType="DEFAULT" default="false" displayName="Use Optional C-TAG" format="number" id="0x2F00400E" idlMapped="true" ilMapped="true" isComposite="false" isDataStream="false" isDeprecated="false" isInternal="false" isReadOnly="false" maxOccurs="1" minOccurs="1" name="UseOptionalCTag" noSave="false" nullable="false" onModifyNotifyMode="periodic" precision="" replaces="" type="bool" />

    <stc:property category="config" collectionType="vector" databaseType="DEFAULT" default="1" displayName="# of C-TAGs/Service" format="number" id="0x2F00400F" idlMapped="true" ilMapped="true" isComposite="false" isDataStream="false" isDeprecated="false" isInternal="false" isReadOnly="false" maxOccurs="1" minOccurs="1" name="NumCTagsPerService" noSave="false" nullable="false" onModifyNotifyMode="periodic" precision="" replaces="" type="u16">
      <stc:condition operator="equal" property="UseOptionalCTag" type="applicable" value="true" />
      <stc:numericValidation errorMsg="Please enter a valid number" maxInclusive="4096" minInclusive="1" />
    </stc:property>

    <stc:property category="config" collectionType="vector" databaseType="DEFAULT" default="1" displayName="C-VLAN Start" format="number" id="0x2F004010" idlMapped="true" ilMapped="true" isComposite="false" isDataStream="false" isDeprecated="false" isInternal="false" isReadOnly="false" maxOccurs="1" minOccurs="1" name="CVlanStart" noSave="false" nullable="false" onModifyNotifyMode="periodic" precision="" replaces="" type="u16">
      <stc:condition operator="equal" property="UseOptionalCTag" type="applicable" value="true" />      
      <stc:numericValidation errorMsg="Please enter a valid number" maxInclusive="4095" minInclusive="0" />
    </stc:property>

    <stc:property category="config" collectionType="vector" databaseType="DEFAULT" default="1" displayName="C-VLAN Step" format="number" id="0x2F004011" idlMapped="true" ilMapped="true" isComposite="false" isDataStream="false" isDeprecated="false" isInternal="false" isReadOnly="false" maxOccurs="1" minOccurs="1" name="CVlanStep" noSave="false" nullable="false" onModifyNotifyMode="periodic" precision="" replaces="" type="u16">
      <stc:condition operator="equal" property="UseOptionalCTag" type="applicable" value="true" />      
      <stc:numericValidation errorMsg="Please enter a valid number" maxInclusive="4095" minInclusive="0" />
    </stc:property>    
    
    <stc:property category="config" collectionType="vector" databaseType="DEFAULT" default="00-10-94-00-00-00" displayName="C-SA MAC Start" format="number" id="0x2F004012" idlMapped="true" ilMapped="true" isComposite="false" isDataStream="false" isDeprecated="false" isInternal="false" isReadOnly="false" maxOccurs="1" minOccurs="1" name="CSaMacStart" noSave="false" nullable="false" onModifyNotifyMode="periodic" precision="" replaces="" type="mac" />

    <stc:property category="config" collectionType="vector" databaseType="DEFAULT" default="00-00-00-00-00-01" displayName="C-SA MAC Step" format="number" id="0x2F004013" idlMapped="true" ilMapped="true" isComposite="false" isDataStream="false" isDeprecated="false" isInternal="false" isReadOnly="false" maxOccurs="1" minOccurs="1" name="CSaMacStep" noSave="false" nullable="false" onModifyNotifyMode="periodic" precision="" replaces="" type="mac" />

    <stc:property category="config" collectionType="vector" databaseType="DEFAULT" default="00-10-94-00-00-00" displayName="C-DA MAC Start" format="number" id="0x2F004014" idlMapped="true" ilMapped="true" isComposite="false" isDataStream="false" isDeprecated="false" isInternal="false" isReadOnly="false" maxOccurs="1" minOccurs="1" name="CDaMacStart" noSave="false" nullable="false" onModifyNotifyMode="periodic" precision="" replaces="" type="mac" />

    <stc:property category="config" collectionType="vector" databaseType="DEFAULT" default="00-00-00-00-00-01" displayName="C-DA MAC Step" format="number" id="0x2F004015" idlMapped="true" ilMapped="true" isComposite="false" isDataStream="false" isDeprecated="false" isInternal="false" isReadOnly="false" maxOccurs="1" minOccurs="1" name="CDaMacStep" noSave="false" nullable="false" onModifyNotifyMode="periodic" precision="" replaces="" type="mac" />
  </stc:class>

  
  
  

  
  
  <stc:class baseClass="framework.Command" canCreate="false" id="0x2F005000" idlMapped="na" ilMapped="na" isInternal="false" isReadOnly="false" isSingleton="false" name="PbbGenCommand" noSave="false" profile="pbbwizard">
    
    
    <stc:property category="input" collectionType="vector" databaseType="DEFAULT" default="0" displayName="Handle of PbbGenConfig" format="number" id="0x2F005001" idlMapped="true" ilMapped="true" isComposite="false" isDataStream="false" isDeprecated="false" isInternal="false" isReadOnly="false" maxOccurs="1" minOccurs="1" name="GenConfig" noSave="false" nullable="false" onModifyNotifyMode="none" precision="" replaces="" type="handle" />
  </stc:class>
  
  
  
  
  
  <stc:class baseClass="PbbGenCommand" canCreate="true" id="0x2F006000" idlMapped="na" ilMapped="na" isInternal="false" isReadOnly="false" isSingleton="false" name="PbbGenUpdateAvailablePortsCommand" noSave="false" profile="pbbwizard">

    
    <stc:attribute id="0x2F006001" internalIsEnum="false" internalType="bool" name="none" type="core.Sequenceable" value="false" />
    <stc:attribute id="0x2F006002" internalIsEnum="false" internalType="bool" name="none" type="core.RequireApplyToIL" value="false" />    
    
    
    <stc:property category="config" collectionType="vector" databaseType="DEFAULT" default="false" displayName="Remove unused ports" format="number" id="0x2F006003" idlMapped="true" ilMapped="true" isComposite="false" isDataStream="false" isDeprecated="false" isInternal="false" isReadOnly="false" maxOccurs="1" minOccurs="1" name="RemoveUnusedPorts" noSave="false" nullable="false" onModifyNotifyMode="periodic" precision="" replaces="" type="bool" />
  </stc:class>

  
  
  <stc:class baseClass="PbbGenCommand" canCreate="true" id="0x2F007000" idlMapped="na" ilMapped="na" isInternal="false" isReadOnly="false" isSingleton="false" name="PbbGenConfigExpandCommand" noSave="false" profile="pbbwizard">

    
    <stc:attribute id="0x2F007001" internalIsEnum="false" internalType="bool" name="none" type="core.Sequenceable" value="false" />
    <stc:attribute id="0x2F007002" internalIsEnum="false" internalType="bool" name="none" type="core.RequireApplyToIL" value="false" />    
    
    
    <stc:enumeration idlMapped="true" ilMapped="true" isFlags="false" name="EnumYesNoPrompt">
      <stc:enum displayName="Prompt user" idlMapped="true" ilMapped="true" name="PROMPT" value="0" />
      <stc:enum displayName="Yes" idlMapped="true" ilMapped="true" name="YES" value="1" />
      <stc:enum displayName="No" idlMapped="true" ilMapped="true" name="NO" value="2" />
    </stc:enumeration>
    
    
    <stc:property category="config" collectionType="vector" databaseType="DEFAULT" default="PROMPT" displayName="Clear previous configuration" format="number" id="0x2F007003" idlMapped="true" ilMapped="true" isComposite="false" isDataStream="false" isDeprecated="false" isInternal="false" isReadOnly="false" maxOccurs="1" minOccurs="1" name="ClearPreviousConfig" noSave="false" nullable="false" onModifyNotifyMode="periodic" precision="" replaces="" type="u8">
      <stc:enumerationRef ref="EnumYesNoPrompt" />
    </stc:property>
  </stc:class>

  
  
  <stc:class baseClass="PbbGenCommand" canCreate="true" id="0x2F008000" idlMapped="na" ilMapped="na" isInternal="false" isReadOnly="false" isSingleton="false" name="PbbGenConfigPreviewCommand" noSave="false" profile="pbbwizard">

    
    <stc:attribute id="0x2F008001" internalIsEnum="false" internalType="bool" name="none" type="core.Sequenceable" value="false" />
    <stc:attribute id="0x2F008002" internalIsEnum="false" internalType="bool" name="none" type="core.RequireApplyToIL" value="false" />    
    
    
    <stc:property category="output" collectionType="vector" databaseType="DEFAULT" default="" displayName="Summary" format="number" id="0x2F008003" idlMapped="true" ilMapped="true" isComposite="false" isDataStream="false" isDeprecated="false" isInternal="false" isReadOnly="true" maxOccurs="1" minOccurs="1" name="PreviewDetails" noSave="true" nullable="false" onModifyNotifyMode="instant" precision="" replaces="" type="string" />
  </stc:class>
    
	
	
	
	<stc:commandTarget command="PbbGenConfigExpandCommand" default="true" target="PbbGenConfig" />
  <stc:commandTarget command="PbbGenConfigPreviewCommand" default="true" target="PbbGenConfig" />
  <stc:commandTarget command="PbbGenUpdateAvailablePortsCommand" default="true" target="PbbGenConfig" />
	
</stc:meta>