<stc:meta xmlns:stc="urn:www.spirentcom.com:XMLSchema.xsd" id="0x24000000" package="traffictests" plugin="qosfwd" version="0.0.0-0">

 

 
 <stc:relationType allowDuplicate="false" dstName="Observer" id="0x24000001" name="ObserverSource" saveAtSource="true" srcName="Source" />

 

 

 <stc:attributeType default="" id="0x24000002" name="MeasurementUnit" type="string" />

 

 <stc:attributeType default="0.0" id="0x24000003" name="MinAbsolute" type="double" />

 

 <stc:attributeType default="18446744073709551615.0" id="0x24000004" name="MaxAbsolute" type="double" />

 

 <stc:attributeType default="1.0" id="0x24000005" name="Resolution" type="double" />

 

 

 <stc:class baseClass="framework.Scriptable" canCreate="true" id="0x24001000" idlMapped="na" ilMapped="na" isInternal="false" isReadOnly="false" isSingleton="false" name="ServiceClass" noSave="false" profile="qosfwd">

  

  <stc:relation allowDuplicate="false" dstClassRef="ServiceClass" dstName="none" embedDstInIlClass="false" embedSrcInIlClass="false" id="0x24001001" isInternal="false" maxOccurs="unbounded" minOccurs="0" name="ParentProject" order="sequenced" srcClassRef="framework.Project" srcName="none" type="framework.ParentChild" />

  

  <stc:relation allowDuplicate="false" dstClassRef="traffic.l2l3.TrafficGroup" dstName="none" embedDstInIlClass="false" embedSrcInIlClass="false" id="0x24001002" isInternal="false" maxOccurs="unbounded" minOccurs="0" name="TargetServiceClass" order="sequenced" srcClassRef="ServiceClass" srcName="none" type="ObserverSource" />

  
  <stc:property category="internal" collectionType="vector" databaseType="DEFAULT" default="" displayName="SQL Query" format="number" id="0x24001003" idlMapped="true" ilMapped="true" isComposite="false" isDataStream="false" isDeprecated="false" isInternal="true" isReadOnly="false" maxOccurs="1" minOccurs="1" name="SqlQuery" noSave="false" nullable="false" onModifyNotifyMode="periodic" precision="" replaces="" type="string" />

 </stc:class>

 

 <stc:class baseClass="framework.Scriptable" canCreate="true" id="0x24002000" idlMapped="na" ilMapped="na" isInternal="false" isReadOnly="false" isSingleton="false" name="ServiceClassParameterThreshold" noSave="false" profile="qosfwd">

  

  <stc:relation allowDuplicate="false" dstClassRef="ServiceClassParameterThreshold" dstName="none" embedDstInIlClass="false" embedSrcInIlClass="false" id="0x24002001" isInternal="false" maxOccurs="unbounded" minOccurs="0" name="ParentServiceClass" order="sequenced" srcClassRef="ServiceClass" srcName="none" type="framework.ParentChild" />

  

  <stc:property category="config" collectionType="vector" databaseType="DEFAULT" default="" displayName="Parameter ID" format="number" id="0x24002002" idlMapped="true" ilMapped="true" isComposite="false" isDataStream="false" isDeprecated="false" isInternal="false" isReadOnly="false" maxOccurs="1" minOccurs="1" name="ParameterId" noSave="false" nullable="false" onModifyNotifyMode="periodic" precision="" replaces="" type="string" />

  

  <stc:property category="config" collectionType="vector" databaseType="DEFAULT" default="0.0" displayName="Minimum" format="number" id="0x24002003" idlMapped="true" ilMapped="true" isComposite="false" isDataStream="false" isDeprecated="false" isInternal="false" isReadOnly="false" maxOccurs="1" minOccurs="1" name="Min" noSave="false" nullable="false" onModifyNotifyMode="periodic" precision="" replaces="" type="double" />

  

  <stc:property category="config" collectionType="vector" databaseType="DEFAULT" default="1.0" displayName="Maximum" format="number" id="0x24002004" idlMapped="true" ilMapped="true" isComposite="false" isDataStream="false" isDeprecated="false" isInternal="false" isReadOnly="false" maxOccurs="1" minOccurs="1" name="Max" noSave="false" nullable="false" onModifyNotifyMode="periodic" precision="" replaces="" type="double" />

 </stc:class>

 

 <stc:class baseClass="framework.Scriptable" canCreate="true" id="0x24003000" idlMapped="na" ilMapped="na" isInternal="true" isReadOnly="false" isSingleton="false" name="ServiceClassEotResults" noSave="false" profile="qosfwd">

  

  <stc:property category="result" collectionType="vector" databaseType="DEFAULT" default="0" displayName="Frame Loss" format="number" id="0x24003001" idlMapped="true" ilMapped="true" isComposite="false" isDataStream="false" isDeprecated="false" isInternal="false" isReadOnly="true" maxOccurs="1" minOccurs="1" name="FrameLoss" noSave="true" nullable="false" onModifyNotifyMode="periodic" precision="" replaces="" type="u64">
   <stc:attribute id="0x24003011" internalIsEnum="false" internalType="bool" name="none" type="traffic.l2l3.IsInterarrivaltimeModeCounter" value="true" />
   <stc:attribute id="0x24003012" internalIsEnum="false" internalType="bool" name="none" type="traffic.l2l3.IsBasicModeCounter" value="true" />
   <stc:attribute id="0x24003013" internalIsEnum="false" internalType="bool" name="none" type="traffic.l2l3.IsHistogramModeCounter" value="true" />
   <stc:attribute id="0x24003014" internalIsEnum="false" internalType="bool" name="none" type="traffic.l2l3.IsForwardingModeCounter" value="true" />
   <stc:attribute id="0x24003015" internalIsEnum="false" internalType="bool" name="none" type="traffic.l2l3.IsLatencyJitterModeCounter" value="true" />
   <stc:attribute id="0x24003016" internalIsEnum="false" internalType="bool" name="none" type="traffic.l2l3.IsLatencyJitterRfc5481ModeCounter" value="true" />
   <stc:attribute id="0x24003017" internalIsEnum="false" internalType="string" name="none" type="MeasurementUnit" value="frames" />
   <stc:attribute id="0x24003018" internalIsEnum="false" internalType="double" name="none" type="MinAbsolute" value="0.0" />
   <stc:attribute id="0x24003019" internalIsEnum="false" internalType="double" name="none" type="MaxAbsolute" value="18446744073709551615.0" />
   <stc:attribute id="0x2400301A" internalIsEnum="false" internalType="double" name="none" type="Resolution" value="1.0" />
  </stc:property>

  

  <stc:property category="result" collectionType="vector" databaseType="DEFAULT" default="0" displayName="Max Latency" format="number" id="0x24003002" idlMapped="true" ilMapped="true" isComposite="false" isDataStream="false" isDeprecated="false" isInternal="false" isReadOnly="true" maxOccurs="1" minOccurs="1" name="MaxLatency" noSave="true" nullable="false" onModifyNotifyMode="periodic" precision="" replaces="" type="double">
   <stc:attribute id="0x2400301B" internalIsEnum="false" internalType="bool" name="none" type="traffic.l2l3.IsInterarrivaltimeModeCounter" value="true" />
   <stc:attribute id="0x2400301C" internalIsEnum="false" internalType="bool" name="none" type="traffic.l2l3.IsBasicModeCounter" value="true" />
   <stc:attribute id="0x2400301D" internalIsEnum="false" internalType="bool" name="none" type="traffic.l2l3.IsHistogramModeCounter" value="true" />
   <stc:attribute id="0x2400301E" internalIsEnum="false" internalType="bool" name="none" type="traffic.l2l3.IsJitterModeCounter" value="true" />
   <stc:attribute id="0x2400301F" internalIsEnum="false" internalType="bool" name="none" type="traffic.l2l3.IsLatencyJitterModeCounter" value="true" />
   <stc:attribute id="0x24003020" internalIsEnum="false" internalType="bool" name="none" type="traffic.l2l3.IsLatencyJitterRfc5481ModeCounter" value="true" />
   <stc:attribute id="0x24003021" internalIsEnum="false" internalType="string" name="none" type="MeasurementUnit" value="us" />
   <stc:attribute id="0x24003022" internalIsEnum="false" internalType="double" name="none" type="MinAbsolute" value="-5368709.12" />
   <stc:attribute id="0x24003023" internalIsEnum="false" internalType="double" name="none" type="MaxAbsolute" value="37580963.83" />
   <stc:attribute id="0x24003024" internalIsEnum="false" internalType="double" name="none" type="Resolution" value="0.01" />
  </stc:property>

  

  <stc:property category="result" collectionType="vector" databaseType="DEFAULT" default="0" displayName="Avg Latency" format="number" id="0x24003003" idlMapped="true" ilMapped="true" isComposite="false" isDataStream="false" isDeprecated="false" isInternal="false" isReadOnly="true" maxOccurs="1" minOccurs="1" name="AvgLatency" noSave="true" nullable="false" onModifyNotifyMode="periodic" precision="" replaces="" type="double">
   <stc:attribute id="0x24003025" internalIsEnum="false" internalType="bool" name="none" type="traffic.l2l3.IsBasicModeCounter" value="true" />
   <stc:attribute id="0x24003026" internalIsEnum="false" internalType="bool" name="none" type="traffic.l2l3.IsHistogramModeCounter" value="true" />
   <stc:attribute id="0x24003027" internalIsEnum="false" internalType="bool" name="none" type="traffic.l2l3.IsLatencyJitterModeCounter" value="true" />
   <stc:attribute id="0x24003028" internalIsEnum="false" internalType="bool" name="none" type="traffic.l2l3.IsLatencyJitterRfc5481ModeCounter" value="true" />
   <stc:attribute id="0x24003029" internalIsEnum="false" internalType="string" name="none" type="MeasurementUnit" value="us" />
   <stc:attribute id="0x2400302A" internalIsEnum="false" internalType="double" name="none" type="MinAbsolute" value="-5368709.12" />
   <stc:attribute id="0x2400302B" internalIsEnum="false" internalType="double" name="none" type="MaxAbsolute" value="37580963.83" />
   <stc:attribute id="0x2400302C" internalIsEnum="false" internalType="double" name="none" type="Resolution" value="0.01" />
  </stc:property>

  

  <stc:property category="result" collectionType="vector" databaseType="DEFAULT" default="0" displayName="Rx IPv4 Checksum Error Count" format="number" id="0x24003004" idlMapped="true" ilMapped="true" isComposite="false" isDataStream="false" isDeprecated="false" isInternal="false" isReadOnly="true" maxOccurs="1" minOccurs="1" name="Ipv4ChecksumErrorCount" noSave="true" nullable="false" onModifyNotifyMode="periodic" precision="" replaces="" type="u64">
   <stc:attribute id="0x2400302D" internalIsEnum="false" internalType="bool" name="none" type="traffic.l2l3.IsInterarrivaltimeModeCounter" value="true" />
   <stc:attribute id="0x2400302E" internalIsEnum="false" internalType="bool" name="none" type="traffic.l2l3.IsBasicModeCounter" value="true" />
   <stc:attribute id="0x2400302F" internalIsEnum="false" internalType="bool" name="none" type="traffic.l2l3.IsHistogramModeCounter" value="true" />
   <stc:attribute id="0x24003030" internalIsEnum="false" internalType="bool" name="none" type="traffic.l2l3.IsForwardingModeCounter" value="true" />
   <stc:attribute id="0x24003031" internalIsEnum="false" internalType="string" name="none" type="MeasurementUnit" value="frames" />
   <stc:attribute id="0x24003032" internalIsEnum="false" internalType="double" name="none" type="MinAbsolute" value="0.0" />
   <stc:attribute id="0x24003033" internalIsEnum="false" internalType="double" name="none" type="MaxAbsolute" value="18446744073709551615.0" />
   <stc:attribute id="0x24003034" internalIsEnum="false" internalType="double" name="none" type="Resolution" value="1.0" />
  </stc:property>

  

  <stc:property category="result" collectionType="vector" databaseType="DEFAULT" default="0" displayName="Rx TCP/UDP Checksum Error Count" format="number" id="0x24003005" idlMapped="true" ilMapped="true" isComposite="false" isDataStream="false" isDeprecated="false" isInternal="false" isReadOnly="true" maxOccurs="1" minOccurs="1" name="TcpUdpChecksumErrorCount" noSave="true" nullable="false" onModifyNotifyMode="periodic" precision="" replaces="" type="u64">
   <stc:attribute id="0x24003035" internalIsEnum="false" internalType="bool" name="none" type="traffic.l2l3.IsBasicModeCounter" value="true" />
   <stc:attribute id="0x24003036" internalIsEnum="false" internalType="bool" name="none" type="traffic.l2l3.IsHistogramModeCounter" value="true" />
   <stc:attribute id="0x24003037" internalIsEnum="false" internalType="string" name="none" type="MeasurementUnit" value="frames" />
   <stc:attribute id="0x24003038" internalIsEnum="false" internalType="double" name="none" type="MinAbsolute" value="0.0" />
   <stc:attribute id="0x24003039" internalIsEnum="false" internalType="double" name="none" type="MaxAbsolute" value="18446744073709551615.0" />
   <stc:attribute id="0x2400303A" internalIsEnum="false" internalType="double" name="none" type="Resolution" value="1.0" />
  </stc:property>

  

  <stc:property category="result" collectionType="vector" databaseType="DEFAULT" default="0" displayName="PRBS Bit Error Count" format="number" id="0x24003006" idlMapped="true" ilMapped="true" isComposite="false" isDataStream="false" isDeprecated="false" isInternal="false" isReadOnly="true" maxOccurs="1" minOccurs="1" name="PrbsBitErrorCount" noSave="true" nullable="false" onModifyNotifyMode="periodic" precision="" replaces="" type="u64">
   <stc:attribute id="0x2400303B" internalIsEnum="false" internalType="bool" name="none" type="traffic.l2l3.IsBasicModeCounter" value="true" />
   <stc:attribute id="0x2400303C" internalIsEnum="false" internalType="bool" name="none" type="traffic.l2l3.IsHistogramModeCounter" value="true" />
   <stc:attribute id="0x2400303D" internalIsEnum="false" internalType="bool" name="none" type="traffic.l2l3.IsForwardingModeCounter" value="true" />
   <stc:attribute id="0x2400303E" internalIsEnum="false" internalType="string" name="none" type="MeasurementUnit" value="frames" />
   <stc:attribute id="0x2400303F" internalIsEnum="false" internalType="double" name="none" type="MinAbsolute" value="0.0" />
   <stc:attribute id="0x24003040" internalIsEnum="false" internalType="double" name="none" type="MaxAbsolute" value="18446744073709551615.0" />
   <stc:attribute id="0x24003041" internalIsEnum="false" internalType="double" name="none" type="Resolution" value="1.0" />
  </stc:property>

  

  <stc:property category="result" collectionType="vector" databaseType="DEFAULT" default="0" displayName="Rx FCS Error Frame Count" format="number" id="0x24003007" idlMapped="true" ilMapped="true" isComposite="false" isDataStream="false" isDeprecated="false" isInternal="false" isReadOnly="true" maxOccurs="1" minOccurs="1" name="FcsErrorFrameCount" noSave="true" nullable="false" onModifyNotifyMode="periodic" precision="" replaces="" type="u64">
   <stc:attribute id="0x24003042" internalIsEnum="false" internalType="bool" name="none" type="traffic.l2l3.IsBasicModeCounter" value="true" />
   <stc:attribute id="0x24003043" internalIsEnum="false" internalType="bool" name="none" type="traffic.l2l3.IsHistogramModeCounter" value="true" />
   <stc:attribute id="0x24003044" internalIsEnum="false" internalType="string" name="none" type="MeasurementUnit" value="frames" />
   <stc:attribute id="0x24003045" internalIsEnum="false" internalType="double" name="none" type="MinAbsolute" value="0.0" />
   <stc:attribute id="0x24003046" internalIsEnum="false" internalType="double" name="none" type="MaxAbsolute" value="18446744073709551615.0" />
   <stc:attribute id="0x24003047" internalIsEnum="false" internalType="double" name="none" type="Resolution" value="1.0" />
  </stc:property>

  

  <stc:property category="result" collectionType="vector" databaseType="DEFAULT" default="0" displayName="Dropped Frame Count" format="number" id="0x24003008" idlMapped="true" ilMapped="true" isComposite="false" isDataStream="false" isDeprecated="false" isInternal="false" isReadOnly="true" maxOccurs="1" minOccurs="1" name="DroppedFrameCount" noSave="true" nullable="false" onModifyNotifyMode="periodic" precision="" replaces="" type="u64">
   <stc:attribute id="0x24003048" internalIsEnum="false" internalType="bool" name="none" type="traffic.l2l3.IsBasicModeCounter" value="true" />
   <stc:attribute id="0x24003049" internalIsEnum="false" internalType="bool" name="none" type="traffic.l2l3.IsForwardingModeCounter" value="true" />
   <stc:attribute id="0x2400304A" internalIsEnum="false" internalType="bool" name="none" type="traffic.l2l3.IsLatencyJitterModeCounter" value="true" />
   <stc:attribute id="0x2400304B" internalIsEnum="false" internalType="bool" name="none" type="traffic.l2l3.IsLatencyJitterRfc5481ModeCounter" value="true" />
   <stc:attribute id="0x2400304C" internalIsEnum="false" internalType="string" name="none" type="MeasurementUnit" value="frames" />
   <stc:attribute id="0x2400304D" internalIsEnum="false" internalType="double" name="none" type="MinAbsolute" value="0.0" />
   <stc:attribute id="0x2400304E" internalIsEnum="false" internalType="double" name="none" type="MaxAbsolute" value="18446744073709551615.0" />
   <stc:attribute id="0x2400304F" internalIsEnum="false" internalType="double" name="none" type="Resolution" value="1.0" />
  </stc:property>

  

  <stc:property category="result" collectionType="vector" databaseType="DEFAULT" default="0" displayName="Duplicate Frame Count" format="number" id="0x24003009" idlMapped="true" ilMapped="true" isComposite="false" isDataStream="false" isDeprecated="false" isInternal="false" isReadOnly="true" maxOccurs="1" minOccurs="1" name="DuplicateFrameCount" noSave="true" nullable="false" onModifyNotifyMode="periodic" precision="" replaces="" type="u64">
   <stc:attribute id="0x24003050" internalIsEnum="false" internalType="bool" name="none" type="traffic.l2l3.IsBasicModeCounter" value="true" />
   <stc:attribute id="0x24003051" internalIsEnum="false" internalType="bool" name="none" type="traffic.l2l3.IsForwardingModeCounter" value="true" />
   <stc:attribute id="0x24003052" internalIsEnum="false" internalType="bool" name="none" type="traffic.l2l3.IsLatencyJitterModeCounter" value="true" />
   <stc:attribute id="0x24003053" internalIsEnum="false" internalType="bool" name="none" type="traffic.l2l3.IsLatencyJitterRfc5481ModeCounter" value="true" />
   <stc:attribute id="0x24003054" internalIsEnum="false" internalType="string" name="none" type="MeasurementUnit" value="frames" />
   <stc:attribute id="0x24003055" internalIsEnum="false" internalType="double" name="none" type="MinAbsolute" value="0.0" />
   <stc:attribute id="0x24003056" internalIsEnum="false" internalType="double" name="none" type="MaxAbsolute" value="18446744073709551615.0" />
   <stc:attribute id="0x24003057" internalIsEnum="false" internalType="double" name="none" type="Resolution" value="1.0" />
  </stc:property>

  

  <stc:property category="result" collectionType="vector" databaseType="DEFAULT" default="0" displayName="Out of Sequence Frame Count" format="number" id="0x2400300A" idlMapped="true" ilMapped="true" isComposite="false" isDataStream="false" isDeprecated="false" isInternal="false" isReadOnly="true" maxOccurs="1" minOccurs="1" name="OutSeqFrameCount" noSave="true" nullable="false" onModifyNotifyMode="periodic" precision="" replaces="" type="u64">
   <stc:attribute id="0x24003058" internalIsEnum="false" internalType="bool" name="none" type="traffic.l2l3.IsInterarrivaltimeModeCounter" value="true" />
   <stc:attribute id="0x24003059" internalIsEnum="false" internalType="bool" name="none" type="traffic.l2l3.IsHistogramModeCounter" value="true" />
   <stc:attribute id="0x2400305A" internalIsEnum="false" internalType="bool" name="none" type="traffic.l2l3.IsJitterModeCounter" value="true" />
   <stc:attribute id="0x2400305B" internalIsEnum="false" internalType="string" name="none" type="MeasurementUnit" value="frames" />
   <stc:attribute id="0x2400305C" internalIsEnum="false" internalType="double" name="none" type="MinAbsolute" value="0.0" />
   <stc:attribute id="0x2400305D" internalIsEnum="false" internalType="double" name="none" type="MaxAbsolute" value="18446744073709551615.0" />
   <stc:attribute id="0x2400305E" internalIsEnum="false" internalType="double" name="none" type="Resolution" value="1.0" />
  </stc:property>

  

  <stc:property category="result" collectionType="vector" databaseType="DEFAULT" default="0" displayName="Reordered Frame Count" format="number" id="0x2400300B" idlMapped="true" ilMapped="true" isComposite="false" isDataStream="false" isDeprecated="false" isInternal="false" isReadOnly="true" maxOccurs="1" minOccurs="1" name="ReorderedFrameCount" noSave="true" nullable="false" onModifyNotifyMode="periodic" precision="" replaces="" type="u64">
   <stc:attribute id="0x2400305F" internalIsEnum="false" internalType="bool" name="none" type="traffic.l2l3.IsBasicModeCounter" value="true" />
   <stc:attribute id="0x24003060" internalIsEnum="false" internalType="bool" name="none" type="traffic.l2l3.IsForwardingModeCounter" value="true" />
   <stc:attribute id="0x24003061" internalIsEnum="false" internalType="bool" name="none" type="traffic.l2l3.IsLatencyJitterModeCounter" value="true" />
   <stc:attribute id="0x24003062" internalIsEnum="false" internalType="bool" name="none" type="traffic.l2l3.IsLatencyJitterRfc5481ModeCounter" value="true" />
   <stc:attribute id="0x24003063" internalIsEnum="false" internalType="string" name="none" type="MeasurementUnit" value="frames" />
   <stc:attribute id="0x24003064" internalIsEnum="false" internalType="double" name="none" type="MinAbsolute" value="0.0" />
   <stc:attribute id="0x24003065" internalIsEnum="false" internalType="double" name="none" type="MaxAbsolute" value="18446744073709551615.0" />
   <stc:attribute id="0x24003066" internalIsEnum="false" internalType="double" name="none" type="Resolution" value="1.0" />
  </stc:property>

  

  <stc:property category="result" collectionType="vector" databaseType="DEFAULT" default="0" displayName="Late Frame Count" format="number" id="0x2400300C" idlMapped="true" ilMapped="true" isComposite="false" isDataStream="false" isDeprecated="false" isInternal="false" isReadOnly="true" maxOccurs="1" minOccurs="1" name="LateFrameCount" noSave="true" nullable="false" onModifyNotifyMode="periodic" precision="" replaces="" type="u64">
   <stc:attribute id="0x24003067" internalIsEnum="false" internalType="bool" name="none" type="traffic.l2l3.IsBasicModeCounter" value="true" />
   <stc:attribute id="0x24003068" internalIsEnum="false" internalType="bool" name="none" type="traffic.l2l3.IsForwardingModeCounter" value="true" />
   <stc:attribute id="0x24003069" internalIsEnum="false" internalType="bool" name="none" type="traffic.l2l3.IsLatencyJitterModeCounter" value="true" />
   <stc:attribute id="0x2400306A" internalIsEnum="false" internalType="bool" name="none" type="traffic.l2l3.IsLatencyJitterRfc5481ModeCounter" value="true" />
   <stc:attribute id="0x2400306B" internalIsEnum="false" internalType="string" name="none" type="MeasurementUnit" value="frames" />
   <stc:attribute id="0x2400306C" internalIsEnum="false" internalType="double" name="none" type="MinAbsolute" value="0.0" />
   <stc:attribute id="0x2400306D" internalIsEnum="false" internalType="double" name="none" type="MaxAbsolute" value="18446744073709551615.0" />
   <stc:attribute id="0x2400306E" internalIsEnum="false" internalType="double" name="none" type="Resolution" value="1.0" />
  </stc:property>

  

  <stc:property category="result" collectionType="vector" databaseType="DEFAULT" default="0" displayName="Max Jitter" format="number" id="0x2400300D" idlMapped="true" ilMapped="true" isComposite="false" isDataStream="false" isDeprecated="false" isInternal="false" isReadOnly="true" maxOccurs="1" minOccurs="1" name="MaxJitter" noSave="true" nullable="false" onModifyNotifyMode="periodic" precision="" replaces="" type="double">
   <stc:attribute id="0x2400306F" internalIsEnum="false" internalType="bool" name="none" type="traffic.l2l3.IsJitterModeCounter" value="true" />
   <stc:attribute id="0x24003070" internalIsEnum="false" internalType="bool" name="none" type="traffic.l2l3.IsLatencyJitterModeCounter" value="true" />
   <stc:attribute id="0x24003071" internalIsEnum="false" internalType="bool" name="none" type="traffic.l2l3.IsLatencyJitterRfc5481ModeCounter" value="true" />
   <stc:attribute id="0x24003072" internalIsEnum="false" internalType="string" name="none" type="MeasurementUnit" value="us" />
   <stc:attribute id="0x24003073" internalIsEnum="false" internalType="double" name="none" type="MinAbsolute" value="0.0" />
   <stc:attribute id="0x24003074" internalIsEnum="false" internalType="double" name="none" type="MaxAbsolute" value="42949672.95" />
   <stc:attribute id="0x24003075" internalIsEnum="false" internalType="double" name="none" type="Resolution" value="0.01" />
  </stc:property>

  

  <stc:property category="result" collectionType="vector" databaseType="DEFAULT" default="0" displayName="Avg Jitter" format="number" id="0x2400300E" idlMapped="true" ilMapped="true" isComposite="false" isDataStream="false" isDeprecated="false" isInternal="false" isReadOnly="true" maxOccurs="1" minOccurs="1" name="AvgJitter" noSave="true" nullable="false" onModifyNotifyMode="periodic" precision="" replaces="" type="double">
   <stc:attribute id="0x24003076" internalIsEnum="false" internalType="bool" name="none" type="traffic.l2l3.IsJitterModeCounter" value="true" />
   <stc:attribute id="0x24003077" internalIsEnum="false" internalType="string" name="none" type="MeasurementUnit" value="us" />
   <stc:attribute id="0x24003078" internalIsEnum="false" internalType="double" name="none" type="MinAbsolute" value="0.0" />
   <stc:attribute id="0x24003079" internalIsEnum="false" internalType="double" name="none" type="MaxAbsolute" value="42949672.95" />
   <stc:attribute id="0x2400307A" internalIsEnum="false" internalType="double" name="none" type="Resolution" value="0.01" />
  </stc:property>

  

  <stc:property category="result" collectionType="vector" databaseType="DEFAULT" default="0" displayName="Avg Inter-arrival Time" format="number" id="0x2400300F" idlMapped="true" ilMapped="true" isComposite="false" isDataStream="false" isDeprecated="false" isInternal="false" isReadOnly="true" maxOccurs="1" minOccurs="1" name="AvgInterarrivalTime" noSave="true" nullable="false" onModifyNotifyMode="periodic" precision="" replaces="" type="double">
   <stc:attribute id="0x2400307B" internalIsEnum="false" internalType="bool" name="none" type="traffic.l2l3.IsInterarrivaltimeModeCounter" value="true" />
   <stc:attribute id="0x2400307C" internalIsEnum="false" internalType="bool" name="none" type="traffic.l2l3.IsForwardingModeCounter" value="true" />
   <stc:attribute id="0x2400307D" internalIsEnum="false" internalType="string" name="none" type="MeasurementUnit" value="us" />
   <stc:attribute id="0x2400307E" internalIsEnum="false" internalType="double" name="none" type="MinAbsolute" value="0.0" />
   <stc:attribute id="0x2400307F" internalIsEnum="false" internalType="double" name="none" type="MaxAbsolute" value="42949672.95" />
   <stc:attribute id="0x24003080" internalIsEnum="false" internalType="double" name="none" type="Resolution" value="0.01" />
  </stc:property>

  

  <stc:property category="result" collectionType="vector" databaseType="DEFAULT" default="0" displayName="Max Inter-arrival Time" format="number" id="0x24003010" idlMapped="true" ilMapped="true" isComposite="false" isDataStream="false" isDeprecated="false" isInternal="false" isReadOnly="true" maxOccurs="1" minOccurs="1" name="MaxInterarrivalTime" noSave="true" nullable="false" onModifyNotifyMode="periodic" precision="" replaces="" type="double">
   <stc:attribute id="0x24003081" internalIsEnum="false" internalType="bool" name="none" type="traffic.l2l3.IsInterarrivaltimeModeCounter" value="true" />
   <stc:attribute id="0x24003082" internalIsEnum="false" internalType="bool" name="none" type="traffic.l2l3.IsForwardingModeCounter" value="true" />
   <stc:attribute id="0x24003083" internalIsEnum="false" internalType="string" name="none" type="MeasurementUnit" value="us" />
   <stc:attribute id="0x24003084" internalIsEnum="false" internalType="double" name="none" type="MinAbsolute" value="0.0" />
   <stc:attribute id="0x24003085" internalIsEnum="false" internalType="double" name="none" type="MaxAbsolute" value="42949672.95" />
   <stc:attribute id="0x24003086" internalIsEnum="false" internalType="double" name="none" type="Resolution" value="0.01" />
  </stc:property>

 </stc:class>

 

 <stc:class baseClass="framework.Scriptable" canCreate="true" id="0x24004000" idlMapped="na" ilMapped="na" isInternal="true" isReadOnly="false" isSingleton="false" name="ServiceClassParameter" noSave="false" profile="qosfwd">

  

  <stc:relation allowDuplicate="false" dstClassRef="ServiceClassParameter" dstName="none" embedDstInIlClass="false" embedSrcInIlClass="false" id="0x24004001" isInternal="false" maxOccurs="unbounded" minOccurs="unbounded" name="ParentCommand" order="sequenced" srcClassRef="GetPossibleServiceClassParametersCommand" srcName="none" type="framework.ParentChild" />

  

  <stc:property category="state" collectionType="vector" databaseType="DEFAULT" default="" displayName="Parameter Identifier" format="number" id="0x24004002" idlMapped="true" ilMapped="true" isComposite="false" isDataStream="false" isDeprecated="false" isInternal="false" isReadOnly="true" maxOccurs="1" minOccurs="1" name="ParameterId" noSave="true" nullable="false" onModifyNotifyMode="queued" precision="" replaces="" type="string" />

  

  <stc:property category="state" collectionType="vector" databaseType="DEFAULT" default="" displayName="Measurement Unit" format="number" id="0x24004003" idlMapped="true" ilMapped="true" isComposite="false" isDataStream="false" isDeprecated="false" isInternal="false" isReadOnly="true" maxOccurs="1" minOccurs="1" name="MeasurementUnit" noSave="true" nullable="false" onModifyNotifyMode="queued" precision="" replaces="" type="string" />

  

  <stc:property category="state" collectionType="vector" databaseType="DEFAULT" default="0.0" displayName="Absolute Minimum" format="number" id="0x24004004" idlMapped="true" ilMapped="true" isComposite="false" isDataStream="false" isDeprecated="false" isInternal="false" isReadOnly="true" maxOccurs="1" minOccurs="1" name="MinAbsolute" noSave="true" nullable="false" onModifyNotifyMode="queued" precision="" replaces="" type="double" />

  

  <stc:property category="state" collectionType="vector" databaseType="DEFAULT" default="18446744073709551615.0" displayName="Absolute Maximum" format="number" id="0x24004005" idlMapped="true" ilMapped="true" isComposite="false" isDataStream="false" isDeprecated="false" isInternal="false" isReadOnly="true" maxOccurs="1" minOccurs="1" name="MaxAbsolute" noSave="true" nullable="false" onModifyNotifyMode="queued" precision="" replaces="" type="double" />

  

  <stc:property category="state" collectionType="vector" databaseType="DEFAULT" default="1.0" displayName="Resolution" format="number" id="0x24004006" idlMapped="true" ilMapped="true" isComposite="false" isDataStream="false" isDeprecated="false" isInternal="false" isReadOnly="true" maxOccurs="1" minOccurs="1" name="Resolution" noSave="true" nullable="false" onModifyNotifyMode="queued" precision="" replaces="" type="double" />

  

  <stc:property category="internal" collectionType="vector" databaseType="DEFAULT" default="13" displayName="Compatible Result View Mode" format="number" id="0x24004007" idlMapped="true" ilMapped="true" isComposite="false" isDataStream="false" isDeprecated="false" isInternal="true" isReadOnly="false" maxOccurs="unbounded" minOccurs="unbounded" name="CompatibleResultView" noSave="false" nullable="false" onModifyNotifyMode="periodic" precision="" replaces="" type="u8">
   
  </stc:property>

 </stc:class>

 

 

 <stc:class baseClass="framework.Command" canCreate="true" id="0x24005000" idlMapped="na" ilMapped="na" isInternal="true" isReadOnly="false" isSingleton="false" name="GetPossibleServiceClassParametersCommand" noSave="false" profile="qosfwd" />

</stc:meta>