<stc:meta xmlns:stc="urn:www.spirentcom.com:XMLSchema.xsd" id="0x80000000" package="routing" plugin="rtgconvergence" version="0.0.0-0">

    
  <stc:relationType allowDuplicate="false" dstName="SetupCommand" id="0x80000001" name="RoutingConvergenceAffiliatedSetup" saveAtSource="true" srcName="Member" />
  
  <stc:class baseClass="framework.Command" canCreate="true" displayName="Setup Routing Convergence" id="0x80001000" idlMapped="na" ilMapped="na" isInternal="false" isReadOnly="false" isSingleton="false" name="RoutingConvergenceSetupCommand" noSave="false" profile="none">

    <stc:attribute id="0x80001001" internalIsEnum="false" internalType="bool" name="none" type="core.RequireApplyToIL" value="true" />

    <stc:attribute id="0x80001002" internalIsEnum="false" internalType="bool" name="none" type="core.Sequenceable" value="true" />

    <stc:attribute id="0x80001003" internalIsEnum="false" internalType="string" name="none" type="framework.CommandDescription" value="Setup a Convergence Test on Routing Protocols" />

    <stc:attribute id="0x80001004" internalIsEnum="false" internalType="string" name="none" type="framework.CommandCategory" value="Routing and MPLS//Convergence" />

    <stc:enumeration idlMapped="true" ilMapped="true" isFlags="false" name="EnumTestProtocol">
      <stc:enum displayName="BGP" idlMapped="true" ilMapped="true" name="BGP" value="1" />
      <stc:enum displayName="OSPFv2" idlMapped="true" ilMapped="true" name="OSPFV2" value="2" />
      <stc:enum displayName="OSPFv3" idlMapped="true" ilMapped="true" name="OSPFV3" value="3" />
      <stc:enum displayName="IS-IS" idlMapped="true" ilMapped="true" name="ISIS" value="4" />
      <stc:enum displayName="RIP" idlMapped="true" ilMapped="true" name="RIP" value="5" />
    </stc:enumeration>

    <stc:enumeration idlMapped="true" ilMapped="true" isFlags="false" name="EnumIpVersion">
      <stc:enum displayName="IPv4" idlMapped="true" ilMapped="true" name="IPV4" value="0" />
      <stc:enum displayName="IPv6" idlMapped="true" ilMapped="true" name="IPV6" value="1" />
    </stc:enumeration>

    <stc:property category="config" collectionType="vector" databaseType="DEFAULT" default="BGP" displayName="Test Protocol" format="number" id="0x80001005" idlMapped="true" ilMapped="true" isComposite="false" isDataStream="false" isDeprecated="false" isInternal="false" isReadOnly="false" maxOccurs="1" minOccurs="1" name="TestProtocol" noSave="false" nullable="false" onModifyNotifyMode="periodic" precision="" replaces="" type="u8">
      <stc:enumerationRef ref="EnumTestProtocol" />
    </stc:property>

    <stc:property category="config" collectionType="vector" databaseType="DEFAULT" default="IPV4" displayName="IP Version" format="number" id="0x80001006" idlMapped="true" ilMapped="true" isComposite="false" isDataStream="false" isDeprecated="false" isInternal="false" isReadOnly="false" maxOccurs="1" minOccurs="1" name="IpVersion" noSave="false" nullable="false" onModifyNotifyMode="periodic" precision="" replaces="" type="u8">
      <stc:enumerationRef ref="EnumIpVersion" />
    </stc:property>

    <stc:property category="config" collectionType="vector" databaseType="DEFAULT" default="0" displayName="Ingress Routers" format="number" id="0x80001007" idlMapped="true" ilMapped="true" isComposite="false" isDataStream="false" isDeprecated="false" isInternal="false" isReadOnly="false" maxOccurs="unbounded" minOccurs="1" name="IngressRouterList" noSave="false" nullable="false" onModifyNotifyMode="periodic" precision="" replaces="" type="handle">
    </stc:property>

    <stc:property category="config" collectionType="vector" databaseType="DEFAULT" default="0" displayName="Egress Routers" format="number" id="0x80001008" idlMapped="true" ilMapped="true" isComposite="false" isDataStream="false" isDeprecated="false" isInternal="false" isReadOnly="false" maxOccurs="unbounded" minOccurs="1" name="EgressRouterList" noSave="false" nullable="false" onModifyNotifyMode="periodic" precision="" replaces="" type="handle">
    </stc:property>

    <stc:property category="config" collectionType="vector" databaseType="DEFAULT" default="0" displayName="Secondary Egress Routers" format="number" id="0x80001009" idlMapped="true" ilMapped="true" isComposite="false" isDataStream="false" isDeprecated="false" isInternal="false" isReadOnly="false" maxOccurs="unbounded" minOccurs="0" name="SecondaryEgressRouterList" noSave="false" nullable="false" onModifyNotifyMode="periodic" precision="" replaces="" type="handle">
    </stc:property>

    <stc:property category="config" collectionType="vector" databaseType="DEFAULT" default="0" displayName="StreamBlocks associated with this test" format="number" id="0x8000100A" idlMapped="true" ilMapped="true" isComposite="false" isDataStream="false" isDeprecated="false" isInternal="false" isReadOnly="false" maxOccurs="unbounded" minOccurs="1" name="StreamBlockList" noSave="false" nullable="false" onModifyNotifyMode="periodic" precision="" replaces="" type="handle">
    </stc:property>

    <stc:property category="config" collectionType="vector" databaseType="DEFAULT" default="70" displayName="Maximum Convergence Time (secs) " format="number" id="0x8000100B" idlMapped="true" ilMapped="true" isComposite="false" isDataStream="false" isDeprecated="false" isInternal="false" isReadOnly="false" maxOccurs="1" minOccurs="1" name="MaxConvergenceTime" noSave="false" nullable="false" onModifyNotifyMode="periodic" precision="" replaces="" type="u16">
      <stc:numericValidation errorMsg="Please enter a valid number" maxInclusive="70" minInclusive="15" />
    </stc:property>

  </stc:class>


  <stc:class baseClass="framework.Command" canCreate="true" displayName="Inject Routing Convergence" id="0x80002000" idlMapped="na" ilMapped="na" isInternal="false" isReadOnly="false" isSingleton="false" name="RoutingConvergenceInjectCommand" noSave="false" profile="none">

    <stc:attribute id="0x80002001" internalIsEnum="false" internalType="bool" name="none" type="core.RequireApplyToIL" value="true" />

    <stc:attribute id="0x80002002" internalIsEnum="false" internalType="bool" name="none" type="core.Sequenceable" value="true" />

    <stc:attribute id="0x80002003" internalIsEnum="false" internalType="string" name="none" type="framework.CommandDescription" value="Perform a Convergence Test on Routing Protocols" />

    <stc:attribute id="0x80002004" internalIsEnum="false" internalType="string" name="none" type="framework.CommandCategory" value="Routing and MPLS//Convergence" />
    
    <stc:relation allowDuplicate="false" dstClassRef="RoutingConvergenceSetupCommand" dstName="none" embedDstInIlClass="false" embedSrcInIlClass="false" id="0x80002005" isInternal="false" maxOccurs="unbounded" minOccurs="0" name="InjectRoutingConvergenceSetup" order="sequenced" srcClassRef="RoutingConvergenceInjectCommand" srcName="none" type="RoutingConvergenceAffiliatedSetup" />

    <stc:enumeration idlMapped="true" ilMapped="true" isFlags="false" name="EnumTestType">
      <stc:enum displayName="External Script" idlMapped="true" ilMapped="true" name="EXTERNAL_SCRIPT" value="0" />      
      <stc:enum displayName="Local interface failure" idlMapped="true" ilMapped="true" name="LOCAL_INTERFACE_FAILURE" value="2" />
      <stc:enum displayName="Local interface Restore" idlMapped="true" ilMapped="true" name="LOCAL_INTERFACE_RESTORE" value="3" />      
      <stc:enum displayName="Remote interface failure " idlMapped="true" ilMapped="true" name="REMOTE_INTERFACE_FAILURE" value="4" />
      <stc:enum displayName="Remote interface Restore " idlMapped="true" ilMapped="true" name="REMOTE_INTERFACE_RESTORE" value="5" />
      <stc:enum displayName="Loss of adjaceny" idlMapped="true" ilMapped="true" name="LOSS_OF_ADJACENCY" value="6" />
      <stc:enum displayName="Restore adjaceny" idlMapped="true" ilMapped="true" name="RESTORE_ADJACENCY" value="7" />      
      <stc:enum displayName="Withdraw Routes" idlMapped="true" ilMapped="true" name="WITHDRAW_ROUTE" value="8" />
      <stc:enum displayName="Readvertise Routes" idlMapped="true" ilMapped="true" name="READVERTISE_ROUTE" value="9" />      
      <stc:enum displayName="Cost change" idlMapped="true" ilMapped="true" name="COST_CHANGE" value="10" />
      <stc:enum displayName="Revert Cost" idlMapped="true" ilMapped="true" name="REVERT_COST" value="11" />      
      <stc:enum displayName="ECMP local interface failure" idlMapped="true" ilMapped="true" name="ECMP_LOCAL_INTERFACE_FAILURE" value="12" />
      <stc:enum displayName="ECMP local interface Restore" idlMapped="true" ilMapped="true" name="ECMP_LOCAL_INTERFACE_RESTORE" value="13" />      
      <stc:enum displayName="ECMP remote interface failure" idlMapped="true" ilMapped="true" name="ECMP_REMOTE_INTERFACE_FAILURE" value="14" />      
      <stc:enum displayName="ECMP remote interface Restore" idlMapped="true" ilMapped="true" name="ECMP_REMOTE_INTERFACE_RESTORE" value="15" />       
    </stc:enumeration>

    <stc:property category="config" collectionType="vector" databaseType="DEFAULT" default="COST_CHANGE" displayName="Type of Test" format="number" id="0x80002006" idlMapped="true" ilMapped="true" isComposite="false" isDataStream="false" isDeprecated="false" isInternal="false" isReadOnly="false" maxOccurs="1" minOccurs="1" name="TestType" noSave="false" nullable="false" onModifyNotifyMode="periodic" precision="" replaces="" type="u8">
      <stc:enumerationRef ref="EnumTestType" />
    </stc:property>
    
    <stc:property category="config" collectionType="vector" databaseType="DEFAULT" default="" displayName="Command-Line" format="number" id="0x80002007" idlMapped="true" ilMapped="true" isComposite="false" isDataStream="false" isDeprecated="false" isInternal="false" isReadOnly="false" maxOccurs="1" minOccurs="1" name="CommandLine" noSave="false" nullable="false" onModifyNotifyMode="periodic" precision="" replaces="" type="string">
    </stc:property>

    <stc:property category="config" collectionType="vector" databaseType="DEFAULT" default="" displayName="Working Directory" format="number" id="0x80002008" idlMapped="true" ilMapped="true" isComposite="false" isDataStream="false" isDeprecated="false" isInternal="false" isReadOnly="false" maxOccurs="1" minOccurs="1" name="CommandWorkingDir" noSave="false" nullable="false" onModifyNotifyMode="periodic" precision="" replaces="" type="string">
    </stc:property>

    <stc:property category="config" collectionType="vector" databaseType="DEFAULT" default="" displayName="Arguments" format="number" id="0x80002009" idlMapped="true" ilMapped="true" isComposite="false" isDataStream="false" isDeprecated="false" isInternal="false" isReadOnly="false" maxOccurs="1" minOccurs="1" name="CommandArguments" noSave="false" nullable="false" onModifyNotifyMode="periodic" precision="" replaces="" type="string">
    </stc:property>

  </stc:class>

  <stc:class baseClass="framework.Command" canCreate="true" displayName="Measure Routing Convergence" id="0x80003000" idlMapped="na" ilMapped="na" isInternal="false" isReadOnly="false" isSingleton="false" name="RoutingConvergenceMeasureCommand" noSave="false" profile="none">

    <stc:attribute id="0x80003001" internalIsEnum="false" internalType="bool" name="none" type="core.RequireApplyToIL" value="true" />

    <stc:attribute id="0x80003002" internalIsEnum="false" internalType="bool" name="none" type="core.Sequenceable" value="true" />

    <stc:attribute id="0x80003003" internalIsEnum="false" internalType="string" name="none" type="framework.CommandDescription" value="Measure the Convergence of a Routing Convergence Test." />

    <stc:attribute id="0x80003004" internalIsEnum="false" internalType="string" name="none" type="framework.CommandCategory" value="Routing and MPLS//Convergence" />

    <stc:relation allowDuplicate="false" dstClassRef="RoutingConvergenceSetupCommand" dstName="none" embedDstInIlClass="false" embedSrcInIlClass="false" id="0x80003005" isInternal="false" maxOccurs="unbounded" minOccurs="0" name="SaveResultsRoutingConvergenceSetup" order="sequenced" srcClassRef="RoutingConvergenceMeasureCommand" srcName="none" type="RoutingConvergenceAffiliatedSetup" />

	
	<stc:property category="output" collectionType="vector" databaseType="DEFAULT" default="" displayName="Test Results Full Database Path" format="number" id="0x80003006" idlMapped="true" ilMapped="true" isComposite="false" isDataStream="false" isDeprecated="false" isInternal="false" isReadOnly="true" maxOccurs="1" minOccurs="1" name="TestResultsFullDbPath" noSave="true" nullable="false" onModifyNotifyMode="instant" precision="" replaces="" type="string">
	</stc:property> 

  </stc:class>

  
  <stc:class baseClass="core.WaitOnScriptablesCommand" canCreate="true" displayName="Wait For Data Plane Samples" id="0x80004000" idlMapped="na" ilMapped="na" isInternal="false" isReadOnly="false" isSingleton="false" name="WaitForDataPlaneSamplesCommand" noSave="false" profile="none">

	<stc:attribute id="0x80004001" internalIsEnum="false" internalType="bool" name="none" type="core.Sequenceable" value="true" />

	<stc:attribute id="0x80004002" internalIsEnum="false" internalType="string" name="none" type="framework.CommandDescription" value="Waits for buffer in High Resolution Timers to fill." />

	<stc:attribute id="0x80004003" internalIsEnum="false" internalType="string" name="none" type="framework.CommandCategory" value="Routing and MPLS//Convergence" />
  </stc:class>	

</stc:meta>