<stc:meta xmlns:stc="urn:www.spirentcom.com:XMLSchema.xsd" id="0x9F000000" package="wlan" plugin="radaremulation" version="0.0.0-0">

	

	
	<stc:idlDef idlDepends="" idlImplements="" idlIncludes="" idlName="radarga" idlVersion="1" isInterface="false" />
	
	
	

	

	
	<stc:class baseClass="framework.Scriptable" canCreate="false" id="0x9F001000" idlMapped="na" ilMapped="na" isInternal="false" isReadOnly="false" isSingleton="false" name="BaseContainer" noSave="false" profile="radaremulation">
	</stc:class>

	
	<stc:class baseClass="BaseContainer" canCreate="false" id="0x9F002000" idlMapped="na" ilMapped="na" isInternal="true" isReadOnly="false" isSingleton="false" name="BaseRadarEmulationConfig" noSave="false" profile="radaremulation">

		
		<stc:property category="state" collectionType="vector" databaseType="DEFAULT" default="false" format="number" id="0x9F002001" idlMapped="true" ilMapped="true" isComposite="false" isDataStream="false" isDeprecated="false" isInternal="true" isReadOnly="true" maxOccurs="1" minOccurs="1" name="IsRadarEmulationRunning" noSave="true" nullable="false" onModifyNotifyMode="queued" precision="" replaces="" type="bool" />

		<stc:property category="state" collectionType="vector" databaseType="DEFAULT" default="false" format="number" id="0x9F002002" idlMapped="true" ilMapped="true" isComposite="false" isDataStream="false" isDeprecated="false" isInternal="true" isReadOnly="true" maxOccurs="1" minOccurs="1" name="IsRegisteredForStateNotification" noSave="true" nullable="false" onModifyNotifyMode="queued" precision="" replaces="" type="bool" />
		
	</stc:class>

	
	<stc:class baseClass="BaseRadarEmulationConfig" canCreate="true" displayName="Radar Emulation" id="0x9F003000" idlMapped="na" ilMapped="na" isInternal="false" isReadOnly="false" isSingleton="false" name="RadarEmulationConfig" noSave="false" profile="radaremulation">

		
		<stc:attribute id="0x9F003001" internalIsEnum="false" internalType="bool" name="none" type="framework.UserDefaultsApplicable" value="false" />

		
		<stc:relation allowDuplicate="false" dstClassRef="RadarEmulationConfig" dstName="none" embedDstInIlClass="false" embedSrcInIlClass="false" id="0x9F003002" isInternal="false" maxOccurs="1" minOccurs="0" name="ParentPort" order="sequenced" srcClassRef="core.Port" srcName="none" type="framework.ParentChild" />

		
		<stc:enumeration idlMapped="true" ilMapped="true" isFlags="false" name="EnumRadarTrialRegion">
			<stc:enum displayName="FCC 2016" idlMapped="true" ilMapped="true" name="RADAR_TRIAL_REGION_FCC2016" value="0" />
			<stc:enum displayName="ETSI 2.0.7" idlMapped="true" ilMapped="true" name="RADAR_TRIAL_REGION_ETSI207" value="1" />
		</stc:enumeration>

		
		<stc:property category="config" collectionType="vector" databaseType="DEFAULT" default="false" displayName="Enables the port to become a radar emulator." format="number" id="0x9F003003" idlMapped="true" ilMapped="true" isComposite="false" isDataStream="false" isDeprecated="false" isInternal="false" isReadOnly="false" maxOccurs="1" minOccurs="1" name="EnableRadarEmulation" noSave="false" nullable="false" onModifyNotifyMode="periodic" precision="" replaces="" type="bool">
		</stc:property>

		<stc:property category="config" collectionType="vector" databaseType="DEFAULT" default="52" displayName="Channel" format="number" id="0x9F003004" idlMapped="true" ilMapped="true" isComposite="false" isDataStream="false" isDeprecated="false" isInternal="false" isReadOnly="false" maxOccurs="1" minOccurs="1" name="Channel" noSave="false" nullable="false" onModifyNotifyMode="periodic" precision="" replaces="" type="u32">
			<stc:condition operator="equal" property="EnableRadarEmulation" type="applicable" value="true" />
			<stc:numericValidation errorMsg="Please enter a valid number" maxInclusive="144" minInclusive="52" />
		</stc:property>

		
		<stc:property category="config" collectionType="vector" databaseType="DEFAULT" default="30" displayName="Tx Power Attenuation" format="number" id="0x9F003005" idlMapped="true" ilMapped="true" isComposite="false" isDataStream="false" isDeprecated="false" isInternal="false" isReadOnly="false" maxOccurs="1" minOccurs="1" name="TxAttenuation" noSave="false" nullable="false" onModifyNotifyMode="periodic" precision="" replaces="" type="u32">
			<stc:condition operator="equal" property="EnableRadarEmulation" type="applicable" value="true" />
			<stc:numericValidation errorMsg="Please enter a valid number" maxInclusive="89" minInclusive="0" />
		</stc:property>

		<stc:property category="config" collectionType="vector" databaseType="DEFAULT" default="RADAR_TRIAL_REGION_FCC2016" displayName="Region Code" format="number" id="0x9F003006" idlMapped="true" ilMapped="true" isComposite="false" isDataStream="false" isDeprecated="false" isInternal="false" isReadOnly="false" maxOccurs="1" minOccurs="1" name="Region" noSave="false" nullable="false" onModifyNotifyMode="periodic" precision="" replaces="" type="u8">
			<stc:enumerationRef ref="EnumRadarTrialRegion" />
			<stc:condition operator="equal" property="EnableRadarEmulation" type="applicable" value="true" />
		</stc:property>

		<stc:property category="config" collectionType="vector" databaseType="DEFAULT" default="00:00:00:00:00:00" displayName="DUT-BSSID" format="number" id="0x9F003007" idlMapped="true" ilMapped="true" isComposite="false" isDataStream="false" isDeprecated="false" isInternal="false" isReadOnly="false" maxOccurs="1" minOccurs="1" name="DutBssid" noSave="false" nullable="false" onModifyNotifyMode="periodic" precision="" replaces="" type="mac">
			<stc:condition operator="equal" property="EnableRadarEmulation" type="applicable" value="true" />
		</stc:property>

	</stc:class>


	
	<stc:class baseClass="framework.Scriptable" canCreate="true" displayName="Trial Block" id="0x9F004000" idlMapped="na" ilMapped="na" isInternal="false" isReadOnly="false" isSingleton="false" name="RadarTrialBlock" noSave="false" profile="radaremulation">

		
		<stc:attribute id="0x9F004001" internalIsEnum="false" internalType="bool" name="none" type="framework.UserDefaultsApplicable" value="false" />

		
		<stc:relation allowDuplicate="false" dstClassRef="RadarTrialBlock" dstName="none" embedDstInIlClass="false" embedSrcInIlClass="false" id="0x9F004002" isInternal="false" maxOccurs="unbounded" minOccurs="0" name="ParentTrial" order="sequenced" srcClassRef="RadarEmulationConfig" srcName="none" type="framework.ParentChild" />
		
		
		<stc:property category="state" collectionType="vector" databaseType="DEFAULT" default="false" format="number" id="0x9F004003" idlMapped="true" ilMapped="true" isComposite="false" isDataStream="false" isDeprecated="false" isInternal="true" isReadOnly="true" maxOccurs="1" minOccurs="1" name="IsRadarEmulationRunning" noSave="true" nullable="false" onModifyNotifyMode="queued" precision="" replaces="" type="bool" />

		<stc:property category="config" collectionType="vector" databaseType="DEFAULT" default="" displayName="Region Code" format="number" id="0x9F004004" idlMapped="true" ilMapped="true" isComposite="false" isDataStream="false" isDeprecated="false" isInternal="false" isReadOnly="false" maxOccurs="1" minOccurs="1" name="Region" noSave="false" nullable="false" onModifyNotifyMode="periodic" precision="" replaces="" type="string">
		</stc:property>

		<stc:property category="config" collectionType="vector" databaseType="DEFAULT" default="" displayName="Radar Type" format="number" id="0x9F004005" idlMapped="true" ilMapped="true" isComposite="false" isDataStream="false" isDeprecated="false" isInternal="false" isReadOnly="false" maxOccurs="1" minOccurs="1" name="RadarType" noSave="false" nullable="false" onModifyNotifyMode="periodic" precision="" replaces="" type="string">
		</stc:property>

		<stc:property category="config" collectionType="vector" databaseType="DEFAULT" default="1" displayName="Trial Count" format="number" id="0x9F004006" idlMapped="true" ilMapped="true" isComposite="false" isDataStream="false" isDeprecated="false" isInternal="false" isReadOnly="false" maxOccurs="1" minOccurs="1" name="NumberOfTrials" noSave="false" nullable="false" onModifyNotifyMode="periodic" precision="" replaces="" type="u32">
			<stc:numericValidation errorMsg="Please enter a valid number" maxInclusive="255" minInclusive="1" />
		</stc:property>

	</stc:class>


	
	<stc:class baseClass="BaseRadarEmulationConfig" canCreate="true" displayName="Trial" id="0x9F005000" idlMapped="na" ilMapped="na" isInternal="false" isReadOnly="false" isSingleton="false" name="RadarTrialConfig" noSave="false" profile="radaremulation">

		
		<stc:attribute id="0x9F005001" internalIsEnum="false" internalType="bool" name="none" type="framework.UserDefaultsApplicable" value="false" />

		
		<stc:relation allowDuplicate="false" dstClassRef="RadarTrialConfig" dstName="none" embedDstInIlClass="false" embedSrcInIlClass="false" id="0x9F005002" isInternal="false" maxOccurs="unbounded" minOccurs="0" name="ParentTrial" order="sequenced" srcClassRef="RadarTrialBlock" srcName="none" type="framework.ParentChild" />

		
		<stc:enumeration idlMapped="true" ilMapped="true" isFlags="false" name="EnumRadarTrialState">
			<stc:enum displayName="Idle" idlMapped="true" ilMapped="true" name="RADAR_TRIAL_STATE_IDLE" value="0" />
			<stc:enum displayName="Processing" idlMapped="true" ilMapped="true" name="RADAR_TRIAL_STATE_PROCESSING" value="1" />
			<stc:enum displayName="Transmitted" idlMapped="true" ilMapped="true" name="RADAR_TRIAL_STATE_TRANSMITTED" value="2" />
			<stc:enum displayName="Analyzed" idlMapped="true" ilMapped="true" name="RADAR_TRIAL_STATE_ANALYZED" value="3" />
		</stc:enumeration>

		<stc:enumeration idlMapped="true" ilMapped="true" isFlags="false" name="EnumRadarType">
			<stc:enum displayName="Type 0" idlMapped="true" ilMapped="true" name="RADAR_TYPE_0" value="0" />
			<stc:enum displayName="Type 1" idlMapped="true" ilMapped="true" name="RADAR_TYPE_1" value="1" />
			<stc:enum displayName="Type 2" idlMapped="true" ilMapped="true" name="RADAR_TYPE_2" value="2" />
			<stc:enum displayName="Type 3" idlMapped="true" ilMapped="true" name="RADAR_TYPE_3" value="3" />
			<stc:enum displayName="Type 4" idlMapped="true" ilMapped="true" name="RADAR_TYPE_4" value="4" />
			<stc:enum displayName="Type 5" idlMapped="true" ilMapped="true" name="RADAR_TYPE_5" value="5" />
			<stc:enum displayName="Type 6" idlMapped="true" ilMapped="true" name="RADAR_TYPE_6" value="6" />
		</stc:enumeration>

		<stc:property category="state" collectionType="vector" databaseType="DEFAULT" default="false" format="number" id="0x9F005003" idlMapped="true" ilMapped="true" isComposite="false" isDataStream="false" isDeprecated="false" isInternal="true" isReadOnly="true" maxOccurs="1" minOccurs="1" name="AppliedState" noSave="true" nullable="false" onModifyNotifyMode="queued" precision="" replaces="" type="bool" />
		
		
		<stc:property category="config" collectionType="vector" databaseType="DEFAULT" default="0" displayName="Trial ID" format="number" id="0x9F005004" idlMapped="true" ilMapped="true" isComposite="false" isDataStream="false" isDeprecated="false" isInternal="false" isReadOnly="true" maxOccurs="1" minOccurs="1" name="TrialId" noSave="false" nullable="false" onModifyNotifyMode="periodic" precision="" replaces="" type="handle" />

		<stc:property category="state" collectionType="vector" databaseType="DEFAULT" default="RADAR_TRIAL_STATE_IDLE" displayName="State" format="number" id="0x9F005005" idlMapped="true" ilMapped="true" isComposite="false" isDataStream="false" isDeprecated="false" isInternal="false" isReadOnly="true" maxOccurs="1" minOccurs="1" name="TransmitState" noSave="true" nullable="false" onModifyNotifyMode="instant" precision="" replaces="" type="u32">
			<stc:enumerationRef ref="EnumRadarTrialState" />
		</stc:property>

		<stc:property category="config" collectionType="vector" databaseType="DEFAULT" default="RADAR_TYPE_0" displayName="Radar Type" format="number" id="0x9F005006" idlMapped="true" ilMapped="true" isComposite="false" isDataStream="false" isDeprecated="false" isInternal="false" isReadOnly="false" maxOccurs="1" minOccurs="1" name="RadarType" noSave="false" nullable="false" onModifyNotifyMode="periodic" precision="" replaces="" type="u8">
			<stc:enumerationRef ref="EnumRadarType" />
		</stc:property>

		
		<stc:property category="config" collectionType="vector" databaseType="DEFAULT" default="false" displayName="Transmit Signal Only" format="number" id="0x9F005007" idlMapped="true" ilMapped="true" isComposite="false" isDataStream="false" isDeprecated="false" isInternal="false" isReadOnly="false" maxOccurs="1" minOccurs="1" name="TransmitOnly" noSave="false" nullable="false" onModifyNotifyMode="periodic" precision="" replaces="" type="bool" />

	</stc:class>

	
	<stc:class baseClass="BaseRadarEmulationConfig" canCreate="true" displayName="Trial Pattern" id="0x9F006000" idlMapped="na" ilMapped="na" isInternal="false" isReadOnly="false" isSingleton="false" name="RadarTrialPatternConfig" noSave="false" profile="radaremulation">

		
		<stc:attribute id="0x9F006001" internalIsEnum="false" internalType="bool" name="none" type="framework.UserDefaultsApplicable" value="false" />

		
		<stc:relation allowDuplicate="false" dstClassRef="RadarTrialPatternConfig" dstName="none" embedDstInIlClass="false" embedSrcInIlClass="false" id="0x9F006002" isInternal="false" maxOccurs="unbounded" minOccurs="0" name="ParentTrial" order="sequenced" srcClassRef="RadarTrialConfig" srcName="none" type="framework.ParentChild" />

		<stc:property category="config" collectionType="vector" databaseType="DEFAULT" default="0.0" displayName="Pulse Width (us)" format="number" id="0x9F006003" idlMapped="true" ilMapped="true" isComposite="false" isDataStream="false" isDeprecated="false" isInternal="false" isReadOnly="false" maxOccurs="1" minOccurs="1" name="PulseWidth" noSave="false" nullable="false" onModifyNotifyMode="periodic" precision="" replaces="" type="double" />

		<stc:property category="config" collectionType="vector" databaseType="DEFAULT" default="0" displayName="Pulses per Burst" format="number" id="0x9F006004" idlMapped="true" ilMapped="true" isComposite="false" isDataStream="false" isDeprecated="false" isInternal="false" isReadOnly="false" maxOccurs="1" minOccurs="1" name="NumberOfPulses" noSave="false" nullable="false" onModifyNotifyMode="periodic" precision="" replaces="" type="u32" />

		<stc:property category="config" collectionType="vector" databaseType="DEFAULT" default="0" displayName="PRI (us)" format="number" id="0x9F006005" idlMapped="true" ilMapped="true" isComposite="false" isDataStream="false" isDeprecated="false" isInternal="false" isReadOnly="false" maxOccurs="unbounded" minOccurs="1" name="PulseRepetitionInterval" noSave="false" nullable="false" onModifyNotifyMode="periodic" precision="" replaces="" type="u32" />

	</stc:class>

	
	<stc:class baseClass="BaseRadarEmulationConfig" canCreate="true" displayName="Bandwidth Detection Test" id="0x9F007000" idlMapped="na" ilMapped="na" isInternal="false" isReadOnly="false" isSingleton="false" name="BandwidthDetectionTestConfig" noSave="false" profile="radaremulation">

		
		<stc:attribute id="0x9F007001" internalIsEnum="false" internalType="bool" name="none" type="framework.UserDefaultsApplicable" value="false" />

		
		<stc:relation allowDuplicate="false" dstClassRef="BandwidthDetectionTestConfig" dstName="none" embedDstInIlClass="false" embedSrcInIlClass="false" id="0x9F007002" isInternal="false" maxOccurs="unbounded" minOccurs="0" name="ParentTest" order="sequenced" srcClassRef="RadarEmulationConfig" srcName="none" type="framework.ParentChild" />


		
		<stc:enumeration idlMapped="true" ilMapped="true" isFlags="false" name="EnumRadarTrialTestState">
			<stc:enum displayName="Idle" idlMapped="true" ilMapped="true" name="RADAR_TRIAL_TEST_STATE_IDLE" value="0" />
			<stc:enum displayName="Processing" idlMapped="true" ilMapped="true" name="RADAR_TRIAL_TEST_STATE_PROCESSING" value="1" />
			<stc:enum displayName="Complete" idlMapped="true" ilMapped="true" name="RADAR_TRIAL_TEST_STATE_COMPLETE" value="2" />
		</stc:enumeration>

		<stc:enumeration idlMapped="true" ilMapped="true" isFlags="false" name="EnumRadarType">
			<stc:enum displayName="Type 0" idlMapped="true" ilMapped="true" name="RADAR_TYPE_0" value="0" />
			<stc:enum displayName="Type 1" idlMapped="true" ilMapped="true" name="RADAR_TYPE_1" value="1" />
			<stc:enum displayName="Type 2" idlMapped="true" ilMapped="true" name="RADAR_TYPE_2" value="2" />
			<stc:enum displayName="Type 3" idlMapped="true" ilMapped="true" name="RADAR_TYPE_3" value="3" />
			<stc:enum displayName="Type 4" idlMapped="true" ilMapped="true" name="RADAR_TYPE_4" value="4" />
			<stc:enum displayName="Type 5" idlMapped="true" ilMapped="true" name="RADAR_TYPE_5" value="5" />
			<stc:enum displayName="Type 6" idlMapped="true" ilMapped="true" name="RADAR_TYPE_6" value="6" />
		</stc:enumeration>

		<stc:property category="state" collectionType="vector" databaseType="DEFAULT" default="false" format="number" id="0x9F007003" idlMapped="true" ilMapped="true" isComposite="false" isDataStream="false" isDeprecated="false" isInternal="true" isReadOnly="true" maxOccurs="1" minOccurs="1" name="AppliedState" noSave="true" nullable="false" onModifyNotifyMode="queued" precision="" replaces="" type="bool" />
		
		
		<stc:property category="config" collectionType="vector" databaseType="DEFAULT" default="RADAR_TYPE_0" displayName="Radar Type" format="number" id="0x9F007004" idlMapped="true" ilMapped="true" isComposite="false" isDataStream="false" isDeprecated="false" isInternal="false" isReadOnly="false" maxOccurs="1" minOccurs="1" name="RadarType" noSave="false" nullable="false" onModifyNotifyMode="periodic" precision="" replaces="" type="u8">
			<stc:enumerationRef ref="EnumRadarType" />
		</stc:property>

		
		<stc:property category="state" collectionType="vector" databaseType="DEFAULT" default="RADAR_TRIAL_TEST_STATE_IDLE" displayName="State" format="number" id="0x9F007005" idlMapped="true" ilMapped="true" isComposite="false" isDataStream="false" isDeprecated="false" isInternal="false" isReadOnly="true" maxOccurs="1" minOccurs="1" name="State" noSave="true" nullable="false" onModifyNotifyMode="instant" precision="" replaces="" type="u32">
			<stc:enumerationRef ref="EnumRadarTrialTestState" />
		</stc:property>
		
		
		<stc:property category="config" collectionType="vector" databaseType="DEFAULT" default="0" displayName="Trial ID" format="number" id="0x9F007006" idlMapped="true" ilMapped="true" isComposite="false" isDataStream="false" isDeprecated="false" isInternal="false" isReadOnly="true" maxOccurs="1" minOccurs="1" name="TestId" noSave="false" nullable="false" onModifyNotifyMode="periodic" precision="" replaces="" type="handle" />

		<stc:property category="config" collectionType="vector" databaseType="DEFAULT" default="60" displayName="Min. Successful Detection Probability" format="number" id="0x9F007007" idlMapped="true" ilMapped="true" isComposite="false" isDataStream="false" isDeprecated="false" isInternal="false" isReadOnly="false" maxOccurs="1" minOccurs="1" name="MinimumSuccessfulDetectionProbability" noSave="false" nullable="false" onModifyNotifyMode="periodic" precision="" replaces="" type="u32">
			<stc:numericValidation errorMsg="Please enter a valid number" maxInclusive="100" minInclusive="1" />
		</stc:property>

		<stc:property category="config" collectionType="vector" databaseType="DEFAULT" default="30" displayName="Trials per Iteration" format="number" id="0x9F007008" idlMapped="true" ilMapped="true" isComposite="false" isDataStream="false" isDeprecated="false" isInternal="false" isReadOnly="false" maxOccurs="1" minOccurs="1" name="NumOfTrialsPerIteration" noSave="false" nullable="false" onModifyNotifyMode="periodic" precision="" replaces="" type="u32">
			<stc:numericValidation errorMsg="Please enter a valid number" maxInclusive="255" minInclusive="1" />
		</stc:property>

		<stc:property category="config" collectionType="vector" databaseType="DEFAULT" default="1" displayName="Frequency Step One" format="number" id="0x9F007009" idlMapped="true" ilMapped="true" isComposite="false" isDataStream="false" isDeprecated="false" isInternal="false" isReadOnly="false" maxOccurs="1" minOccurs="1" name="FrequencyShiftStep1" noSave="false" nullable="false" onModifyNotifyMode="periodic" precision="" replaces="" type="u32">
			<stc:numericValidation errorMsg="Please enter a valid number" maxInclusive="5" minInclusive="1" />
		</stc:property>
		
		<stc:property category="config" collectionType="vector" databaseType="DEFAULT" default="1" displayName="Frequency Step Two" format="number" id="0x9F00700A" idlMapped="true" ilMapped="true" isComposite="false" isDataStream="false" isDeprecated="false" isInternal="false" isReadOnly="false" maxOccurs="1" minOccurs="1" name="FrequencyShiftStep2" noSave="false" nullable="false" onModifyNotifyMode="periodic" precision="" replaces="" type="u32">
			<stc:numericValidation errorMsg="Please enter a valid number" maxInclusive="5" minInclusive="1" />
		</stc:property>

		
		<stc:property category="state" collectionType="vector" databaseType="DEFAULT" default="Pending" displayName="Success (Result)" format="number" id="0x9F00700B" idlMapped="true" ilMapped="true" isComposite="false" isDataStream="false" isDeprecated="false" isInternal="false" isReadOnly="true" maxOccurs="1" minOccurs="1" name="Success" noSave="true" nullable="false" onModifyNotifyMode="queued" precision="" replaces="" type="string" />

		<stc:property category="state" collectionType="vector" databaseType="DEFAULT" default="Pending" displayName="Highest Frequency (Result)" format="number" id="0x9F00700C" idlMapped="true" ilMapped="true" isComposite="false" isDataStream="false" isDeprecated="false" isInternal="false" isReadOnly="true" maxOccurs="1" minOccurs="1" name="FH" noSave="true" nullable="false" onModifyNotifyMode="queued" precision="" replaces="" type="string" />

		<stc:property category="state" collectionType="vector" databaseType="DEFAULT" default="Pending" displayName="Lowest Frequency (Result)" format="number" id="0x9F00700D" idlMapped="true" ilMapped="true" isComposite="false" isDataStream="false" isDeprecated="false" isInternal="false" isReadOnly="true" maxOccurs="1" minOccurs="1" name="FL" noSave="true" nullable="false" onModifyNotifyMode="queued" precision="" replaces="" type="string" />		
		
	</stc:class>

	
	<stc:class baseClass="BaseRadarEmulationConfig" canCreate="true" displayName="Probability Detection Test" id="0x9F008000" idlMapped="na" ilMapped="na" isInternal="false" isReadOnly="false" isSingleton="false" name="ProbabilityDetectionTestConfig" noSave="false" profile="radaremulation">

		
		<stc:attribute id="0x9F008001" internalIsEnum="false" internalType="bool" name="none" type="framework.UserDefaultsApplicable" value="false" />

		
		<stc:relation allowDuplicate="false" dstClassRef="ProbabilityDetectionTestConfig" dstName="none" embedDstInIlClass="false" embedSrcInIlClass="false" id="0x9F008002" isInternal="false" maxOccurs="unbounded" minOccurs="0" name="ParentTest" order="sequenced" srcClassRef="RadarEmulationConfig" srcName="none" type="framework.ParentChild" />

		
		<stc:enumeration idlMapped="true" ilMapped="true" isFlags="false" name="EnumRadarTrialTestState">
			<stc:enum displayName="Idle" idlMapped="true" ilMapped="true" name="RADAR_TRIAL_TEST_STATE_IDLE" value="0" />
			<stc:enum displayName="Processing" idlMapped="true" ilMapped="true" name="RADAR_TRIAL_TEST_STATE_PROCESSING" value="1" />
			<stc:enum displayName="Complete" idlMapped="true" ilMapped="true" name="RADAR_TRIAL_TEST_STATE_COMPLETE" value="2" />
		</stc:enumeration>

		<stc:enumeration idlMapped="true" ilMapped="true" isFlags="false" name="EnumRadarType">
			<stc:enum displayName="Type 0" idlMapped="true" ilMapped="true" name="RADAR_TYPE_0" value="0" />
			<stc:enum displayName="Type 1" idlMapped="true" ilMapped="true" name="RADAR_TYPE_1" value="1" />
			<stc:enum displayName="Type 2" idlMapped="true" ilMapped="true" name="RADAR_TYPE_2" value="2" />
			<stc:enum displayName="Type 3" idlMapped="true" ilMapped="true" name="RADAR_TYPE_3" value="3" />
			<stc:enum displayName="Type 4" idlMapped="true" ilMapped="true" name="RADAR_TYPE_4" value="4" />
			<stc:enum displayName="Type 5" idlMapped="true" ilMapped="true" name="RADAR_TYPE_5" value="5" />
			<stc:enum displayName="Type 6" idlMapped="true" ilMapped="true" name="RADAR_TYPE_6" value="6" />
		</stc:enumeration>

		<stc:property category="state" collectionType="vector" databaseType="DEFAULT" default="false" format="number" id="0x9F008003" idlMapped="true" ilMapped="true" isComposite="false" isDataStream="false" isDeprecated="false" isInternal="true" isReadOnly="true" maxOccurs="1" minOccurs="1" name="AppliedState" noSave="true" nullable="false" onModifyNotifyMode="queued" precision="" replaces="" type="bool" />
		
		
		<stc:property category="config" collectionType="vector" databaseType="DEFAULT" default="RADAR_TYPE_0" displayName="Radar Type" format="number" id="0x9F008004" idlMapped="true" ilMapped="true" isComposite="false" isDataStream="false" isDeprecated="false" isInternal="false" isReadOnly="false" maxOccurs="1" minOccurs="1" name="RadarType" noSave="false" nullable="false" onModifyNotifyMode="periodic" precision="" replaces="" type="u8">
			<stc:enumerationRef ref="EnumRadarType" />
		</stc:property>

		
		<stc:property category="state" collectionType="vector" databaseType="DEFAULT" default="RADAR_TRIAL_TEST_STATE_IDLE" displayName="State" format="number" id="0x9F008005" idlMapped="true" ilMapped="true" isComposite="false" isDataStream="false" isDeprecated="false" isInternal="false" isReadOnly="true" maxOccurs="1" minOccurs="1" name="State" noSave="true" nullable="false" onModifyNotifyMode="instant" precision="" replaces="" type="u32">
			<stc:enumerationRef ref="EnumRadarTrialTestState" />
		</stc:property>
		
		
		<stc:property category="config" collectionType="vector" databaseType="DEFAULT" default="0" displayName="Trial ID" format="number" id="0x9F008006" idlMapped="true" ilMapped="true" isComposite="false" isDataStream="false" isDeprecated="false" isInternal="false" isReadOnly="true" maxOccurs="1" minOccurs="1" name="TestId" noSave="false" nullable="false" onModifyNotifyMode="periodic" precision="" replaces="" type="handle" />

		<stc:property category="config" collectionType="vector" databaseType="DEFAULT" default="30" displayName="Number of Trials" format="number" id="0x9F008007" idlMapped="true" ilMapped="true" isComposite="false" isDataStream="false" isDeprecated="false" isInternal="false" isReadOnly="false" maxOccurs="1" minOccurs="1" name="NumOfTrials" noSave="false" nullable="false" onModifyNotifyMode="periodic" precision="" replaces="" type="u32">
			<stc:numericValidation errorMsg="Please enter a valid number" maxInclusive="255" minInclusive="1" />
		</stc:property>

		
		<stc:property category="state" collectionType="vector" databaseType="DEFAULT" default="Pending" displayName="Probability (Result)" format="number" id="0x9F008008" idlMapped="true" ilMapped="true" isComposite="false" isDataStream="false" isDeprecated="false" isInternal="false" isReadOnly="true" maxOccurs="1" minOccurs="1" name="Probability" noSave="true" nullable="false" onModifyNotifyMode="queued" precision="" replaces="" type="string" />
		
	</stc:class>	
	
	
	<stc:class baseClass="framework.Command" canCreate="false" id="0x9F009000" idlMapped="na" ilMapped="na" isInternal="true" isReadOnly="false" isSingleton="false" name="BaseRadarTransmitCommand" noSave="false" profile="radaremulation">

		<stc:property category="input" collectionType="vector" databaseType="DEFAULT" default="0" displayName="Radar Trials Config List" format="number" id="0x9F009001" idlMapped="true" ilMapped="true" isComposite="false" isDataStream="false" isDeprecated="false" isInternal="false" isReadOnly="false" maxOccurs="unbounded" minOccurs="0" name="ConfigList" noSave="false" nullable="false" onModifyNotifyMode="none" precision="" replaces="" type="handle">

			
			<stc:attribute id="0x9F009002" internalIsEnum="false" internalType="string" name="none" type="core.ValidHandleTypes" value="RadarTrialConfig" />

			<stc:attribute id="0x9F009003" internalIsEnum="false" internalType="string" name="none" type="framework.PropertyDescription" value="List of Trial Configurations" />
		</stc:property>

	</stc:class>

	
	<stc:class baseClass="BaseRadarTransmitCommand" canCreate="true" displayName="Start Transmit Trials Command" id="0x9F00A000" idlMapped="na" ilMapped="na" isInternal="false" isReadOnly="false" isSingleton="false" name="RadarTransmitTrialsStartCommand" noSave="false" profile="radaremulation">

		<stc:attribute id="0x9F00A001" internalIsEnum="false" internalType="bool" name="none" type="core.RequireApplyToIL" value="true" />
		<stc:attribute id="0x9F00A002" internalIsEnum="false" internalType="bool" name="none" type="core.Sequenceable" value="true" />
		<stc:attribute id="0x9F00A003" internalIsEnum="false" internalType="string" name="none" type="framework.CommandCategory" value="Wireless LAN//Radar Emulation" />
		<stc:attribute id="0x9F00A004" internalIsEnum="false" internalType="string" name="none" type="framework.CommandDescription" value="Start the radar signals transmission." />
	</stc:class>

	
	<stc:class baseClass="BaseRadarTransmitCommand" canCreate="true" displayName="Cancel Transmit Trials Command" id="0x9F00B000" idlMapped="na" ilMapped="na" isInternal="false" isReadOnly="false" isSingleton="false" name="RadarTransmitTrialsCancelCommand" noSave="false" profile="radaremulation">

		<stc:attribute id="0x9F00B001" internalIsEnum="false" internalType="bool" name="none" type="core.RequireApplyToIL" value="true" />
		<stc:attribute id="0x9F00B002" internalIsEnum="false" internalType="bool" name="none" type="core.Sequenceable" value="true" />
		<stc:attribute id="0x9F00B003" internalIsEnum="false" internalType="string" name="none" type="framework.CommandCategory" value="Wireless LAN//Radar Emulation" />
		<stc:attribute id="0x9F00B004" internalIsEnum="false" internalType="string" name="none" type="framework.CommandDescription" value="Cancel the radar signals transmission." />
	</stc:class>
	
	
	<stc:class baseClass="framework.Command" canCreate="false" id="0x9F00C000" idlMapped="na" ilMapped="na" isInternal="true" isReadOnly="false" isSingleton="false" name="BaseRadarDetectionTestCommand" noSave="false" profile="radaremulation">

		<stc:property category="input" collectionType="vector" databaseType="DEFAULT" default="0" displayName="Detection Test Config List" format="number" id="0x9F00C001" idlMapped="true" ilMapped="true" isComposite="false" isDataStream="false" isDeprecated="false" isInternal="false" isReadOnly="false" maxOccurs="unbounded" minOccurs="0" name="ConfigList" noSave="false" nullable="false" onModifyNotifyMode="none" precision="" replaces="" type="handle">

			
			<stc:attribute id="0x9F00C002" internalIsEnum="false" internalType="string" name="none" type="core.ValidHandleTypes" value="BandwidthDetectionTestConfig,ProbabilityDetectionTestConfig" />

			<stc:attribute id="0x9F00C003" internalIsEnum="false" internalType="string" name="none" type="framework.PropertyDescription" value="List of Test Configurations" />			
		</stc:property>

	</stc:class>

	
	<stc:class baseClass="BaseRadarDetectionTestCommand" canCreate="true" displayName="Start Bandwidth Detection Test" id="0x9F00D000" idlMapped="na" ilMapped="na" isInternal="false" isReadOnly="false" isSingleton="false" name="BandwidthDetectionTestStartCommand" noSave="false" profile="radaremulation">

		<stc:attribute id="0x9F00D001" internalIsEnum="false" internalType="bool" name="none" type="core.RequireApplyToIL" value="true" />
		<stc:attribute id="0x9F00D002" internalIsEnum="false" internalType="bool" name="none" type="core.Sequenceable" value="true" />
		<stc:attribute id="0x9F00D003" internalIsEnum="false" internalType="string" name="none" type="framework.CommandCategory" value="Wireless LAN//Radar Emulation" />
		<stc:attribute id="0x9F00D004" internalIsEnum="false" internalType="string" name="none" type="framework.CommandDescription" value="Start the bandwidth detection test." />
	</stc:class>

	
	<stc:class baseClass="BaseRadarDetectionTestCommand" canCreate="true" displayName="Cancel Bandwidth Detection Test" id="0x9F00E000" idlMapped="na" ilMapped="na" isInternal="false" isReadOnly="false" isSingleton="false" name="BandwidthDetectionTestCancelCommand" noSave="false" profile="radaremulation">

		<stc:attribute id="0x9F00E001" internalIsEnum="false" internalType="bool" name="none" type="core.RequireApplyToIL" value="true" />
		<stc:attribute id="0x9F00E002" internalIsEnum="false" internalType="bool" name="none" type="core.Sequenceable" value="true" />
		<stc:attribute id="0x9F00E003" internalIsEnum="false" internalType="string" name="none" type="framework.CommandCategory" value="Wireless LAN//Radar Emulation" />
		<stc:attribute id="0x9F00E004" internalIsEnum="false" internalType="string" name="none" type="framework.CommandDescription" value="Cancel the bandwidth detection test." />
	</stc:class>

	
	<stc:class baseClass="BaseRadarDetectionTestCommand" canCreate="true" displayName="Start Probability Detection Test" id="0x9F00F000" idlMapped="na" ilMapped="na" isInternal="false" isReadOnly="false" isSingleton="false" name="ProbabilityDetectionTestStartCommand" noSave="false" profile="radaremulation">

		<stc:attribute id="0x9F00F001" internalIsEnum="false" internalType="bool" name="none" type="core.RequireApplyToIL" value="true" />
		<stc:attribute id="0x9F00F002" internalIsEnum="false" internalType="bool" name="none" type="core.Sequenceable" value="true" />
		<stc:attribute id="0x9F00F003" internalIsEnum="false" internalType="string" name="none" type="framework.CommandCategory" value="Wireless LAN//Radar Emulation" />
		<stc:attribute id="0x9F00F004" internalIsEnum="false" internalType="string" name="none" type="framework.CommandDescription" value="Start the probability detection test." />
	</stc:class>

	
	<stc:class baseClass="BaseRadarDetectionTestCommand" canCreate="true" displayName="Cancel Probability Detection Test" id="0x9F010000" idlMapped="na" ilMapped="na" isInternal="false" isReadOnly="false" isSingleton="false" name="ProbabilityDetectionTestCancelCommand" noSave="false" profile="radaremulation">

		<stc:attribute id="0x9F010001" internalIsEnum="false" internalType="bool" name="none" type="core.RequireApplyToIL" value="true" />
		<stc:attribute id="0x9F010002" internalIsEnum="false" internalType="bool" name="none" type="core.Sequenceable" value="true" />
		<stc:attribute id="0x9F010003" internalIsEnum="false" internalType="string" name="none" type="framework.CommandCategory" value="Wireless LAN//Radar Emulation" />
		<stc:attribute id="0x9F010004" internalIsEnum="false" internalType="string" name="none" type="framework.CommandDescription" value="Cancel the probability detection test." />
	</stc:class>	
	
	
	<stc:class baseClass="framework.Command" canCreate="true" displayName="Create Radar Trials Command" id="0x9F011000" idlMapped="na" ilMapped="na" isInternal="false" isReadOnly="false" isSingleton="false" name="RadarTrialCreateCommand" noSave="false" profile="none">

		<stc:attribute id="0x9F011001" internalIsEnum="false" internalType="bool" name="none" type="core.RequireApplyToIL" value="false" />
		<stc:attribute id="0x9F011002" internalIsEnum="false" internalType="bool" name="none" type="core.Sequenceable" value="true" />
		<stc:attribute id="0x9F011003" internalIsEnum="false" internalType="string" name="none" type="framework.CommandCategory" value="Wireless LAN//Radar Emulation" />
		<stc:attribute id="0x9F011004" internalIsEnum="false" internalType="string" name="none" type="framework.CommandDescription" value="Generates Radar Trials." />

		
		<stc:enumeration idlMapped="true" ilMapped="true" isFlags="false" name="EnumRadarTrialRegion">
			<stc:enum displayName="FCC: 2016" idlMapped="true" ilMapped="true" name="RADAR_TRIAL_REGION_FCC2016" value="0" />
			<stc:enum displayName="ETSI: V2.0.7" idlMapped="true" ilMapped="true" name="RADAR_TRIAL_REGION_ETSI207" value="1" />
		</stc:enumeration>

		<stc:enumeration idlMapped="true" ilMapped="true" isFlags="false" name="EnumRadarType">
			<stc:enum displayName="Type 0" idlMapped="true" ilMapped="true" name="RADAR_TYPE_0" value="0" />
			<stc:enum displayName="Type 1" idlMapped="true" ilMapped="true" name="RADAR_TYPE_1" value="1" />
			<stc:enum displayName="Type 2" idlMapped="true" ilMapped="true" name="RADAR_TYPE_2" value="2" />
			<stc:enum displayName="Type 3" idlMapped="true" ilMapped="true" name="RADAR_TYPE_3" value="3" />
			<stc:enum displayName="Type 4" idlMapped="true" ilMapped="true" name="RADAR_TYPE_4" value="4" />
			<stc:enum displayName="Type 5" idlMapped="true" ilMapped="true" name="RADAR_TYPE_5" value="5" />
			<stc:enum displayName="Type 6" idlMapped="true" ilMapped="true" name="RADAR_TYPE_6" value="6" />
		</stc:enumeration>

		<stc:property category="input" collectionType="vector" databaseType="DEFAULT" default="0" displayName="Radar Emulation Port List" format="number" id="0x9F011005" idlMapped="true" ilMapped="true" isComposite="false" isDataStream="false" isDeprecated="false" isInternal="false" isReadOnly="false" maxOccurs="unbounded" minOccurs="0" name="RadarEmulationPortList" noSave="false" nullable="false" onModifyNotifyMode="none" precision="" replaces="" type="handle">
		</stc:property>

		<stc:property category="input" collectionType="vector" databaseType="DEFAULT" default="RADAR_TRIAL_REGION_FCC2016" displayName="Region Code" format="number" id="0x9F011006" idlMapped="true" ilMapped="true" isComposite="false" isDataStream="false" isDeprecated="false" isInternal="true" isReadOnly="false" maxOccurs="1" minOccurs="1" name="Region" noSave="false" nullable="false" onModifyNotifyMode="none" precision="" replaces="" type="u8">
			<stc:enumerationRef ref="EnumRadarTrialRegion" />
		</stc:property>

		<stc:property category="input" collectionType="vector" databaseType="DEFAULT" default="RADAR_TYPE_0" displayName="Radar Type" format="number" id="0x9F011007" idlMapped="true" ilMapped="true" isComposite="false" isDataStream="false" isDeprecated="false" isInternal="false" isReadOnly="false" maxOccurs="1" minOccurs="1" name="RadarType" noSave="false" nullable="false" onModifyNotifyMode="none" precision="" replaces="" type="u8">
			<stc:enumerationRef ref="EnumRadarType" />
		</stc:property>

		<stc:property category="input" collectionType="vector" databaseType="DEFAULT" default="10" displayName="Number of Trials" format="number" id="0x9F011008" idlMapped="true" ilMapped="true" isComposite="false" isDataStream="false" isDeprecated="false" isInternal="false" isReadOnly="false" maxOccurs="1" minOccurs="1" name="NumberOfTrials" noSave="false" nullable="false" onModifyNotifyMode="none" precision="" replaces="" type="u32">
			<stc:numericValidation errorMsg="Please enter a valid number" maxInclusive="255" minInclusive="1" />
		</stc:property>

		<stc:property category="input" collectionType="vector" databaseType="DEFAULT" default="false" displayName="Transmit Signal Only." format="number" id="0x9F011009" idlMapped="true" ilMapped="true" isComposite="false" isDataStream="false" isDeprecated="false" isInternal="false" isReadOnly="false" maxOccurs="1" minOccurs="1" name="RadarTransmitOnly" noSave="false" nullable="false" onModifyNotifyMode="none" precision="" replaces="" type="bool">
		</stc:property>

	</stc:class>

	
	<stc:class baseClass="framework.Command" canCreate="true" displayName="Create Bandwidth Detection Test Command" id="0x9F012000" idlMapped="na" ilMapped="na" isInternal="false" isReadOnly="false" isSingleton="false" name="BandwidthDetectionTestCreateCommand" noSave="false" profile="none">

		<stc:enumeration idlMapped="true" ilMapped="true" isFlags="false" name="EnumRadarType">
			<stc:enum displayName="Type 0" idlMapped="true" ilMapped="true" name="RADAR_TYPE_0" value="0" />
			<stc:enum displayName="Type 1" idlMapped="true" ilMapped="true" name="RADAR_TYPE_1" value="1" />
			<stc:enum displayName="Type 2" idlMapped="true" ilMapped="true" name="RADAR_TYPE_2" value="2" />
			<stc:enum displayName="Type 3" idlMapped="true" ilMapped="true" name="RADAR_TYPE_3" value="3" />
			<stc:enum displayName="Type 4" idlMapped="true" ilMapped="true" name="RADAR_TYPE_4" value="4" />
			<stc:enum displayName="Type 5" idlMapped="true" ilMapped="true" name="RADAR_TYPE_5" value="5" />
			<stc:enum displayName="Type 6" idlMapped="true" ilMapped="true" name="RADAR_TYPE_6" value="6" />
		</stc:enumeration>
		
		<stc:property category="input" collectionType="vector" databaseType="DEFAULT" default="0" displayName="Port List" format="number" id="0x9F012001" idlMapped="true" ilMapped="true" isComposite="false" isDataStream="false" isDeprecated="false" isInternal="false" isReadOnly="false" maxOccurs="unbounded" minOccurs="0" name="ConfigList" noSave="false" nullable="false" onModifyNotifyMode="none" precision="" replaces="" type="handle">
			
			<stc:attribute id="0x9F012007" internalIsEnum="false" internalType="string" name="none" type="core.ValidHandleTypes" value="BandwidthDetectionTestConfig" />
			
			<stc:attribute id="0x9F012008" internalIsEnum="false" internalType="string" name="none" type="framework.PropertyDescription" value="List of Test Configurations" />
		</stc:property>

		<stc:property category="input" collectionType="vector" databaseType="DEFAULT" default="RADAR_TYPE_0" displayName="Radar Type" format="number" id="0x9F012002" idlMapped="true" ilMapped="true" isComposite="false" isDataStream="false" isDeprecated="false" isInternal="false" isReadOnly="false" maxOccurs="1" minOccurs="1" name="RadarType" noSave="false" nullable="false" onModifyNotifyMode="none" precision="" replaces="" type="u8">
			<stc:enumerationRef ref="EnumRadarType" />
		</stc:property>

		<stc:property category="input" collectionType="vector" databaseType="DEFAULT" default="60" displayName="Min. Successful Detection Probability" format="number" id="0x9F012003" idlMapped="true" ilMapped="true" isComposite="false" isDataStream="false" isDeprecated="false" isInternal="false" isReadOnly="false" maxOccurs="1" minOccurs="1" name="MinimumSuccessfulDetectionProbability" noSave="false" nullable="false" onModifyNotifyMode="none" precision="" replaces="" type="u32">
			<stc:numericValidation errorMsg="Please enter a valid number" maxInclusive="100" minInclusive="1" />
		</stc:property>

		<stc:property category="input" collectionType="vector" databaseType="DEFAULT" default="30" displayName="Trials per Iteration" format="number" id="0x9F012004" idlMapped="true" ilMapped="true" isComposite="false" isDataStream="false" isDeprecated="false" isInternal="false" isReadOnly="false" maxOccurs="1" minOccurs="1" name="NumOfTrialsPerIteration" noSave="false" nullable="false" onModifyNotifyMode="none" precision="" replaces="" type="u32">
			<stc:numericValidation errorMsg="Please enter a valid number" maxInclusive="255" minInclusive="1" />
		</stc:property>

		<stc:property category="input" collectionType="vector" databaseType="DEFAULT" default="1" displayName="Frequency Step One" format="number" id="0x9F012005" idlMapped="true" ilMapped="true" isComposite="false" isDataStream="false" isDeprecated="false" isInternal="false" isReadOnly="false" maxOccurs="1" minOccurs="1" name="FrequencyShiftStep1" noSave="false" nullable="false" onModifyNotifyMode="none" precision="" replaces="" type="u32">
			<stc:numericValidation errorMsg="Please enter a valid number" maxInclusive="5" minInclusive="1" />
		</stc:property>

		<stc:property category="input" collectionType="vector" databaseType="DEFAULT" default="1" displayName="Frequency Step Two" format="number" id="0x9F012006" idlMapped="true" ilMapped="true" isComposite="false" isDataStream="false" isDeprecated="false" isInternal="false" isReadOnly="false" maxOccurs="1" minOccurs="1" name="FrequencyShiftStep2" noSave="false" nullable="false" onModifyNotifyMode="none" precision="" replaces="" type="u32">
			<stc:numericValidation errorMsg="Please enter a valid number" maxInclusive="5" minInclusive="1" />
		</stc:property>
		
	</stc:class>

	
	<stc:class baseClass="framework.Command" canCreate="true" displayName="Probability Detection Test Create Command" id="0x9F013000" idlMapped="na" ilMapped="na" isInternal="false" isReadOnly="false" isSingleton="false" name="ProbabilityDetectionTestCreateCommand" noSave="false" profile="none">

		<stc:enumeration idlMapped="true" ilMapped="true" isFlags="false" name="EnumRadarType">
			<stc:enum displayName="Type 0" idlMapped="true" ilMapped="true" name="RADAR_TYPE_0" value="0" />
			<stc:enum displayName="Type 1" idlMapped="true" ilMapped="true" name="RADAR_TYPE_1" value="1" />
			<stc:enum displayName="Type 2" idlMapped="true" ilMapped="true" name="RADAR_TYPE_2" value="2" />
			<stc:enum displayName="Type 3" idlMapped="true" ilMapped="true" name="RADAR_TYPE_3" value="3" />
			<stc:enum displayName="Type 4" idlMapped="true" ilMapped="true" name="RADAR_TYPE_4" value="4" />
			<stc:enum displayName="Type 5" idlMapped="true" ilMapped="true" name="RADAR_TYPE_5" value="5" />
			<stc:enum displayName="Type 6" idlMapped="true" ilMapped="true" name="RADAR_TYPE_6" value="6" />
		</stc:enumeration>

		<stc:property category="input" collectionType="vector" databaseType="DEFAULT" default="0" displayName="Port List" format="number" id="0x9F013001" idlMapped="true" ilMapped="true" isComposite="false" isDataStream="false" isDeprecated="false" isInternal="false" isReadOnly="false" maxOccurs="unbounded" minOccurs="0" name="ConfigList" noSave="false" nullable="false" onModifyNotifyMode="none" precision="" replaces="" type="handle">

			<stc:attribute id="0x9F013004" internalIsEnum="false" internalType="string" name="none" type="core.ValidHandleTypes" value="ProbabilityDetectionTestConfig" />

			<stc:attribute id="0x9F013005" internalIsEnum="false" internalType="string" name="none" type="framework.PropertyDescription" value="List of Test Configurations" />
		</stc:property>

		<stc:property category="input" collectionType="vector" databaseType="DEFAULT" default="RADAR_TYPE_0" displayName="Radar Type" format="number" id="0x9F013002" idlMapped="true" ilMapped="true" isComposite="false" isDataStream="false" isDeprecated="false" isInternal="false" isReadOnly="false" maxOccurs="1" minOccurs="1" name="RadarType" noSave="false" nullable="false" onModifyNotifyMode="none" precision="" replaces="" type="u8">
			<stc:enumerationRef ref="EnumRadarType" />
		</stc:property>

		<stc:property category="input" collectionType="vector" databaseType="DEFAULT" default="30" displayName="Number of Trials" format="number" id="0x9F013003" idlMapped="true" ilMapped="true" isComposite="false" isDataStream="false" isDeprecated="false" isInternal="false" isReadOnly="false" maxOccurs="1" minOccurs="1" name="NumOfTrials" noSave="false" nullable="false" onModifyNotifyMode="none" precision="" replaces="" type="u32">
			<stc:numericValidation errorMsg="Please enter a valid number" maxInclusive="255" minInclusive="1" />
		</stc:property>

	</stc:class>

	
	<stc:class baseClass="framework.Command" canCreate="true" displayName="Radar Emulation Setup Plugins Command" id="0x9F014000" idlMapped="na" ilMapped="na" isInternal="true" isReadOnly="false" isSingleton="false" name="RadarEmulationSetupPluginsCommand" noSave="false" profile="none">

		<stc:property category="input" collectionType="vector" databaseType="DEFAULT" default="0" displayName="Port List" format="number" id="0x9F014001" idlMapped="true" ilMapped="true" isComposite="false" isDataStream="false" isDeprecated="false" isInternal="false" isReadOnly="false" maxOccurs="unbounded" minOccurs="0" name="ConfigList" noSave="false" nullable="false" onModifyNotifyMode="none" precision="" replaces="" type="handle" />
		
	</stc:class>

	
	<stc:class baseClass="framework.Result" canCreate="true" id="0x9F015000" idlMapped="na" ilMapped="na" isInternal="false" isReadOnly="false" isSingleton="false" name="RadarEmulationTrialResults" noSave="false" profile="radaremulation">

		<stc:relation allowDuplicate="false" dstClassRef="RadarEmulationTrialResults" dstName="none" embedDstInIlClass="false" embedSrcInIlClass="false" id="0x9F015001" isInternal="false" maxOccurs="unbounded" minOccurs="0" name="ParentConfig" order="sequenced" srcClassRef="RadarTrialConfig" srcName="none" type="framework.ParentChild" />

		<stc:relation allowDuplicate="false" dstClassRef="RadarEmulationTrialResults" dstName="none" embedDstInIlClass="false" embedSrcInIlClass="false" id="0x9F015002" isInternal="false" maxOccurs="unbounded" minOccurs="0" name="ResultParentConfig" order="sequenced" srcClassRef="RadarTrialConfig" srcName="none" type="framework.ResultChild" />
		
		
		<stc:enumeration idlMapped="true" ilMapped="true" isFlags="false" name="EnumTrialState">
			<stc:enum displayName="IDLE" idlMapped="true" ilMapped="true" name="TRIAL_STATE_IDLE" value="0" />
			<stc:enum displayName="PROCESSING" idlMapped="true" ilMapped="true" name="TRIAL_STATE_PROCESSING" value="1" />
			<stc:enum displayName="TTRANSMITTED" idlMapped="true" ilMapped="true" name="TRIAL_STATE_TRANSMITTED" value="2" />
			<stc:enum displayName="ANALYZED" idlMapped="true" ilMapped="true" name="TRIAL_STATE_ANALYZED" value="3" />
		</stc:enumeration>

		<stc:property category="result" collectionType="vector" databaseType="DEFAULT" default="TRIAL_STATE_IDLE" displayName="Trial State" format="number" id="0x9F015003" idlMapped="true" ilMapped="true" isComposite="false" isDataStream="false" isDeprecated="false" isInternal="false" isReadOnly="true" maxOccurs="1" minOccurs="1" name="State" noSave="true" nullable="false" onModifyNotifyMode="periodic" precision="" replaces="" type="u8">
			<stc:attribute id="0x9F01500A" internalIsEnum="false" internalType="bool" name="none" type="core.ResultPropertyMarkForEotSave" value="true" />
			<stc:attribute id="0x9F01500B" internalIsEnum="false" internalType="bool" name="none" type="core.ResultPropertyIsDefaultForSubscription" value="true" />
			<stc:enumerationRef ref="EnumTrialState" />
		</stc:property>

		<stc:property category="result" collectionType="vector" databaseType="DEFAULT" default="0" displayName="Trial ID" format="number" id="0x9F015004" idlMapped="true" ilMapped="true" isComposite="false" isDataStream="false" isDeprecated="false" isInternal="false" isReadOnly="true" maxOccurs="1" minOccurs="1" name="TrialHandle" noSave="true" nullable="false" onModifyNotifyMode="periodic" precision="" replaces="" type="u32">
			<stc:attribute id="0x9F01500C" internalIsEnum="false" internalType="bool" name="none" type="core.ResultPropertyMarkForEotSave" value="true" />
			<stc:attribute id="0x9F01500D" internalIsEnum="false" internalType="bool" name="none" type="core.ResultPropertyIsDefaultForSubscription" value="true" />
		</stc:property>

		<stc:property category="result" collectionType="vector" databaseType="DEFAULT" default="0" displayName="Trial Index" format="number" id="0x9F015005" idlMapped="true" ilMapped="true" isComposite="false" isDataStream="false" isDeprecated="false" isInternal="false" isReadOnly="true" maxOccurs="1" minOccurs="1" name="TrialIndex" noSave="true" nullable="false" onModifyNotifyMode="periodic" precision="" replaces="" type="u32">
			<stc:attribute id="0x9F01500E" internalIsEnum="false" internalType="bool" name="none" type="core.ResultPropertyMarkForEotSave" value="true" />
			<stc:attribute id="0x9F01500F" internalIsEnum="false" internalType="bool" name="none" type="core.ResultPropertyIsDefaultForSubscription" value="true" />
		</stc:property>

		<stc:property category="result" collectionType="vector" databaseType="DEFAULT" default="0" displayName="Number of Channel Switch Announcements" format="number" id="0x9F015006" idlMapped="true" ilMapped="true" isComposite="false" isDataStream="false" isDeprecated="false" isInternal="false" isReadOnly="true" maxOccurs="1" minOccurs="1" name="NbrOfCsaReceived" noSave="true" nullable="false" onModifyNotifyMode="periodic" precision="" replaces="" type="u64">
			<stc:attribute id="0x9F015010" internalIsEnum="false" internalType="bool" name="none" type="core.ResultPropertyMarkForEotSave" value="true" />
			<stc:attribute id="0x9F015011" internalIsEnum="false" internalType="bool" name="none" type="core.ResultPropertyIsDefaultForSubscription" value="true" />
		</stc:property>

		<stc:property category="result" collectionType="vector" databaseType="DEFAULT" default="0" displayName="Channel Switch Announcements First Arrival (ms)" format="number" id="0x9F015007" idlMapped="true" ilMapped="true" isComposite="false" isDataStream="false" isDeprecated="false" isInternal="false" isReadOnly="true" maxOccurs="1" minOccurs="1" name="FirstCsaDelay" noSave="true" nullable="false" onModifyNotifyMode="periodic" precision="" replaces="" type="u64">
			<stc:attribute id="0x9F015012" internalIsEnum="false" internalType="bool" name="none" type="core.ResultPropertyMarkForEotSave" value="true" />
			<stc:attribute id="0x9F015013" internalIsEnum="false" internalType="bool" name="none" type="core.ResultPropertyIsDefaultForSubscription" value="true" />
		</stc:property>

		<stc:property category="result" collectionType="vector" databaseType="DEFAULT" default="0" displayName="Channel Move Time (ms)" format="number" id="0x9F015008" idlMapped="true" ilMapped="true" isComposite="false" isDataStream="false" isDeprecated="false" isInternal="false" isReadOnly="true" maxOccurs="1" minOccurs="1" name="ChnMoveTime" noSave="true" nullable="false" onModifyNotifyMode="periodic" precision="" replaces="" type="u64">
			<stc:attribute id="0x9F015014" internalIsEnum="false" internalType="bool" name="none" type="core.ResultPropertyMarkForEotSave" value="true" />
			<stc:attribute id="0x9F015015" internalIsEnum="false" internalType="bool" name="none" type="core.ResultPropertyIsDefaultForSubscription" value="true" />
		</stc:property>

		<stc:property category="result" collectionType="vector" databaseType="DEFAULT" default="0" displayName="Channel Closing Transaction Time (ms)" format="number" id="0x9F015009" idlMapped="true" ilMapped="true" isComposite="false" isDataStream="false" isDeprecated="false" isInternal="false" isReadOnly="true" maxOccurs="1" minOccurs="1" name="ChnClosingTime" noSave="true" nullable="false" onModifyNotifyMode="periodic" precision="" replaces="" type="u64">
			<stc:attribute id="0x9F015016" internalIsEnum="false" internalType="bool" name="none" type="core.ResultPropertyMarkForEotSave" value="true" />
			<stc:attribute id="0x9F015017" internalIsEnum="false" internalType="bool" name="none" type="core.ResultPropertyIsDefaultForSubscription" value="true" />
		</stc:property>

	</stc:class>
	
	
	
	<stc:commandTarget command="RadarTransmitTrialsStartCommand" default="1" target="RadarTrialConfig" />

	<stc:commandTarget command="RadarTransmitTrialsCancelCommand" default="0" target="RadarTrialConfig" />

	<stc:commandTarget command="BandwidthDetectionTestStartCommand" default="1" target="BandwidthDetectionTestConfig" />

	<stc:commandTarget command="BandwidthDetectionTestCancelCommand" default="0" target="BandwidthDetectionTestConfig" />	
	
	<stc:commandTarget command="ProbabilityDetectionTestStartCommand" default="1" target="ProbabilityDetectionTestConfig" />

	<stc:commandTarget command="ProbabilityDetectionTestCancelCommand" default="0" target="ProbabilityDetectionTestConfig" />
	
	<stc:commandTarget command="RadarTrialCreateCommand" default="0" target="BandwidthDetectionTestConfig" />

	<stc:commandTarget command="BandwidthDetectionTestCreateCommand" default="0" target="RadarTrialConfig" />

	<stc:commandTarget command="ProbabilityDetectionTestCreateCommand" default="0" target="ProbabilityDetectionTestConfig" />

	<stc:commandTarget command="RadarEmulationSetupPluginsCommand" default="1" target="RadarEmulationSetupPluginsCommand" />
	
</stc:meta>