<stc:meta xmlns:stc="urn:www.spirentcom.com:XMLSchema.xsd" id="0x96000000" package="traffic" plugin="responder" version="0.0.0-0">

    

    
    <stc:idlDef idlDepends="" idlImplements="" idlIncludes="" idlName="responder" idlVersion="1" isInterface="true" />

    
    

    
    <stc:class baseClass="base.core.PduContainer" canCreate="false" id="0x96001000" idlMapped="na" ilMapped="na" isInternal="true" isReadOnly="false" isSingleton="false" name="BaseFrameResponseConfig" noSave="false" profile="responder">

        
        <stc:enumeration idlMapped="true" ilMapped="true" isFlags="false" name="EnumFilterType">
            <stc:enum displayName="Use tcpdump expression" idlMapped="true" ilMapped="true" name="TCPDUMP" value="0" />
            <stc:enum displayName="Use frame definition" idlMapped="true" ilMapped="true" name="FRAME" value="1" />
        </stc:enumeration>

        <stc:property category="config" collectionType="vector" databaseType="DEFAULT" default="" displayName="tcpdump Filter Expression" format="number" id="0x96001001" idlMapped="true" ilMapped="true" isComposite="false" isDataStream="false" isDeprecated="false" isInternal="false" isReadOnly="false" maxOccurs="1" minOccurs="1" name="FilterExpression" noSave="false" nullable="false" onModifyNotifyMode="periodic" precision="" replaces="" type="string" />
        <stc:property category="config" collectionType="vector" databaseType="DEFAULT" default="FRAME" displayName="Filter Selection" format="number" id="0x96001002" idlMapped="true" ilMapped="true" isComposite="false" isDataStream="false" isDeprecated="false" isInternal="false" isReadOnly="false" maxOccurs="1" minOccurs="1" name="FilterSelection" noSave="false" nullable="false" onModifyNotifyMode="periodic" precision="" replaces="" type="u8">
            <stc:enumerationRef ref="EnumFilterType" />
        </stc:property>
        <stc:property category="state" collectionType="vector" databaseType="DEFAULT" default="false" format="number" id="0x96001003" idlMapped="true" ilMapped="true" isComposite="false" isDataStream="false" isDeprecated="false" isInternal="true" isReadOnly="true" maxOccurs="1" minOccurs="1" name="IsResponderRunning" noSave="true" nullable="false" onModifyNotifyMode="queued" precision="" replaces="" type="bool" />
    </stc:class>

    <stc:class baseClass="BaseFrameResponseConfig" canCreate="true" id="0x96002000" idlMapped="na" ilMapped="na" isInternal="false" isReadOnly="false" isSingleton="false" name="ProbeFrameResponseConfig" noSave="false" profile="responder">
        
        <stc:relation allowDuplicate="false" dstClassRef="ProbeFrameResponseConfig" dstName="ProbeResponseConfig" embedDstInIlClass="false" embedSrcInIlClass="false" id="0x96002001" isInternal="false" maxOccurs="1" minOccurs="0" name="ParentProbe" order="sequenced" srcClassRef="core.Probe" srcName="Probe" type="framework.ParentChild" />
    </stc:class>

    <stc:class baseClass="BaseFrameResponseConfig" canCreate="true" id="0x96003000" idlMapped="na" ilMapped="na" isInternal="true" isReadOnly="false" isSingleton="false" name="DeviceFrameResponseConfig" noSave="false" profile="responder">
        
        <stc:relation allowDuplicate="false" dstClassRef="DeviceFrameResponseConfig" dstName="DeviceResponseConfig" embedDstInIlClass="false" embedSrcInIlClass="false" id="0x96003001" isInternal="false" maxOccurs="1" minOccurs="0" name="ParentDevice" order="sequenced" srcClassRef="core.EmulatedDevice" srcName="Device" type="framework.ParentChild" />
    </stc:class>

    <stc:class baseClass="framework.Result" canCreate="true" id="0x96004000" idlMapped="responder" ilMapped="root" isInternal="false" isReadOnly="false" isSingleton="false" name="FrameResponseResults" noSave="false" profile="responder">
        
        <stc:relation allowDuplicate="false" dstClassRef="FrameResponseResults" dstName="none" embedDstInIlClass="false" embedSrcInIlClass="false" id="0x96004001" isInternal="false" maxOccurs="unbounded" minOccurs="0" name="ParentConfig" order="sequenced" srcClassRef="BaseFrameResponseConfig" srcName="none" type="framework.ParentChild" />
        <stc:relation allowDuplicate="false" dstClassRef="FrameResponseResults" dstName="ResultChild" embedDstInIlClass="false" embedSrcInIlClass="false" id="0x96004002" isInternal="false" maxOccurs="unbounded" minOccurs="0" name="ProbeFrameResultChild" order="sequenced" srcClassRef="ProbeFrameResponseConfig" srcName="ResultParent" type="framework.ResultChild" />
        <stc:relation allowDuplicate="false" dstClassRef="FrameResponseResults" dstName="ResultChild" embedDstInIlClass="false" embedSrcInIlClass="false" id="0x96004003" isInternal="false" maxOccurs="unbounded" minOccurs="0" name="DeviceFrameResultChild" order="sequenced" srcClassRef="DeviceFrameResponseConfig" srcName="ResultParent" type="framework.ResultChild" />
        
        <stc:property category="result" collectionType="vector" databaseType="DEFAULT" default="0" displayName="ParentConfigHandle" format="number" id="0x96004004" idlMapped="true" ilMapped="true" isComposite="false" isDataStream="false" isDeprecated="false" isInternal="true" isReadOnly="true" maxOccurs="1" minOccurs="1" name="PrimaryHandle" noSave="true" nullable="false" onModifyNotifyMode="periodic" precision="" replaces="" type="u64">
            <stc:attribute id="0x96004008" internalIsEnum="false" internalType="bool" name="none" type="core.ResultPropertyMarkForEotSave" value="true" />
            <stc:attribute id="0x96004009" internalIsEnum="false" internalType="bool" name="none" type="core.ResultPropertyAddEotDbIndex" value="true" />
            <stc:attribute id="0x9600400A" internalIsEnum="false" internalType="bool" name="none" type="core.ResultPropertyIsDefaultForSubscription" value="true" />
        </stc:property>
        <stc:property category="result" collectionType="vector" databaseType="DEFAULT" default="0" displayName="Matched Received Frame Count" format="number" id="0x96004005" idlMapped="true" ilMapped="true" isComposite="false" isDataStream="false" isDeprecated="false" isInternal="false" isReadOnly="true" maxOccurs="1" minOccurs="1" name="MatchedRxFrameCount" noSave="true" nullable="false" onModifyNotifyMode="periodic" precision="" replaces="" type="u64">
            <stc:attribute id="0x9600400B" internalIsEnum="true" internalType="u8" name="none" type="core.BaseUnit" value="FRAMES" />
            <stc:attribute id="0x9600400C" internalIsEnum="false" internalType="bool" name="none" type="core.ResultPropertyMarkForEotSave" value="true" />
            <stc:attribute id="0x9600400D" internalIsEnum="false" internalType="bool" name="none" type="core.ResultPropertyIsDefaultForSubscription" value="true" />
        </stc:property>
        <stc:property category="result" collectionType="vector" databaseType="DEFAULT" default="0" displayName="Matched Received Frame Rate" format="number" id="0x96004006" idlMapped="false" ilMapped="false" isComposite="false" isDataStream="false" isDeprecated="false" isInternal="false" isReadOnly="true" maxOccurs="1" minOccurs="1" name="MatchedRxFrameRate" noSave="true" nullable="false" onModifyNotifyMode="periodic" precision="" replaces="" type="double">
            <stc:attribute id="0x9600400E" internalIsEnum="true" internalType="u8" name="none" type="core.BaseUnit" value="FRAMESPERSEC" />
            <stc:attribute id="0x9600400F" internalIsEnum="false" internalType="string" name="none" type="core.ResultPropertyIlCounterpartName" value="(RxFrameRate/1000.0)" />
            <stc:attribute id="0x96004010" internalIsEnum="false" internalType="bool" name="none" type="core.ResultPropertyMarkForEotSave" value="true" />
            <stc:attribute id="0x96004011" internalIsEnum="false" internalType="bool" name="none" type="core.ResultPropertyIsDefaultForSubscription" value="true" />
        </stc:property>
        <stc:property category="result" collectionType="vector" databaseType="DEFAULT" default="0" displayName="Transmitted Frame Count" format="number" id="0x96004007" idlMapped="true" ilMapped="true" isComposite="false" isDataStream="false" isDeprecated="false" isInternal="false" isReadOnly="true" maxOccurs="1" minOccurs="1" name="TxFrameCount" noSave="true" nullable="false" onModifyNotifyMode="periodic" precision="" replaces="" type="u64">
            <stc:attribute id="0x96004012" internalIsEnum="true" internalType="u8" name="none" type="core.BaseUnit" value="FRAMES" />
            <stc:attribute id="0x96004013" internalIsEnum="false" internalType="bool" name="none" type="core.ResultPropertyMarkForEotSave" value="true" />
            <stc:attribute id="0x96004014" internalIsEnum="false" internalType="bool" name="none" type="core.ResultPropertyIsDefaultForSubscription" value="true" />
        </stc:property>

        
        <stc:ilProperty collectionType="vector" maxOccurs="1" minOccurs="1" name="SecondaryHandle" type="u64" />
        <stc:ilProperty collectionType="vector" maxOccurs="1" minOccurs="1" name="RxFrameRate" type="u32" />
    </stc:class>

    <stc:class baseClass="framework.Scriptable" canCreate="true" id="0x96005000" idlMapped="responder" ilMapped="root" isInternal="false" isReadOnly="false" isSingleton="false" name="FrameResponseModifier" noSave="false" profile="responder">
        
        <stc:relation allowDuplicate="false" dstClassRef="FrameResponseModifier" dstName="none" embedDstInIlClass="false" embedSrcInIlClass="false" id="0x96005001" isInternal="false" maxOccurs="unbounded" minOccurs="0" name="ParentConfig" order="sequenced" srcClassRef="FrameResponseProfile" srcName="none" type="framework.ParentChild" />

        
        
        <stc:enumeration idlMapped="true" ilMapped="true" isFlags="false" name="EnumOperType">
            <stc:enum displayName="Set Offset Value" idlMapped="true" ilMapped="true" name="SET_VALUE" value="16" />
            
        </stc:enumeration>

        <stc:property category="config" collectionType="vector" databaseType="DEFAULT" default="SET_VALUE" displayName="Operation Type" format="number" id="0x96005002" idlMapped="true" ilMapped="true" isComposite="false" isDataStream="false" isDeprecated="false" isInternal="false" isReadOnly="false" maxOccurs="1" minOccurs="1" name="Opcode" noSave="false" nullable="false" onModifyNotifyMode="periodic" precision="" replaces="" type="u16">
            <stc:enumerationRef ref="EnumOperType" />
        </stc:property>
        <stc:property category="config" collectionType="vector" databaseType="DEFAULT" default="0" displayName="Field Offset (bytes)" format="number" id="0x96005003" idlMapped="true" ilMapped="true" isComposite="false" isDataStream="false" isDeprecated="false" isInternal="false" isReadOnly="false" maxOccurs="1" minOccurs="1" name="Offset" noSave="false" nullable="false" onModifyNotifyMode="periodic" precision="" replaces="" type="u32">
        </stc:property>
        <stc:property category="config" collectionType="vector" databaseType="DEFAULT" default="" displayName="Operational Mask (Hex)" format="number" id="0x96005004" idlMapped="false" ilMapped="false" isComposite="false" isDataStream="false" isDeprecated="false" isInternal="false" isReadOnly="false" maxOccurs="1" minOccurs="1" name="Mask" noSave="false" nullable="false" onModifyNotifyMode="periodic" precision="" replaces="" type="string">
            <stc:regExpValidation errorMsg="Data must be specified as hexadecimal" pattern="^[a-fA-F0-9]{0,256}$" />
        </stc:property>
        <stc:property category="config" collectionType="vector" databaseType="DEFAULT" default="" displayName="Operational Value (Hex)" format="number" id="0x96005005" idlMapped="false" ilMapped="false" isComposite="false" isDataStream="false" isDeprecated="false" isInternal="false" isReadOnly="false" maxOccurs="1" minOccurs="1" name="Value" noSave="false" nullable="false" onModifyNotifyMode="periodic" precision="" replaces="" type="string">
            <stc:regExpValidation errorMsg="Data must be specified as hexadecimal" pattern="^[a-fA-F0-9]{0,256}$" />
        </stc:property>
        
        <stc:ilProperty collectionType="vector" maxOccurs="unbounded" minOccurs="0" name="Mask" type="u8" />
        <stc:ilProperty collectionType="vector" maxOccurs="unbounded" minOccurs="0" name="Value" type="u8" />
    </stc:class>

    <stc:class baseClass="base.core.PduContainer" canCreate="true" id="0x96006000" idlMapped="na" ilMapped="na" isInternal="false" isReadOnly="false" isSingleton="false" name="FrameResponseProfile" noSave="false" profile="responder">
        
        <stc:relation allowDuplicate="false" dstClassRef="FrameResponseProfile" dstName="none" embedDstInIlClass="false" embedSrcInIlClass="false" id="0x96006001" isInternal="false" maxOccurs="unbounded" minOccurs="0" name="ParentConfig" order="sequenced" srcClassRef="BaseFrameResponseConfig" srcName="none" type="framework.ParentChild" />
        <stc:property category="config" collectionType="vector" databaseType="DEFAULT" default="0" displayName="Transmit Port" format="number" id="0x96006002" idlMapped="true" ilMapped="true" isComposite="false" isDataStream="false" isDeprecated="false" isInternal="false" isReadOnly="false" maxOccurs="1" minOccurs="1" name="TxPort" noSave="false" nullable="false" onModifyNotifyMode="periodic" precision="" replaces="" type="handle">
            <stc:attribute id="0x96006005" internalIsEnum="false" internalType="string" name="none" type="core.ValidHandleTypes" value="Port" />
        </stc:property>
        <stc:property category="config" collectionType="vector" databaseType="DEFAULT" default="0" displayName="Frame transmit delay time (ms)" format="number" id="0x96006003" idlMapped="true" ilMapped="true" isComposite="false" isDataStream="false" isDeprecated="false" isInternal="false" isReadOnly="false" maxOccurs="1" minOccurs="1" name="DelayTime" noSave="false" nullable="false" onModifyNotifyMode="periodic" precision="" replaces="" type="u32" />
        <stc:property category="config" collectionType="vector" databaseType="DEFAULT" default="false" displayName="Echo Rx Frame as Tx Frame" format="number" id="0x96006004" idlMapped="true" ilMapped="true" isComposite="false" isDataStream="false" isDeprecated="false" isInternal="false" isReadOnly="false" maxOccurs="1" minOccurs="1" name="EchoFrame" noSave="false" nullable="false" onModifyNotifyMode="periodic" precision="" replaces="" type="bool" />
    </stc:class>

    
    <stc:class baseClass="framework.Command" canCreate="false" id="0x96007000" idlMapped="na" ilMapped="na" isInternal="true" isReadOnly="false" isSingleton="false" name="FrameResponseCommand" noSave="false" profile="responder">
        <stc:property category="input" collectionType="vector" databaseType="DEFAULT" default="0" displayName="Frame Response Config List" format="number" id="0x96007001" idlMapped="true" ilMapped="true" isComposite="false" isDataStream="false" isDeprecated="false" isInternal="false" isReadOnly="false" maxOccurs="unbounded" minOccurs="0" name="ConfigList" noSave="false" nullable="false" onModifyNotifyMode="none" precision="" replaces="" type="handle">
            
            <stc:attribute id="0x96007002" internalIsEnum="false" internalType="string" name="none" type="core.ValidHandleTypes" value="ProbeFrameResponseConfig,Tag" />
            <stc:attribute id="0x96007003" internalIsEnum="false" internalType="string" name="none" type="framework.PropertyDescription" value="List of Frame Response Configuration Objects For Command" />
        </stc:property>
    </stc:class>

    <stc:class baseClass="FrameResponseCommand" canCreate="true" displayName="Start Frame Response Listening" id="0x96008000" idlMapped="na" ilMapped="na" isInternal="false" isReadOnly="false" isSingleton="false" name="FrameResponseStartCommand" noSave="false" profile="responder">
        <stc:attribute id="0x96008001" internalIsEnum="false" internalType="bool" name="none" type="core.RequireApplyToIL" value="true" />
        <stc:attribute id="0x96008002" internalIsEnum="false" internalType="bool" name="none" type="core.Sequenceable" value="true" />
        <stc:attribute id="0x96008003" internalIsEnum="false" internalType="string" name="none" type="framework.CommandCategory" value="Basic//Responder" />
        <stc:attribute id="0x96008004" internalIsEnum="false" internalType="string" name="none" type="framework.CommandDescription" value="Start the Frame Responder System" />
    </stc:class>

    <stc:class baseClass="FrameResponseCommand" canCreate="true" displayName="Stop Frame Response Listening" id="0x96009000" idlMapped="na" ilMapped="na" isInternal="false" isReadOnly="false" isSingleton="false" name="FrameResponseStopCommand" noSave="false" profile="responder">
        <stc:attribute id="0x96009001" internalIsEnum="false" internalType="bool" name="none" type="core.RequireApplyToIL" value="true" />
        <stc:attribute id="0x96009002" internalIsEnum="false" internalType="bool" name="none" type="core.Sequenceable" value="true" />
        <stc:attribute id="0x96009003" internalIsEnum="false" internalType="string" name="none" type="framework.CommandCategory" value="Basic//Responder" />
        <stc:attribute id="0x96009004" internalIsEnum="false" internalType="string" name="none" type="framework.CommandDescription" value="Stop the Frame Responder System" />
    </stc:class>

    <stc:class baseClass="framework.Command" canCreate="true" id="0x9600A000" idlMapped="na" ilMapped="na" isInternal="true" isReadOnly="false" isSingleton="false" name="FrameConfigConvertCommand" noSave="false" profile="responder">
        <stc:property category="input" collectionType="vector" databaseType="DEFAULT" default="0" displayName="Frame Response Config" format="number" id="0x9600A001" idlMapped="true" ilMapped="true" isComposite="false" isDataStream="false" isDeprecated="false" isInternal="false" isReadOnly="false" maxOccurs="1" minOccurs="1" name="Config" noSave="false" nullable="false" onModifyNotifyMode="none" precision="" replaces="" type="handle">
            <stc:attribute id="0x9600A003" internalIsEnum="false" internalType="string" name="none" type="core.ValidHandleTypes" value="BaseFrameResponseConfig" />
            <stc:attribute id="0x9600A004" internalIsEnum="false" internalType="string" name="none" type="framework.PropertyDescription" value="Frame Response Configuration Objects" />
        </stc:property>
        <stc:property category="output" collectionType="vector" databaseType="DEFAULT" default="" displayName="Tcpdump Filter String" format="number" id="0x9600A002" idlMapped="true" ilMapped="true" isComposite="false" isDataStream="false" isDeprecated="false" isInternal="false" isReadOnly="true" maxOccurs="1" minOccurs="1" name="FilterString" noSave="true" nullable="false" onModifyNotifyMode="instant" precision="" replaces="" type="string">
            <stc:attribute id="0x9600A005" internalIsEnum="false" internalType="string" name="none" type="framework.PropertyDescription" value="Tcpdump Filter String" />
        </stc:property>
    </stc:class>

    
    <stc:commandTarget command="FrameResponseStartCommand" default="1" target="BaseFrameResponseConfig" />
    <stc:commandTarget command="FrameResponseStopCommand" default="0" target="BaseFrameResponseConfig" />
</stc:meta>