<stc:meta xmlns:stc="urn:www.spirentcom.com:XMLSchema.xsd" id="0x03000000" package="routing" plugin="rip" version="0.0.0-0">

  
  <stc:idlDef idlDepends="" idlImplements="../../rtgcore/idl/rtgcore_Autogen.idl" idlIncludes="../../../../framework/idl/result_Autogen.idl" idlName="rip" idlVersion="1" isInterface="true" />

  

  
  <stc:class baseClass="routing.rtgcore.AuthenticationParams" canCreate="true" id="0x03001000" idlMapped="rip" ilMapped="default" isInternal="false" isReadOnly="false" isSingleton="false" name="RipAuthenticationParams" noSave="false" profile="rip">
  </stc:class>




  <stc:class baseClass="routing.rtgcore.RouterConfig" canCreate="true" displayName="RIP" id="0x03002000" idlMapped="rip" ilMapped="default" isInternal="false" isReadOnly="false" isSingleton="false" name="RipRouterConfig" noSave="false" profile="rip">

    <stc:attribute id="0x03002001" internalIsEnum="false" internalType="bool" name="none" type="routing.rtgcore.SupportsEstablishProtocol" value="true" />
    <stc:attribute id="0x03002002" internalIsEnum="false" internalType="string" name="none" type="framework.EventMessageAllTypes" value="AllEvents" />
    <stc:attribute id="0x03002003" internalIsEnum="false" internalType="string" name="none" type="framework.EventMessageDefaultTypes" value="DefaultEvents" />    

    
    
    <stc:relation allowDuplicate="false" dstClassRef="RipRouterConfig" dstName="none" embedDstInIlClass="false" embedSrcInIlClass="false" id="0x03002004" isInternal="false" maxOccurs="unbounded" minOccurs="0" name="ParentRouter" order="sequenced" srcClassRef="core.EmulatedDevice" srcName="none" type="framework.ParentChild" />

    <stc:relation allowDuplicate="false" dstClassRef="RipAuthenticationParams" dstName="none" embedDstInIlClass="false" embedSrcInIlClass="false" id="0x03002005" isInternal="false" maxOccurs="1" minOccurs="1" name="ChildAuthParams" order="sequenced" srcClassRef="RipRouterConfig" srcName="none" type="framework.ParentChild" />

    
    <stc:enumeration idlMapped="true" ilMapped="true" isFlags="false" name="EnumRipVersion">
      <stc:enum displayName="RIPv1" idlMapped="true" ilMapped="true" name="V1" value="1" />
      <stc:enum displayName="RIPv2" idlMapped="true" ilMapped="true" name="V2" value="2" />
      <stc:enum displayName="RIPng" idlMapped="true" ilMapped="true" name="NG" value="3" />
    </stc:enumeration>

    <stc:enumeration idlMapped="true" ilMapped="true" isFlags="false" name="EnumRipUpdateType">
      <stc:enum displayName="Unicast" idlMapped="true" ilMapped="true" name="UNICAST" value="1" />
      <stc:enum displayName="Multicast" idlMapped="true" ilMapped="true" name="MULTICAST" value="2" />
      <stc:enum displayName="Broadcast" idlMapped="true" ilMapped="true" name="BROADCAST" value="3" />
    </stc:enumeration>

    <stc:enumeration idlMapped="true" ilMapped="true" isFlags="false" name="EnumRipRouterState">
      <stc:enum displayName="Not Started" idlMapped="true" ilMapped="true" name="NONE" value="0" />
      <stc:enum displayName="Closed" idlMapped="true" ilMapped="true" name="CLOSED" value="1" />
      <stc:enum displayName="Open" idlMapped="true" ilMapped="true" name="OPEN" value="2" />
    </stc:enumeration>

    
    <stc:property category="config" collectionType="vector" databaseType="DEFAULT" default="V2" displayName="RIP Version" format="number" id="0x03002006" idlMapped="true" ilMapped="true" isComposite="false" isDataStream="false" isDeprecated="false" isInternal="false" isReadOnly="false" maxOccurs="1" minOccurs="1" name="RipVersion" noSave="false" nullable="false" onModifyNotifyMode="periodic" precision="" replaces="" type="u8">
      <stc:enumerationRef ref="EnumRipVersion" />
    </stc:property>

    <stc:property category="config" collectionType="vector" databaseType="DEFAULT" default="MULTICAST" displayName="Update Type" format="number" id="0x03002007" idlMapped="true" ilMapped="true" isComposite="false" isDataStream="false" isDeprecated="false" isInternal="false" isReadOnly="false" maxOccurs="1" minOccurs="1" name="UpdateType" noSave="false" nullable="false" onModifyNotifyMode="periodic" precision="" replaces="" type="u8">
      <stc:enumerationRef ref="EnumRipUpdateType" />
    </stc:property>

    
    <stc:property category="config" collectionType="vector" databaseType="DEFAULT" default="30" displayName="Update Interval (sec)" format="number" id="0x03002008" idlMapped="true" ilMapped="true" isComposite="false" isDataStream="false" isDeprecated="false" isInternal="false" isReadOnly="false" maxOccurs="1" minOccurs="1" name="UpdateInterval" noSave="false" nullable="false" onModifyNotifyMode="periodic" precision="" replaces="" type="u16">
      <stc:numericValidation errorMsg="Please enter a valid number" maxInclusive="65535" minInclusive="1" />
    </stc:property>

    <stc:property category="config" collectionType="vector" databaseType="DEFAULT" default="0" displayName="Update Jitter (sec)" format="number" id="0x03002009" idlMapped="true" ilMapped="true" isComposite="false" isDataStream="false" isDeprecated="false" isInternal="false" isReadOnly="false" maxOccurs="1" minOccurs="1" name="UpdateJitter" noSave="false" nullable="false" onModifyNotifyMode="periodic" precision="" replaces="" type="u16">
      <stc:numericValidation errorMsg="Please enter a valid number" maxInclusive="5" minInclusive="0" />
    </stc:property>

    <stc:property category="config" collectionType="vector" databaseType="DEFAULT" default="25" displayName="Max Route Per Update" format="number" id="0x0300200A" idlMapped="true" ilMapped="true" isComposite="false" isDataStream="false" isDeprecated="false" isInternal="false" isReadOnly="false" maxOccurs="1" minOccurs="1" name="MaxRoutePerUpdate" noSave="false" nullable="false" onModifyNotifyMode="periodic" precision="" replaces="" type="u8">
      <stc:numericValidation errorMsg="Please enter a valid number" maxInclusive="70" minInclusive="1" />
    </stc:property>

    <stc:property category="config" collectionType="vector" databaseType="DEFAULT" default="10" displayName="Inter-update Delay (ms)" format="number" id="0x0300200B" idlMapped="true" ilMapped="true" isComposite="false" isDataStream="false" isDeprecated="false" isInternal="false" isReadOnly="false" maxOccurs="1" minOccurs="1" name="InterUpdateDelay" noSave="false" nullable="false" onModifyNotifyMode="periodic" precision="" replaces="" type="u16">
      <stc:numericValidation errorMsg="Please enter a valid number" maxInclusive="5000" minInclusive="0" />
    </stc:property>

    <stc:property category="config" collectionType="vector" databaseType="DEFAULT" default="false" displayName="Enable View Routes" format="number" id="0x0300200C" idlMapped="true" ilMapped="true" isComposite="false" isDataStream="false" isDeprecated="false" isInternal="false" isReadOnly="false" maxOccurs="1" minOccurs="1" name="ViewRoutes" noSave="false" nullable="false" onModifyNotifyMode="periodic" precision="" replaces="" type="bool">
    </stc:property>

    <stc:property category="config" collectionType="vector" databaseType="DEFAULT" default="false" displayName="Enable Event Log" format="number" id="0x0300200D" idlMapped="true" ilMapped="true" isComposite="false" isDataStream="false" isDeprecated="false" isInternal="true" isReadOnly="false" maxOccurs="1" minOccurs="1" name="EnableEventLog" noSave="false" nullable="false" onModifyNotifyMode="periodic" precision="" replaces="" type="bool">
    </stc:property>

    <stc:property category="config" collectionType="vector" databaseType="DEFAULT" default="false" displayName="Enable BFD" format="number" id="0x0300200E" idlMapped="true" ilMapped="true" isComposite="false" isDataStream="false" isDeprecated="false" isInternal="false" isReadOnly="false" maxOccurs="1" minOccurs="1" name="EnableBfd" noSave="false" nullable="false" onModifyNotifyMode="periodic" precision="" replaces="" type="bool">
    </stc:property>

    
    <stc:property category="state" collectionType="vector" databaseType="DEFAULT" default="NONE" displayName="Router State" format="number" id="0x0300200F" idlMapped="true" ilMapped="true" isComposite="false" isDataStream="false" isDeprecated="false" isInternal="false" isReadOnly="true" maxOccurs="1" minOccurs="1" name="RouterState" noSave="true" nullable="false" onModifyNotifyMode="queued" precision="" replaces="" type="u16">
      <stc:enumerationRef ref="EnumRipRouterState" />
    </stc:property>

    <stc:property category="config" collectionType="vector" databaseType="DEFAULT" default="null" displayName="DUT IPv4 Address" format="number" id="0x03002010" idlMapped="false" ilMapped="false" isComposite="false" isDataStream="false" isDeprecated="false" isInternal="false" isReadOnly="false" maxOccurs="1" minOccurs="1" name="DutIpv4Addr" noSave="false" nullable="true" onModifyNotifyMode="periodic" precision="" replaces="" type="ip">
      <stc:condition operator="notEqual" property="RipVersion" type="applicable" value="EnumRipVersion.Ng" />
    </stc:property>

    <stc:property category="config" collectionType="vector" databaseType="DEFAULT" default="null" displayName="DUT IPv6 Address" format="number" id="0x03002011" idlMapped="false" ilMapped="false" isComposite="false" isDataStream="false" isDeprecated="false" isInternal="false" isReadOnly="false" maxOccurs="1" minOccurs="1" name="DutIpv6Addr" noSave="false" nullable="true" onModifyNotifyMode="periodic" precision="" replaces="" type="ipv6">
      <stc:condition operator="equal" property="RipVersion" type="applicable" value="EnumRipVersion.Ng" />
    </stc:property>
    <stc:ilProperty collectionType="vector" maxOccurs="1" minOccurs="1" name="DutIpv4Addr" type="ip" />
    <stc:ilProperty collectionType="vector" maxOccurs="1" minOccurs="1" name="DutIpv6Addr" type="ipv6" />
  </stc:class>


 
  
  
  
  <stc:class baseClass="framework.Scriptable" canCreate="true" id="0x03003000" idlMapped="rip" ilMapped="root" isInternal="false" isReadOnly="false" isSingleton="false" name="Ripv4RouterConfig" noSave="false" profile="rip">

    <stc:relation allowDuplicate="false" dstClassRef="Ripv4RouterConfig" dstName="none" embedDstInIlClass="false" embedSrcInIlClass="false" id="0x03003001" isInternal="true" maxOccurs="1" minOccurs="1" name="ParentRipRouterConfig" order="sequenced" srcClassRef="RipRouterConfig" srcName="none" type="framework.ParentChild" />
    
    
  </stc:class>

  
  
  
  <stc:class baseClass="framework.Scriptable" canCreate="true" id="0x03004000" idlMapped="rip" ilMapped="root" isInternal="false" isReadOnly="false" isSingleton="false" name="RipngRouterConfig" noSave="false" profile="rip">

    <stc:relation allowDuplicate="false" dstClassRef="RipngRouterConfig" dstName="none" embedDstInIlClass="false" embedSrcInIlClass="false" id="0x03004001" isInternal="true" maxOccurs="1" minOccurs="1" name="ParentRipRouterConfig" order="sequenced" srcClassRef="RipRouterConfig" srcName="none" type="framework.ParentChild" />
    
  </stc:class>

  
  
  
  <stc:class baseClass="routing.rtgcore.RouteParams" canCreate="false" id="0x03005000" idlMapped="rip" ilMapped="default" isInternal="false" isReadOnly="false" isSingleton="false" name="RipRouteParams" noSave="false" profile="rip">

    
    <stc:property category="config" collectionType="vector" databaseType="DEFAULT" default="1" displayName="Metric" format="number" id="0x03005001" idlMapped="true" ilMapped="true" isComposite="false" isDataStream="false" isDeprecated="false" isInternal="false" isReadOnly="false" maxOccurs="1" minOccurs="1" name="Metric" noSave="false" nullable="false" onModifyNotifyMode="periodic" precision="" replaces="" type="u8">
      <stc:numericValidation errorMsg="Please enter a valid number" maxInclusive="16" minInclusive="1" />
    </stc:property>

    <stc:property category="config" collectionType="vector" databaseType="DEFAULT" default="0" displayName="Route Tag" format="number" id="0x03005002" idlMapped="true" ilMapped="true" isComposite="false" isDataStream="false" isDeprecated="false" isInternal="false" isReadOnly="false" maxOccurs="1" minOccurs="1" name="RouteTag" noSave="false" nullable="false" onModifyNotifyMode="periodic" precision="" replaces="" type="u16">
      <stc:numericValidation errorMsg="Please enter a valid number" maxInclusive="65535" minInclusive="0" />
    </stc:property>

  </stc:class>
  
  
  
  
  <stc:class baseClass="RipRouteParams" canCreate="true" id="0x03006000" idlMapped="rip" ilMapped="default" isInternal="false" isReadOnly="false" isSingleton="false" name="Ripv4RouteParams" noSave="false" profile="rip">

  
  <stc:relation allowDuplicate="false" dstClassRef="Ripv4RouteParams" dstName="none" embedDstInIlClass="false" embedSrcInIlClass="false" id="0x03006001" isInternal="false" maxOccurs="unbounded" minOccurs="0" name="ParentRipRouterConfig" order="sequenced" srcClassRef="RipRouterConfig" srcName="none" type="framework.ParentChild" />

  
  <stc:relation allowDuplicate="false" dstClassRef="core.Ipv4NetworkBlock" dstName="none" embedDstInIlClass="false" embedSrcInIlClass="false" id="0x03006002" isInternal="false" maxOccurs="1" minOccurs="1" name="ChildNetworkBlock" order="sequenced" srcClassRef="Ripv4RouteParams" srcName="none" type="framework.ParentChild" />

    <stc:property category="config" collectionType="vector" databaseType="DEFAULT" default="null" displayName="NextHop IPv4 address" format="number" id="0x03006003" idlMapped="false" ilMapped="false" isComposite="false" isDataStream="false" isDeprecated="false" isInternal="false" isReadOnly="false" maxOccurs="1" minOccurs="1" name="NextHop" noSave="false" nullable="true" onModifyNotifyMode="periodic" precision="" replaces="" type="ip">
    </stc:property>
    <stc:ilProperty collectionType="vector" maxOccurs="1" minOccurs="1" name="NextHop" type="ip" />
  </stc:class>


  
  
  
  <stc:class baseClass="RipRouteParams" canCreate="true" id="0x03007000" idlMapped="rip" ilMapped="default" isInternal="false" isReadOnly="false" isSingleton="false" name="RipngRouteParams" noSave="false" profile="rip">

  
  <stc:relation allowDuplicate="false" dstClassRef="RipngRouteParams" dstName="none" embedDstInIlClass="false" embedSrcInIlClass="false" id="0x03007001" isInternal="false" maxOccurs="unbounded" minOccurs="0" name="ParentRipRouterConfig" order="sequenced" srcClassRef="RipRouterConfig" srcName="none" type="framework.ParentChild" />


  
  <stc:relation allowDuplicate="false" dstClassRef="core.Ipv6NetworkBlock" dstName="none" embedDstInIlClass="false" embedSrcInIlClass="false" id="0x03007002" isInternal="false" maxOccurs="1" minOccurs="1" name="ChildNetworkBlock" order="sequenced" srcClassRef="RipngRouteParams" srcName="none" type="framework.ParentChild" />

    <stc:property category="config" collectionType="vector" databaseType="DEFAULT" default="null" displayName="NextHop IPv6 address" format="number" id="0x03007003" idlMapped="false" ilMapped="false" isComposite="false" isDataStream="false" isDeprecated="false" isInternal="false" isReadOnly="false" maxOccurs="1" minOccurs="1" name="NextHop" noSave="false" nullable="true" onModifyNotifyMode="periodic" precision="" replaces="" type="ipv6">
    </stc:property>
    <stc:ilProperty collectionType="vector" maxOccurs="1" minOccurs="1" name="NextHop" type="ipv6" />
  </stc:class>

  
  
  
  <stc:class baseClass="core.DeviceGenProtocolParams" canCreate="true" id="0x03008000" idlMapped="na" ilMapped="na" isInternal="false" isReadOnly="false" isSingleton="false" name="RipDeviceGenProtocolParams" noSave="false" profile="rip">
    <stc:relation allowDuplicate="false" dstClassRef="RipDeviceGenProtocolParams" dstName="none" embedDstInIlClass="false" embedSrcInIlClass="false" id="0x03008001" isInternal="false" maxOccurs="unbounded" minOccurs="0" name="ParentRouterGenParams" order="sequenced" srcClassRef="core.DeviceGenParams" srcName="none" type="framework.ParentChild" />

    <stc:enumeration idlMapped="true" ilMapped="true" isFlags="false" name="EnumRipVersion">
      <stc:enum displayName="RIPv1" idlMapped="true" ilMapped="true" name="V1" value="1" />
      <stc:enum displayName="RIPv2" idlMapped="true" ilMapped="true" name="V2" value="2" />
      <stc:enum displayName="RIPng" idlMapped="true" ilMapped="true" name="NG" value="3" />
    </stc:enumeration>

    <stc:property category="config" collectionType="vector" databaseType="DEFAULT" default="V2" displayName="RIP Version" format="number" id="0x03008002" idlMapped="true" ilMapped="true" isComposite="false" isDataStream="false" isDeprecated="false" isInternal="false" isReadOnly="false" maxOccurs="1" minOccurs="1" name="RipVersion" noSave="false" nullable="false" onModifyNotifyMode="periodic" precision="" replaces="" type="u8">
      <stc:enumerationRef ref="EnumRipVersion" />
    </stc:property>

    <stc:property category="config" collectionType="vector" databaseType="DEFAULT" default="false" displayName="Enable BFD" format="number" id="0x03008003" idlMapped="true" ilMapped="true" isComposite="false" isDataStream="false" isDeprecated="false" isInternal="false" isReadOnly="false" maxOccurs="1" minOccurs="1" name="EnableBfd" noSave="false" nullable="false" onModifyNotifyMode="periodic" precision="" replaces="" type="bool">
    </stc:property>

  </stc:class>

  
  
  

  
  <stc:class baseClass="routing.rtgcore.RouteGenRouteAttrParams" canCreate="true" id="0x03009000" idlMapped="na" ilMapped="na" isInternal="false" isReadOnly="false" isSingleton="false" name="RipRouteGenRouteAttrParams" noSave="false" profile="rip">

    <stc:property category="config" collectionType="vector" databaseType="DEFAULT" default="1" displayName="Primary Metric" format="number" id="0x03009001" idlMapped="true" ilMapped="true" isComposite="false" isDataStream="false" isDeprecated="false" isInternal="false" isReadOnly="false" maxOccurs="1" minOccurs="1" name="PrimaryMetric" noSave="false" nullable="false" onModifyNotifyMode="periodic" precision="" replaces="" type="u8">
      <stc:numericValidation errorMsg="Please enter a valid number" maxInclusive="16" minInclusive="1" />
    </stc:property>
    <stc:property category="config" collectionType="vector" databaseType="DEFAULT" default="2" displayName="Secondary Metric" format="number" id="0x03009002" idlMapped="true" ilMapped="true" isComposite="false" isDataStream="false" isDeprecated="false" isInternal="false" isReadOnly="false" maxOccurs="1" minOccurs="1" name="SecondaryMetric" noSave="false" nullable="false" onModifyNotifyMode="periodic" precision="" replaces="" type="u8">
      <stc:numericValidation errorMsg="Please enter a valid number" maxInclusive="16" minInclusive="1" />
    </stc:property>    
  </stc:class>

  
  <stc:class baseClass="routing.rtgcore.ProtocolRouteGenParams" canCreate="true" id="0x0300A000" idlMapped="na" ilMapped="na" isInternal="false" isReadOnly="false" isSingleton="false" name="RipRouteGenParams" noSave="false" profile="rip">      
  </stc:class>

  
  
  
  <stc:class baseClass="routing.rtgcore.RoutingResult" canCreate="true" displayName="RipRouterResults" id="0x0300B000" idlMapped="rip" ilMapped="default" isInternal="false" isReadOnly="false" isSingleton="false" name="RipRouterResults" noSave="false" profile="rip">

    
    <stc:relation allowDuplicate="false" dstClassRef="RipRouterResults" dstName="none" embedDstInIlClass="false" embedSrcInIlClass="false" id="0x0300B001" isInternal="false" maxOccurs="unbounded" minOccurs="0" name="ParentRipRouterConfig" order="sequenced" srcClassRef="RipRouterConfig" srcName="none" type="framework.ParentChild" />

    <stc:relation allowDuplicate="false" dstClassRef="RipRouterResults" dstName="none" embedDstInIlClass="false" embedSrcInIlClass="false" id="0x0300B002" isInternal="false" maxOccurs="unbounded" minOccurs="0" name="ResultParentRipRouterConfig" order="sequenced" srcClassRef="RipRouterConfig" srcName="none" type="framework.ResultChild" />

    
    <stc:property category="result" collectionType="vector" databaseType="DEFAULT" default="0" displayName="Parent Protocol Config" format="number" id="0x0300B003" idlMapped="true" ilMapped="true" isComposite="false" isDataStream="false" isDeprecated="false" isInternal="true" isReadOnly="true" maxOccurs="1" minOccurs="1" name="ParentProtocolConfig" noSave="true" nullable="false" onModifyNotifyMode="periodic" precision="" replaces="" type="u32">
      <stc:attribute id="0x0300B009" internalIsEnum="false" internalType="bool" name="none" type="core.ResultPropertyMarkForEotSave" value="true" />
      <stc:attribute id="0x0300B00A" internalIsEnum="false" internalType="bool" name="none" type="core.ResultPropertyAddEotDbIndex" value="true" />
      <stc:attribute id="0x0300B00B" internalIsEnum="false" internalType="string" name="none" type="core.ResultPropertyIlCounterpartName" value="Handle" />
    </stc:property>

    
    <stc:property category="result" collectionType="vector" databaseType="DEFAULT" default="0" displayName="Tx Advertised Update Count" format="number" id="0x0300B004" idlMapped="true" ilMapped="true" isComposite="false" isDataStream="false" isDeprecated="false" isInternal="false" isReadOnly="true" maxOccurs="1" minOccurs="1" name="TxAdvertisedUpdateCount" noSave="true" nullable="false" onModifyNotifyMode="periodic" precision="" replaces="" type="u64">
      <stc:attribute id="0x0300B00C" internalIsEnum="false" internalType="bool" name="none" type="core.ResultPropertyIsDefaultForSubscription" value="true" />
      <stc:attribute id="0x0300B00D" internalIsEnum="false" internalType="bool" name="none" type="core.ResultPropertyMarkForEotSave" value="true" />
    </stc:property>


    <stc:property category="result" collectionType="vector" databaseType="DEFAULT" default="0" displayName="Rx Advertised Update Count" format="number" id="0x0300B005" idlMapped="true" ilMapped="true" isComposite="false" isDataStream="false" isDeprecated="false" isInternal="false" isReadOnly="true" maxOccurs="1" minOccurs="1" name="RxAdvertisedUpdateCount" noSave="true" nullable="false" onModifyNotifyMode="periodic" precision="" replaces="" type="u64">
      <stc:attribute id="0x0300B00E" internalIsEnum="false" internalType="bool" name="none" type="core.ResultPropertyIsDefaultForSubscription" value="true" />
      <stc:attribute id="0x0300B00F" internalIsEnum="false" internalType="bool" name="none" type="core.ResultPropertyMarkForEotSave" value="true" />
    </stc:property>


    <stc:property category="result" collectionType="vector" databaseType="DEFAULT" default="0" displayName="Tx Withdrawn Update Count" format="number" id="0x0300B006" idlMapped="true" ilMapped="true" isComposite="false" isDataStream="false" isDeprecated="false" isInternal="false" isReadOnly="true" maxOccurs="1" minOccurs="1" name="TxWithdrawnUpdateCount" noSave="true" nullable="false" onModifyNotifyMode="periodic" precision="" replaces="" type="u64">
      <stc:attribute id="0x0300B010" internalIsEnum="false" internalType="bool" name="none" type="core.ResultPropertyIsDefaultForSubscription" value="true" />
      <stc:attribute id="0x0300B011" internalIsEnum="false" internalType="bool" name="none" type="core.ResultPropertyMarkForEotSave" value="true" />
    </stc:property>


    <stc:property category="result" collectionType="vector" databaseType="DEFAULT" default="0" displayName="Rx Withdrawn Update Count" format="number" id="0x0300B007" idlMapped="true" ilMapped="true" isComposite="false" isDataStream="false" isDeprecated="false" isInternal="false" isReadOnly="true" maxOccurs="1" minOccurs="1" name="RxWithdrawnUpdateCount" noSave="true" nullable="false" onModifyNotifyMode="periodic" precision="" replaces="" type="u64">
      <stc:attribute id="0x0300B012" internalIsEnum="false" internalType="bool" name="none" type="core.ResultPropertyIsDefaultForSubscription" value="true" />
      <stc:attribute id="0x0300B013" internalIsEnum="false" internalType="bool" name="none" type="core.ResultPropertyMarkForEotSave" value="true" />
    </stc:property>
    
    
    <stc:property category="result" collectionType="vector" databaseType="DEFAULT" default="0" displayName="Timestamp In Sec" format="number" id="0x0300B008" idlMapped="true" ilMapped="true" isComposite="false" isDataStream="false" isDeprecated="false" isInternal="true" isReadOnly="true" maxOccurs="1" minOccurs="1" name="Timestamp" noSave="true" nullable="false" onModifyNotifyMode="periodic" precision="" replaces="" type="u64" />
  </stc:class>

  
  
  
  <stc:class baseClass="framework.Command" canCreate="false" id="0x0300C000" idlMapped="na" ilMapped="na" isInternal="false" isReadOnly="false" isSingleton="false" name="RipRouterCommand" noSave="false" profile="rip">
    <stc:attribute id="0x0300C001" internalIsEnum="false" internalType="bool" name="none" type="core.RequireApplyToIL" value="true" />
    <stc:property category="config" collectionType="vector" databaseType="DEFAULT" default="0" displayName="RIP Router Handle List" format="number" id="0x0300C002" idlMapped="true" ilMapped="true" isComposite="false" isDataStream="false" isDeprecated="false" isInternal="false" isReadOnly="false" maxOccurs="unbounded" minOccurs="0" name="RouterList" noSave="false" nullable="false" onModifyNotifyMode="periodic" precision="" replaces="" type="handle" />
    
  </stc:class>


  
  
  
  <stc:class baseClass="RipRouterCommand" canCreate="true" displayName="Pause Update" id="0x0300D000" idlMapped="na" ilMapped="na" isInternal="false" isReadOnly="false" isSingleton="false" name="RipPauseRouteUpdateCommand" noSave="false" profile="rip">

    <stc:attribute id="0x0300D001" internalIsEnum="false" internalType="bool" name="none" type="core.Sequenceable" value="true" />
    <stc:attribute id="0x0300D002" internalIsEnum="false" internalType="string" name="none" type="framework.CommandDescription" value="Pause route update for the selected RIP routers." />
    <stc:attribute id="0x0300D003" internalIsEnum="false" internalType="string" name="none" type="framework.CommandCategory" value="Routing and MPLS//RIP" />
    
	</stc:class>

  
  
  
  <stc:class baseClass="RipRouterCommand" canCreate="true" displayName="Resume Update" id="0x0300E000" idlMapped="na" ilMapped="na" isInternal="false" isReadOnly="false" isSingleton="false" name="RipResumeRouteUpdateCommand" noSave="false" profile="rip">

    <stc:attribute id="0x0300E001" internalIsEnum="false" internalType="bool" name="none" type="core.Sequenceable" value="true" />
    <stc:attribute id="0x0300E002" internalIsEnum="false" internalType="string" name="none" type="framework.CommandDescription" value="Resume route update for the selected RIP routers." />
    <stc:attribute id="0x0300E003" internalIsEnum="false" internalType="string" name="none" type="framework.CommandCategory" value="Routing and MPLS//RIP" />

  </stc:class>

  
  
  
  <stc:class baseClass="routing.rtgcore.FilterableCommand" canCreate="false" id="0x0300F000" idlMapped="na" ilMapped="na" isInternal="false" isReadOnly="false" isSingleton="false" name="RipRouteCommand" noSave="false" profile="rip">
    <stc:attribute id="0x0300F001" internalIsEnum="false" internalType="bool" name="none" type="core.RequireApplyToIL" value="true" />
    <stc:property category="config" collectionType="vector" databaseType="DEFAULT" default="0" displayName="RIP Route Handle List" format="number" id="0x0300F002" idlMapped="true" ilMapped="true" isComposite="false" isDataStream="false" isDeprecated="false" isInternal="false" isReadOnly="false" maxOccurs="unbounded" minOccurs="0" name="RouteList" noSave="false" nullable="false" onModifyNotifyMode="periodic" precision="" replaces="" type="handle" />

  </stc:class>

  
  
  
  <stc:class baseClass="RipRouterCommand" canCreate="true" displayName="Readvertise Routes" id="0x03010000" idlMapped="na" ilMapped="na" isInternal="false" isReadOnly="false" isSingleton="false" name="RipReadvertiseRouteCommand" noSave="false" profile="rip">

    <stc:attribute id="0x03010001" internalIsEnum="false" internalType="bool" name="none" type="core.Sequenceable" value="true" />
    <stc:attribute id="0x03010002" internalIsEnum="false" internalType="string" name="none" type="framework.CommandDescription" value="Readvertise routes for the selected RIP routes." />
    <stc:attribute id="0x03010003" internalIsEnum="false" internalType="string" name="none" type="framework.CommandCategory" value="Routing and MPLS//RIP" />
    
  </stc:class>

  
  
  
  <stc:class baseClass="RipRouteCommand" canCreate="true" displayName="Withdraw Routes" id="0x03011000" idlMapped="na" ilMapped="na" isInternal="false" isReadOnly="false" isSingleton="false" name="RipWithdrawRouteCommand" noSave="false" profile="rip">

    <stc:attribute id="0x03011001" internalIsEnum="false" internalType="bool" name="none" type="core.Sequenceable" value="true" />
    <stc:attribute id="0x03011002" internalIsEnum="false" internalType="string" name="none" type="framework.CommandDescription" value="Withdraw routes for the selected RIP routes." />
    <stc:attribute id="0x03011003" internalIsEnum="false" internalType="string" name="none" type="framework.CommandCategory" value="Routing and MPLS//RIP" />
    
  </stc:class>

  
  <stc:class baseClass="RipRouterCommand" canCreate="true" displayName="View Routes" id="0x03012000" idlMapped="na" ilMapped="na" isInternal="false" isReadOnly="false" isSingleton="false" name="RipViewRoutesCommand" noSave="false" profile="rip">

    <stc:attribute id="0x03012001" internalIsEnum="false" internalType="bool" name="none" type="core.Sequenceable" value="false" />
    <stc:attribute id="0x03012002" internalIsEnum="false" internalType="string" name="none" type="framework.CommandDescription" value="Retrieve RIP routes information for the selected RIP router." />
    <stc:attribute id="0x03012003" internalIsEnum="false" internalType="string" name="none" type="framework.CommandCategory" value="Routing and MPLS//RIP" />
    <stc:property category="input" collectionType="vector" databaseType="DEFAULT" default="routes.txt" displayName="View Route File Name" format="number" id="0x03012004" idlMapped="true" ilMapped="true" isComposite="false" isDataStream="false" isDeprecated="false" isInternal="false" isReadOnly="false" maxOccurs="1" minOccurs="1" name="FileName" noSave="false" nullable="false" onModifyNotifyMode="none" precision="" replaces="" type="outputFilePath" />

  </stc:class>


  

  <stc:class baseClass="routing.rtgcore.ConfigRoutingIlLoggingCommand" canCreate="true" id="0x03013000" idlMapped="na" ilMapped="na" isInternal="false" isReadOnly="false" isSingleton="false" name="ConfigRipIlLoggingCommand" noSave="false" profile="rip">

    <stc:attribute id="0x03013001" internalIsEnum="false" internalType="string" name="none" type="core.LogType" value="RIP" />
  </stc:class>

  <stc:class baseClass="routing.rtgcore.GetRoutingLoggingConfigCommand" canCreate="true" id="0x03014000" idlMapped="na" ilMapped="na" isInternal="false" isReadOnly="false" isSingleton="false" name="GetRipLoggingConfigCommand" noSave="false" profile="rip">

    <stc:attribute id="0x03014001" internalIsEnum="false" internalType="string" name="none" type="core.LogType" value="RIP" />
  </stc:class>
  
  
  
  
  <stc:class baseClass="routing.rtgcore.RoutingStateSummary" canCreate="false" id="0x03015000" idlMapped="na" ilMapped="na" isInternal="false" isReadOnly="false" isSingleton="false" name="RipStateSummary" noSave="false" profile="rip">

    <stc:property category="result" collectionType="vector" databaseType="DEFAULT" default="0" displayName="Closed Count" format="number" id="0x03015001" idlMapped="true" ilMapped="true" isComposite="false" isDataStream="false" isDeprecated="false" isInternal="false" isReadOnly="true" maxOccurs="1" minOccurs="1" name="ClosedCount" noSave="true" nullable="false" onModifyNotifyMode="periodic" precision="" replaces="" type="u32">
    </stc:property>
    <stc:property category="result" collectionType="vector" databaseType="DEFAULT" default="0" displayName="Open Count" format="number" id="0x03015002" idlMapped="true" ilMapped="true" isComposite="false" isDataStream="false" isDeprecated="false" isInternal="false" isReadOnly="true" maxOccurs="1" minOccurs="1" name="OpenCount" noSave="true" nullable="false" onModifyNotifyMode="periodic" precision="" replaces="" type="u32">
    </stc:property>
    
  </stc:class>

  
  
  
  <stc:class baseClass="RipStateSummary" canCreate="true" id="0x03016000" idlMapped="na" ilMapped="na" isInternal="false" isReadOnly="false" isSingleton="false" name="Ripv4StateSummary" noSave="false" profile="rip">

    <stc:relation allowDuplicate="false" dstClassRef="Ripv4StateSummary" dstName="none" embedDstInIlClass="false" embedSrcInIlClass="false" id="0x03016001" isInternal="false" maxOccurs="1" minOccurs="0" name="SummaryParentProject" order="sequenced" srcClassRef="framework.Project" srcName="none" type="framework.ParentChild" />
    <stc:relation allowDuplicate="false" dstClassRef="Ripv4StateSummary" dstName="none" embedDstInIlClass="false" embedSrcInIlClass="false" id="0x03016002" isInternal="false" maxOccurs="1" minOccurs="0" name="ProjectSummaryResult" order="sequenced" srcClassRef="framework.Project" srcName="none" type="framework.ResultChild" />
    <stc:relation allowDuplicate="false" dstClassRef="Ripv4StateSummary" dstName="none" embedDstInIlClass="false" embedSrcInIlClass="false" id="0x03016003" isInternal="false" maxOccurs="1" minOccurs="0" name="SummaryParentPort" order="sequenced" srcClassRef="core.Port" srcName="none" type="framework.ParentChild" />
    <stc:relation allowDuplicate="false" dstClassRef="Ripv4StateSummary" dstName="none" embedDstInIlClass="false" embedSrcInIlClass="false" id="0x03016004" isInternal="false" maxOccurs="1" minOccurs="0" name="PortSummaryResult" order="sequenced" srcClassRef="core.Port" srcName="none" type="framework.ResultChild" />

  </stc:class>

  
  
  
  <stc:class baseClass="RipStateSummary" canCreate="true" id="0x03017000" idlMapped="na" ilMapped="na" isInternal="false" isReadOnly="false" isSingleton="false" name="RipngStateSummary" noSave="false" profile="rip">

    <stc:relation allowDuplicate="false" dstClassRef="RipngStateSummary" dstName="none" embedDstInIlClass="false" embedSrcInIlClass="false" id="0x03017001" isInternal="false" maxOccurs="1" minOccurs="0" name="SummaryParentProject" order="sequenced" srcClassRef="framework.Project" srcName="none" type="framework.ParentChild" />
    <stc:relation allowDuplicate="false" dstClassRef="RipngStateSummary" dstName="none" embedDstInIlClass="false" embedSrcInIlClass="false" id="0x03017002" isInternal="false" maxOccurs="1" minOccurs="0" name="ProjectSummaryResult" order="sequenced" srcClassRef="framework.Project" srcName="none" type="framework.ResultChild" />
    <stc:relation allowDuplicate="false" dstClassRef="RipngStateSummary" dstName="none" embedDstInIlClass="false" embedSrcInIlClass="false" id="0x03017003" isInternal="false" maxOccurs="1" minOccurs="0" name="SummaryParentPort" order="sequenced" srcClassRef="core.Port" srcName="none" type="framework.ParentChild" />
    <stc:relation allowDuplicate="false" dstClassRef="RipngStateSummary" dstName="none" embedDstInIlClass="false" embedSrcInIlClass="false" id="0x03017004" isInternal="false" maxOccurs="1" minOccurs="0" name="PortSummaryResult" order="sequenced" srcClassRef="core.Port" srcName="none" type="framework.ResultChild" />

  </stc:class>

  
  
  
  <stc:class baseClass="framework.Scriptable" canCreate="true" id="0x03018000" idlMapped="na" ilMapped="na" isInternal="false" isReadOnly="false" isSingleton="false" name="RipSharedSessionParams" noSave="false" profile="rip">

    <stc:relation allowDuplicate="false" dstClassRef="RipAuthenticationParams" dstName="none" embedDstInIlClass="false" embedSrcInIlClass="false" id="0x03018001" isInternal="false" maxOccurs="1" minOccurs="1" name="ChildAuthParams" order="sequenced" srcClassRef="RipSharedSessionParams" srcName="none" type="framework.ParentChild" />


    <stc:property category="config" collectionType="vector" databaseType="DEFAULT" default="V2" displayName="RIP Version" format="number" id="0x03018002" idlMapped="true" ilMapped="true" isComposite="false" isDataStream="false" isDeprecated="false" isInternal="false" isReadOnly="false" maxOccurs="1" minOccurs="1" name="RipVersion" noSave="false" nullable="false" onModifyNotifyMode="periodic" precision="" replaces="" type="u8">
      <stc:enumerationRef ref="RipRouterConfig.EnumRipVersion" />
    </stc:property>

    <stc:property category="config" collectionType="vector" databaseType="DEFAULT" default="false" displayName="Enable BFD" format="number" id="0x03018003" idlMapped="true" ilMapped="true" isComposite="false" isDataStream="false" isDeprecated="false" isInternal="false" isReadOnly="false" maxOccurs="1" minOccurs="1" name="EnableBfd" noSave="false" nullable="false" onModifyNotifyMode="periodic" precision="" replaces="" type="bool">
    </stc:property>

  </stc:class>

  
	
	
  <stc:commandTarget command="RipPauseRouteUpdateCommand" default="0" target="RipRouterConfig" />
  <stc:commandTarget command="RipResumeRouteUpdateCommand" default="0" target="RipRouterConfig" />
  <stc:commandTarget command="RipReadvertiseRouteCommand" default="0" target="RipRouterConfig" />
  <stc:commandTarget command="RipWithdrawRouteCommand" default="0" target="RipRouterConfig" />
  <stc:commandTarget command="RipViewRoutesCommand" default="0" target="RipRouterConfig" />

</stc:meta>