<stc:meta xmlns:stc="urn:www.spirentcom.com:XMLSchema.xsd" id="0x86000000" package="storage" plugin="storageio" version="0.0.0-0">

  
  <stc:relationType allowDuplicate="false" dstName="Profile" id="0x86000001" name="WorkerProfile" saveAtSource="true" srcName="Worker" />
  <stc:relationType allowDuplicate="false" dstName="Targets" id="0x86000002" name="SelectedTargets" saveAtSource="true" srcName="Worker" />

  
  <stc:idlDef idlDepends="" idlImplements="../../../../framework/idl/ifSetup_Autogen.idl" idlIncludes="../../../../framework/idl/result_Autogen.idl" idlName="bst" idlVersion="1" isInterface="true" />

  <stc:class baseClass="framework.Scriptable" canCreate="true" id="0x86001000" idlMapped="bst" ilMapped="root" isInternal="false" isReadOnly="false" isSingleton="false" name="StorageWorkerProfile" noSave="false" profile="storageio">

    <stc:relation allowDuplicate="false" dstClassRef="StorageWorkerProfile" dstName="none" embedDstInIlClass="false" embedSrcInIlClass="false" id="0x86001001" isInternal="false" maxOccurs="unbounded" minOccurs="0" name="ParentProject" order="sequenced" srcClassRef="framework.Project" srcName="none" type="framework.ParentChild" />

    <stc:property category="config" collectionType="vector" databaseType="DEFAULT" default="512" displayName="Transfer Request Size (Bytes)" format="number" id="0x86001002" idlMapped="true" ilMapped="true" isComposite="false" isDataStream="false" isDeprecated="false" isInternal="false" isReadOnly="false" maxOccurs="1" minOccurs="1" name="TransferRequestSize" noSave="false" nullable="false" onModifyNotifyMode="periodic" precision="" replaces="" type="u32">
      <stc:condition operator="equal" property="IsDefaultProfile" type="editable" value="false" />
    </stc:property>

    <stc:property category="config" collectionType="vector" databaseType="DEFAULT" default="100" displayName="Percent Random Distribution" format="number" id="0x86001003" idlMapped="true" ilMapped="true" isComposite="false" isDataStream="false" isDeprecated="false" isInternal="false" isReadOnly="false" maxOccurs="1" minOccurs="1" name="PercentRandomDistribution" noSave="false" nullable="false" onModifyNotifyMode="periodic" precision="" replaces="" type="u8">
      <stc:condition operator="equal" property="IsDefaultProfile" type="editable" value="false" />
      <stc:numericValidation errorMsg="Please enter a valid number" maxInclusive="100" minInclusive="0" />
      
    </stc:property>

    <stc:property category="config" collectionType="vector" databaseType="DEFAULT" default="false" displayName="Enable Reply Size" format="number" id="0x86001004" idlMapped="true" ilMapped="true" isComposite="false" isDataStream="false" isDeprecated="false" isInternal="false" isReadOnly="false" maxOccurs="1" minOccurs="1" name="EnableReplySize" noSave="false" nullable="false" onModifyNotifyMode="periodic" precision="" replaces="" type="bool">
      <stc:condition operator="equal" property="IsDefaultProfile" type="editable" value="false" />
    </stc:property>

    <stc:property category="config" collectionType="vector" databaseType="DEFAULT" default="512" displayName="Reply Size (Bytes)" format="number" id="0x86001005" idlMapped="true" ilMapped="true" isComposite="false" isDataStream="false" isDeprecated="false" isInternal="false" isReadOnly="false" maxOccurs="1" minOccurs="1" name="ReplySize" noSave="false" nullable="false" onModifyNotifyMode="periodic" precision="" replaces="" type="u32">
      <stc:condition operator="equal" property="EnableReplySize" type="applicable" value="true" />
      <stc:condition operator="equal" property="IsDefaultProfile" type="editable" value="false" />
    </stc:property>

    <stc:property category="config" collectionType="vector" databaseType="DEFAULT" default="100" displayName="Percent Read Distribution" format="number" id="0x86001006" idlMapped="true" ilMapped="true" isComposite="false" isDataStream="false" isDeprecated="false" isInternal="false" isReadOnly="false" maxOccurs="1" minOccurs="1" name="PercentReadDistribution" noSave="false" nullable="false" onModifyNotifyMode="periodic" precision="" replaces="" type="u8">
      <stc:condition operator="equal" property="IsDefaultProfile" type="editable" value="false" />
      <stc:numericValidation errorMsg="Please enter a valid number" maxInclusive="100" minInclusive="0" />
    </stc:property>

    <stc:property category="config" collectionType="vector" databaseType="DEFAULT" default="0" displayName="Transfer Delay (ms)" format="number" id="0x86001007" idlMapped="true" ilMapped="true" isComposite="false" isDataStream="false" isDeprecated="false" isInternal="false" isReadOnly="false" maxOccurs="1" minOccurs="1" name="TransferDelay" noSave="false" nullable="false" onModifyNotifyMode="periodic" precision="" replaces="" type="u32">
      <stc:condition operator="equal" property="IsDefaultProfile" type="editable" value="false" />
    </stc:property>

    <stc:property category="config" collectionType="vector" databaseType="DEFAULT" default="1" displayName="Burst Length" format="number" id="0x86001008" idlMapped="true" ilMapped="true" isComposite="false" isDataStream="false" isDeprecated="false" isInternal="false" isReadOnly="false" maxOccurs="1" minOccurs="1" name="BurstLength" noSave="false" nullable="false" onModifyNotifyMode="periodic" precision="" replaces="" type="u32">
      <stc:condition operator="equal" property="IsDefaultProfile" type="editable" value="false" />
    </stc:property>

    <stc:property category="config" collectionType="vector" databaseType="DEFAULT" default="false" displayName="Enable Align IOs" format="number" id="0x86001009" idlMapped="true" ilMapped="true" isComposite="false" isDataStream="false" isDeprecated="false" isInternal="false" isReadOnly="false" maxOccurs="1" minOccurs="1" name="EnableAlignIOs" noSave="false" nullable="false" onModifyNotifyMode="periodic" precision="" replaces="" type="bool">
      <stc:condition operator="equal" property="IsDefaultProfile" type="editable" value="false" />
    </stc:property>

    <stc:property category="config" collectionType="vector" databaseType="DEFAULT" default="512" displayName="Align IOs (Bytes)" format="number" id="0x8600100A" idlMapped="true" ilMapped="true" isComposite="false" isDataStream="false" isDeprecated="false" isInternal="false" isReadOnly="false" maxOccurs="1" minOccurs="1" name="AlignIOs" noSave="false" nullable="false" onModifyNotifyMode="periodic" precision="" replaces="" type="u32">
      <stc:condition operator="equal" property="IsDefaultProfile" type="editable" value="false" />
      <stc:condition operator="equal" property="EnableAlignIOs" type="applicable" value="true" />
      
    </stc:property>

    
    <stc:property category="config" collectionType="vector" databaseType="DEFAULT" default="false" displayName="Is Default Profile" format="number" id="0x8600100B" idlMapped="true" ilMapped="true" isComposite="false" isDataStream="false" isDeprecated="false" isInternal="true" isReadOnly="false" maxOccurs="1" minOccurs="1" name="IsDefaultProfile" noSave="false" nullable="false" onModifyNotifyMode="periodic" precision="" replaces="" type="bool">
      <stc:condition operator="equal" property="IsDefaultProfile" type="editable" value="false" />

    </stc:property>

  </stc:class>

  <stc:class baseClass="core.ProtocolConfig" canCreate="true" id="0x86002000" idlMapped="bst" ilMapped="root" isInternal="false" isReadOnly="false" isSingleton="false" name="StorageWorkerConfig" noSave="false" profile="storageio">

    <stc:relation allowDuplicate="false" dstClassRef="StorageWorkerConfig" dstName="none" embedDstInIlClass="false" embedSrcInIlClass="false" id="0x86002001" isInternal="false" maxOccurs="1" minOccurs="0" name="ParentEmulatedDevice" order="sequenced" srcClassRef="core.EmulatedDevice" srcName="none" type="framework.ParentChild" />

    <stc:relation allowDuplicate="false" dstClassRef="StorageWorkerProfile" dstName="none" embedDstInIlClass="false" embedSrcInIlClass="false" id="0x86002002" isInternal="false" maxOccurs="1" minOccurs="0" name="WorkerProfile" order="sequenced" srcClassRef="StorageWorkerConfig" srcName="none" type="WorkerProfile" />

    <stc:property category="config" collectionType="vector" databaseType="DEFAULT" default="0" displayName="Maximum Disk Size (Sectors)" format="number" id="0x86002003" idlMapped="true" ilMapped="true" isComposite="false" isDataStream="false" isDeprecated="false" isInternal="false" isReadOnly="false" maxOccurs="1" minOccurs="1" name="MaximumDiskSize" noSave="false" nullable="false" onModifyNotifyMode="periodic" precision="" replaces="" type="u64" />

    <stc:property category="config" collectionType="vector" databaseType="DEFAULT" default="0" displayName="Starting Disk Sector" format="number" id="0x86002004" idlMapped="true" ilMapped="true" isComposite="false" isDataStream="false" isDeprecated="false" isInternal="false" isReadOnly="false" maxOccurs="1" minOccurs="1" name="StartingDiskSector" noSave="false" nullable="false" onModifyNotifyMode="periodic" precision="" replaces="" type="u64" />
    <stc:property category="config" collectionType="vector" databaseType="DEFAULT" default="1" displayName="Outstanding I/Os Per Target Count" format="number" id="0x86002005" idlMapped="true" ilMapped="true" isComposite="false" isDataStream="false" isDeprecated="false" isInternal="false" isReadOnly="false" maxOccurs="1" minOccurs="1" name="OutstandingIOsPerTargetCount" noSave="false" nullable="false" onModifyNotifyMode="periodic" precision="" replaces="" type="u32" /> 
    <stc:property category="config" collectionType="vector" databaseType="DEFAULT" default="false" displayName="Enable Test Connection Rate" format="number" id="0x86002006" idlMapped="true" ilMapped="true" isComposite="false" isDataStream="false" isDeprecated="false" isInternal="false" isReadOnly="false" maxOccurs="1" minOccurs="1" name="EnableTestConnectionRate" noSave="false" nullable="false" onModifyNotifyMode="periodic" precision="" replaces="" type="bool" />
    <stc:property category="config" collectionType="vector" databaseType="DEFAULT" default="1" displayName="Transactions Per Connection" format="number" id="0x86002007" idlMapped="true" ilMapped="true" isComposite="false" isDataStream="false" isDeprecated="false" isInternal="false" isReadOnly="false" maxOccurs="1" minOccurs="1" name="TransactionsPerConnection" noSave="false" nullable="false" onModifyNotifyMode="periodic" precision="" replaces="" type="u32">
      <stc:condition operator="equal" property="EnableTestConnectionRate" type="applicable" value="true" />
    </stc:property>

  </stc:class>

  <stc:class baseClass="framework.Scriptable" canCreate="true" id="0x86003000" idlMapped="bst" ilMapped="root" isInternal="false" isReadOnly="false" isSingleton="false" name="StorageDiscoveredTargets" noSave="true" profile="storageio">

    <stc:relation allowDuplicate="false" dstClassRef="StorageDiscoveredTargets" dstName="none" embedDstInIlClass="false" embedSrcInIlClass="false" id="0x86003001" isInternal="false" maxOccurs="unbounded" minOccurs="0" name="ParentPort" order="sequenced" srcClassRef="StorageWorkerConfig" srcName="none" type="framework.ParentChild" />

    <stc:relation allowDuplicate="false" dstClassRef="StorageDiscoveredTargets" dstName="none" embedDstInIlClass="false" embedSrcInIlClass="false" id="0x86003002" isInternal="false" maxOccurs="unbounded" minOccurs="0" name="SelectedTargets" order="sequenced" srcClassRef="StorageWorkerConfig" srcName="none" type="SelectedTargets" />

    <stc:enumeration idlMapped="true" ilMapped="true" isFlags="false" name="EnumTargetType">
      <stc:enum displayName="GenericType" idlMapped="true" ilMapped="true" name="GenericType" value="0x80000000" />
      <stc:enum displayName="ActiveType" idlMapped="true" ilMapped="true" name="ActiveType" value="0x40000000" />
      <stc:enum displayName="GenericDiskType" idlMapped="true" ilMapped="true" name="GenericDiskType" value="0x88000000" />
      <stc:enum displayName="PhysicalDiskType" idlMapped="true" ilMapped="true" name="PhysicalDiskType" value="0x8C000000" />
      <stc:enum displayName="LogicalDiskType" idlMapped="true" ilMapped="true" name="LogicalDiskType" value="0x8A000000" />
      <stc:enum displayName="InvalidType" idlMapped="true" ilMapped="true" name="InvalidType" value="0x00000000" />

    </stc:enumeration>

    <stc:property category="result" collectionType="vector" databaseType="DEFAULT" default="" displayName="Volume Name" format="number" id="0x86003003" idlMapped="true" ilMapped="true" isComposite="false" isDataStream="false" isDeprecated="false" isInternal="false" isReadOnly="true" maxOccurs="1" minOccurs="1" name="VolumeName" noSave="true" nullable="false" onModifyNotifyMode="periodic" precision="" replaces="" type="string" />
    <stc:property category="result" collectionType="vector" databaseType="DEFAULT" default="0" displayName="Size (Bytes)" format="number" id="0x86003004" idlMapped="true" ilMapped="true" isComposite="false" isDataStream="false" isDeprecated="false" isInternal="false" isReadOnly="true" maxOccurs="1" minOccurs="1" name="Size" noSave="true" nullable="false" onModifyNotifyMode="periodic" precision="" replaces="" type="u64" />
    
    <stc:property category="result" collectionType="vector" databaseType="DEFAULT" default="" displayName="Bus Info" format="number" id="0x86003005" idlMapped="true" ilMapped="true" isComposite="false" isDataStream="false" isDeprecated="false" isInternal="false" isReadOnly="true" maxOccurs="1" minOccurs="1" name="BusInfo" noSave="true" nullable="false" onModifyNotifyMode="periodic" precision="" replaces="" type="string" />
    <stc:property category="result" collectionType="vector" databaseType="DEFAULT" default="" displayName="Serial Number" format="number" id="0x86003006" idlMapped="true" ilMapped="true" isComposite="false" isDataStream="false" isDeprecated="false" isInternal="false" isReadOnly="true" maxOccurs="1" minOccurs="1" name="SerialNumber" noSave="true" nullable="false" onModifyNotifyMode="periodic" precision="" replaces="" type="string" />

    <stc:property category="result" collectionType="vector" databaseType="DEFAULT" default="0" displayName="StartingDiskSector" format="number" id="0x86003007" idlMapped="true" ilMapped="true" isComposite="false" isDataStream="false" isDeprecated="false" isInternal="false" isReadOnly="true" maxOccurs="1" minOccurs="1" name="StartingDiskSector" noSave="true" nullable="false" onModifyNotifyMode="periodic" precision="" replaces="" type="u64" />
    <stc:property category="result" collectionType="vector" databaseType="DEFAULT" default="0" displayName="SectorSize" format="number" id="0x86003008" idlMapped="true" ilMapped="true" isComposite="false" isDataStream="false" isDeprecated="false" isInternal="false" isReadOnly="true" maxOccurs="1" minOccurs="1" name="SectorSize" noSave="true" nullable="false" onModifyNotifyMode="periodic" precision="" replaces="" type="u32" />
    <stc:property category="result" collectionType="vector" databaseType="DEFAULT" default="0" displayName="QueueDepth" format="number" id="0x86003009" idlMapped="true" ilMapped="true" isComposite="false" isDataStream="false" isDeprecated="false" isInternal="false" isReadOnly="true" maxOccurs="1" minOccurs="1" name="QueueDepth" noSave="true" nullable="false" onModifyNotifyMode="periodic" precision="" replaces="" type="u32" />
    <stc:property category="result" collectionType="vector" databaseType="DEFAULT" default="0" displayName="Target Type" format="number" id="0x8600300A" idlMapped="false" ilMapped="false" isComposite="false" isDataStream="false" isDeprecated="false" isInternal="true" isReadOnly="true" maxOccurs="1" minOccurs="1" name="TargetType" noSave="true" nullable="false" onModifyNotifyMode="periodic" precision="" replaces="" type="u32">
      <stc:enumerationRef ref="EnumTargetType" />
    </stc:property>

  </stc:class>


  
  
  

  <stc:class baseClass="framework.Command" canCreate="true" displayName="Start Workers" id="0x86004000" idlMapped="na" ilMapped="na" isInternal="false" isReadOnly="false" isSingleton="false" name="StorageStartWorkerCommand" noSave="false" profile="storageio">

    <stc:attribute id="0x86004001" internalIsEnum="false" internalType="bool" name="none" type="core.RequireApplyToIL" value="true" />
    <stc:attribute id="0x86004002" internalIsEnum="false" internalType="bool" name="none" type="core.Sequenceable" value="true" />
    <stc:attribute id="0x86004003" internalIsEnum="false" internalType="string" name="none" type="framework.CommandCategory" value="Application Layer Protocols//StorageIO" />
    <stc:attribute id="0x86004004" internalIsEnum="false" internalType="string" name="none" type="framework.CommandDescription" value="Start a test on a set of Storage Workers for a set duration." />

    <stc:relation allowDuplicate="false" dstClassRef="StorageStartWorkerCommand" dstName="none" embedDstInIlClass="false" embedSrcInIlClass="false" id="0x86004005" isInternal="false" maxOccurs="unbounded" minOccurs="0" name="ParentProject" order="sequenced" srcClassRef="framework.Project" srcName="none" type="framework.ParentChild" />

    <stc:property category="config" collectionType="vector" databaseType="DEFAULT" default="0" displayName="Initiator Handle List" format="number" id="0x86004006" idlMapped="true" ilMapped="true" isComposite="false" isDataStream="false" isDeprecated="false" isInternal="false" isReadOnly="false" maxOccurs="unbounded" minOccurs="0" name="HostList" noSave="false" nullable="false" onModifyNotifyMode="periodic" precision="" replaces="" type="handle" />

    <stc:property category="config" collectionType="vector" databaseType="DEFAULT" default="60" displayName="Test Duration (Sec)" format="number" id="0x86004007" idlMapped="true" ilMapped="true" isComposite="false" isDataStream="false" isDeprecated="false" isInternal="false" isReadOnly="false" maxOccurs="1" minOccurs="1" name="TestDuration" noSave="false" nullable="false" onModifyNotifyMode="periodic" precision="" replaces="" type="u32" />

    <stc:property category="config" collectionType="vector" databaseType="DEFAULT" default="false" displayName="Auto Learn Targets" format="number" id="0x86004008" idlMapped="true" ilMapped="true" isComposite="false" isDataStream="false" isDeprecated="false" isInternal="false" isReadOnly="false" maxOccurs="1" minOccurs="1" name="AutoLearnTargets" noSave="false" nullable="false" onModifyNotifyMode="periodic" precision="" replaces="" type="bool" />

  </stc:class>

  <stc:class baseClass="framework.Command" canCreate="true" displayName="Learn Targets" id="0x86005000" idlMapped="na" ilMapped="na" isInternal="false" isReadOnly="false" isSingleton="false" name="StorageLearnTargetsCommand" noSave="false" profile="storageio">

    <stc:attribute id="0x86005001" internalIsEnum="false" internalType="bool" name="none" type="core.RequireApplyToIL" value="false" />

    <stc:property category="config" collectionType="vector" databaseType="DEFAULT" default="0" displayName="Port Handle List" format="number" id="0x86005002" idlMapped="true" ilMapped="true" isComposite="false" isDataStream="false" isDeprecated="false" isInternal="false" isReadOnly="false" maxOccurs="unbounded" minOccurs="0" name="PortList" noSave="false" nullable="false" onModifyNotifyMode="periodic" precision="" replaces="" type="handle" />

  </stc:class>

  <stc:class baseClass="framework.Command" canCreate="true" displayName="Stop Workers" id="0x86006000" idlMapped="na" ilMapped="na" isInternal="false" isReadOnly="false" isSingleton="false" name="StorageStopWorkerCommand" noSave="false" profile="storageio">

    <stc:attribute id="0x86006001" internalIsEnum="false" internalType="bool" name="none" type="core.RequireApplyToIL" value="false" />
    <stc:attribute id="0x86006002" internalIsEnum="false" internalType="bool" name="none" type="core.Sequenceable" value="true" />
    <stc:attribute id="0x86006003" internalIsEnum="false" internalType="string" name="none" type="framework.CommandCategory" value="Application Layer Protocols//StorageIO" />
    <stc:attribute id="0x86006004" internalIsEnum="false" internalType="string" name="none" type="framework.CommandDescription" value="Stop a Storage Test that is currently running" />

  </stc:class>

  <stc:class baseClass="framework.Command" canCreate="true" displayName="Wait for test completion" id="0x86007000" idlMapped="na" ilMapped="na" isInternal="false" isReadOnly="false" isSingleton="false" name="StorageWaitForTestCompletionCommand" noSave="false" profile="storageio">

    <stc:attribute id="0x86007001" internalIsEnum="false" internalType="bool" name="none" type="core.RequireApplyToIL" value="false" />
    <stc:attribute id="0x86007002" internalIsEnum="false" internalType="bool" name="none" type="core.Sequenceable" value="true" />
    <stc:attribute id="0x86007003" internalIsEnum="false" internalType="string" name="none" type="framework.CommandCategory" value="Application Layer Protocols//StorageIO" />
    <stc:attribute id="0x86007004" internalIsEnum="false" internalType="string" name="none" type="framework.CommandDescription" value="Block until the current storage Test completes" />

  </stc:class>


  
  
  
  <stc:class baseClass="framework.Result" canCreate="false" id="0x86008000" idlMapped="bst" ilMapped="default" isInternal="false" isReadOnly="false" isSingleton="false" name="StorageBaseResults" noSave="false" profile="storageio">

     

      <stc:property category="result" collectionType="vector" databaseType="DEFAULT" default="0" displayName="Bytes Read" format="number" id="0x86008001" idlMapped="true" ilMapped="true" isComposite="false" isDataStream="false" isDeprecated="false" isInternal="false" isReadOnly="true" maxOccurs="1" minOccurs="1" name="BytesRead" noSave="true" nullable="false" onModifyNotifyMode="periodic" precision="" replaces="" type="u64">
        <stc:attribute id="0x8600801F" internalIsEnum="false" internalType="bool" name="none" type="core.ResultPropertyIsDefaultForSubscription" value="true" />
        <stc:attribute id="0x86008020" internalIsEnum="false" internalType="bool" name="none" type="core.ResultPropertyMarkForEotSave" value="true" />
      </stc:property>

      <stc:property category="result" collectionType="vector" databaseType="DEFAULT" default="0" displayName="Bytes Written" format="number" id="0x86008002" idlMapped="true" ilMapped="true" isComposite="false" isDataStream="false" isDeprecated="false" isInternal="false" isReadOnly="true" maxOccurs="1" minOccurs="1" name="BytesWritten" noSave="true" nullable="false" onModifyNotifyMode="periodic" precision="" replaces="" type="u64">
        <stc:attribute id="0x86008021" internalIsEnum="false" internalType="bool" name="none" type="core.ResultPropertyIsDefaultForSubscription" value="true" />
        <stc:attribute id="0x86008022" internalIsEnum="false" internalType="bool" name="none" type="core.ResultPropertyMarkForEotSave" value="true" />
      </stc:property>

      <stc:property category="result" collectionType="vector" databaseType="DEFAULT" default="0" displayName="Number of Read Transactions" format="number" id="0x86008003" idlMapped="true" ilMapped="true" isComposite="false" isDataStream="false" isDeprecated="false" isInternal="false" isReadOnly="true" maxOccurs="1" minOccurs="1" name="ReadTransactionCount" noSave="true" nullable="false" onModifyNotifyMode="periodic" precision="" replaces="" type="u64">
        <stc:attribute id="0x86008023" internalIsEnum="false" internalType="bool" name="none" type="core.ResultPropertyIsDefaultForSubscription" value="true" />
        <stc:attribute id="0x86008024" internalIsEnum="false" internalType="bool" name="none" type="core.ResultPropertyMarkForEotSave" value="true" />
      </stc:property>

      <stc:property category="result" collectionType="vector" databaseType="DEFAULT" default="0" displayName="Number of Write Transactions" format="number" id="0x86008004" idlMapped="true" ilMapped="true" isComposite="false" isDataStream="false" isDeprecated="false" isInternal="false" isReadOnly="true" maxOccurs="1" minOccurs="1" name="WriteTransactionCount" noSave="true" nullable="false" onModifyNotifyMode="periodic" precision="" replaces="" type="u64">
        <stc:attribute id="0x86008025" internalIsEnum="false" internalType="bool" name="none" type="core.ResultPropertyIsDefaultForSubscription" value="true" />
        <stc:attribute id="0x86008026" internalIsEnum="false" internalType="bool" name="none" type="core.ResultPropertyMarkForEotSave" value="true" />
      </stc:property>

      <stc:property category="result" collectionType="vector" databaseType="DEFAULT" default="0" displayName="Number of Transactions" format="number" id="0x86008005" idlMapped="true" ilMapped="true" isComposite="false" isDataStream="false" isDeprecated="false" isInternal="false" isReadOnly="true" maxOccurs="1" minOccurs="1" name="AllTransactionCount" noSave="true" nullable="false" onModifyNotifyMode="periodic" precision="" replaces="" type="u64">
        <stc:attribute id="0x86008027" internalIsEnum="false" internalType="bool" name="none" type="core.ResultPropertyIsDefaultForSubscription" value="true" />
        <stc:attribute id="0x86008028" internalIsEnum="false" internalType="bool" name="none" type="core.ResultPropertyMarkForEotSave" value="true" />
      </stc:property>

      <stc:property category="result" collectionType="vector" databaseType="DEFAULT" default="0" displayName="Number of Connections" format="number" id="0x86008006" idlMapped="true" ilMapped="true" isComposite="false" isDataStream="false" isDeprecated="false" isInternal="false" isReadOnly="true" maxOccurs="1" minOccurs="1" name="ConnectionCount" noSave="true" nullable="false" onModifyNotifyMode="periodic" precision="" replaces="" type="u64">
        <stc:attribute id="0x86008029" internalIsEnum="false" internalType="bool" name="none" type="core.ResultPropertyIsDefaultForSubscription" value="true" />
        <stc:attribute id="0x8600802A" internalIsEnum="false" internalType="bool" name="none" type="core.ResultPropertyMarkForEotSave" value="true" />
      </stc:property>

      <stc:property category="result" collectionType="vector" databaseType="DEFAULT" default="0" displayName="Number of Read Errors" format="number" id="0x86008007" idlMapped="true" ilMapped="true" isComposite="false" isDataStream="false" isDeprecated="false" isInternal="false" isReadOnly="true" maxOccurs="1" minOccurs="1" name="ReadErrors" noSave="true" nullable="false" onModifyNotifyMode="periodic" precision="" replaces="" type="u64">
        <stc:attribute id="0x8600802B" internalIsEnum="false" internalType="bool" name="none" type="core.ResultPropertyIsDefaultForSubscription" value="true" />
        <stc:attribute id="0x8600802C" internalIsEnum="false" internalType="bool" name="none" type="core.ResultPropertyMarkForEotSave" value="true" />
      </stc:property>

      <stc:property category="result" collectionType="vector" databaseType="DEFAULT" default="0" displayName="Number of Write Errors" format="number" id="0x86008008" idlMapped="true" ilMapped="true" isComposite="false" isDataStream="false" isDeprecated="false" isInternal="false" isReadOnly="true" maxOccurs="1" minOccurs="1" name="WriteErrors" noSave="true" nullable="false" onModifyNotifyMode="periodic" precision="" replaces="" type="u64">
        <stc:attribute id="0x8600802D" internalIsEnum="false" internalType="bool" name="none" type="core.ResultPropertyIsDefaultForSubscription" value="true" />
        <stc:attribute id="0x8600802E" internalIsEnum="false" internalType="bool" name="none" type="core.ResultPropertyMarkForEotSave" value="true" />
      </stc:property>

      <stc:property category="result" collectionType="vector" databaseType="DEFAULT" default="0" displayName="Total Read Latency" format="number" id="0x86008009" idlMapped="true" ilMapped="true" isComposite="false" isDataStream="false" isDeprecated="false" isInternal="false" isReadOnly="true" maxOccurs="1" minOccurs="1" name="TotalReadLatency" noSave="true" nullable="false" onModifyNotifyMode="periodic" precision="" replaces="" type="double">
        <stc:attribute id="0x8600802F" internalIsEnum="false" internalType="bool" name="none" type="core.ResultPropertyIsDefaultForSubscription" value="true" />
        <stc:attribute id="0x86008030" internalIsEnum="false" internalType="bool" name="none" type="core.ResultPropertyMarkForEotSave" value="true" />
      </stc:property>

      <stc:property category="result" collectionType="vector" databaseType="DEFAULT" default="0" displayName="Total Write Latency" format="number" id="0x8600800A" idlMapped="true" ilMapped="true" isComposite="false" isDataStream="false" isDeprecated="false" isInternal="false" isReadOnly="true" maxOccurs="1" minOccurs="1" name="TotalWriteLatency" noSave="true" nullable="false" onModifyNotifyMode="periodic" precision="" replaces="" type="double">
        <stc:attribute id="0x86008031" internalIsEnum="false" internalType="bool" name="none" type="core.ResultPropertyIsDefaultForSubscription" value="true" />
        <stc:attribute id="0x86008032" internalIsEnum="false" internalType="bool" name="none" type="core.ResultPropertyMarkForEotSave" value="true" />
      </stc:property>

      <stc:property category="result" collectionType="vector" databaseType="DEFAULT" default="0" displayName="Total Transaction Latency" format="number" id="0x8600800B" idlMapped="true" ilMapped="true" isComposite="false" isDataStream="false" isDeprecated="false" isInternal="false" isReadOnly="true" maxOccurs="1" minOccurs="1" name="TotalTransactionLatency" noSave="true" nullable="false" onModifyNotifyMode="periodic" precision="" replaces="" type="double">
        <stc:attribute id="0x86008033" internalIsEnum="false" internalType="bool" name="none" type="core.ResultPropertyIsDefaultForSubscription" value="true" />
        <stc:attribute id="0x86008034" internalIsEnum="false" internalType="bool" name="none" type="core.ResultPropertyMarkForEotSave" value="true" />
      </stc:property>

      <stc:property category="result" collectionType="vector" databaseType="DEFAULT" default="0" displayName="Total Connection Latency " format="number" id="0x8600800C" idlMapped="true" ilMapped="true" isComposite="false" isDataStream="false" isDeprecated="false" isInternal="false" isReadOnly="true" maxOccurs="1" minOccurs="1" name="TotalConnectionLatency" noSave="true" nullable="false" onModifyNotifyMode="periodic" precision="" replaces="" type="double">
        <stc:attribute id="0x86008035" internalIsEnum="false" internalType="bool" name="none" type="core.ResultPropertyIsDefaultForSubscription" value="true" />
        <stc:attribute id="0x86008036" internalIsEnum="false" internalType="bool" name="none" type="core.ResultPropertyMarkForEotSave" value="true" />
      </stc:property>

    
    <stc:property category="result" collectionType="vector" databaseType="DEFAULT" default="0" displayName="Average IOs Per Second" format="number" id="0x8600800D" idlMapped="true" ilMapped="true" isComposite="false" isDataStream="false" isDeprecated="false" isInternal="false" isReadOnly="true" maxOccurs="1" minOccurs="1" name="AvgIOPerSecond" noSave="true" nullable="false" onModifyNotifyMode="periodic" precision="" replaces="" type="double">
      <stc:attribute id="0x86008037" internalIsEnum="false" internalType="bool" name="none" type="core.ResultPropertyIsDefaultForSubscription" value="true" />
      <stc:attribute id="0x86008038" internalIsEnum="false" internalType="bool" name="none" type="core.ResultPropertyMarkForEotSave" value="true" />
    </stc:property>

    <stc:property category="result" collectionType="vector" databaseType="DEFAULT" default="0" displayName="Average Read Operations Per Second" format="number" id="0x8600800E" idlMapped="true" ilMapped="true" isComposite="false" isDataStream="false" isDeprecated="false" isInternal="false" isReadOnly="true" maxOccurs="1" minOccurs="1" name="AvgReadOperationsPerSecond" noSave="true" nullable="false" onModifyNotifyMode="periodic" precision="" replaces="" type="double">
      <stc:attribute id="0x86008039" internalIsEnum="false" internalType="bool" name="none" type="core.ResultPropertyIsDefaultForSubscription" value="true" />
      <stc:attribute id="0x8600803A" internalIsEnum="false" internalType="bool" name="none" type="core.ResultPropertyMarkForEotSave" value="true" />
    </stc:property>

    <stc:property category="result" collectionType="vector" databaseType="DEFAULT" default="0" displayName="Average Write Operations Per Second" format="number" id="0x8600800F" idlMapped="true" ilMapped="true" isComposite="false" isDataStream="false" isDeprecated="false" isInternal="false" isReadOnly="true" maxOccurs="1" minOccurs="1" name="AvgWriteOperationsPerSecond" noSave="true" nullable="false" onModifyNotifyMode="periodic" precision="" replaces="" type="double">
      <stc:attribute id="0x8600803B" internalIsEnum="false" internalType="bool" name="none" type="core.ResultPropertyIsDefaultForSubscription" value="true" />
      <stc:attribute id="0x8600803C" internalIsEnum="false" internalType="bool" name="none" type="core.ResultPropertyMarkForEotSave" value="true" />
    </stc:property>

    <stc:property category="result" collectionType="vector" databaseType="DEFAULT" default="0" displayName="Average Transactions Per Second" format="number" id="0x86008010" idlMapped="true" ilMapped="true" isComposite="false" isDataStream="false" isDeprecated="false" isInternal="false" isReadOnly="true" maxOccurs="1" minOccurs="1" name="AvgTransactionsPerSecond" noSave="true" nullable="false" onModifyNotifyMode="periodic" precision="" replaces="" type="double">
      <stc:attribute id="0x8600803D" internalIsEnum="false" internalType="bool" name="none" type="core.ResultPropertyIsDefaultForSubscription" value="true" />
      <stc:attribute id="0x8600803E" internalIsEnum="false" internalType="bool" name="none" type="core.ResultPropertyMarkForEotSave" value="true" />
    </stc:property>

    <stc:property category="result" collectionType="vector" databaseType="DEFAULT" default="0" displayName="Average Connections Per Second" format="number" id="0x86008011" idlMapped="true" ilMapped="true" isComposite="false" isDataStream="false" isDeprecated="false" isInternal="false" isReadOnly="true" maxOccurs="1" minOccurs="1" name="AvgConnectionsPerSecond" noSave="true" nullable="false" onModifyNotifyMode="periodic" precision="" replaces="" type="double">
      <stc:attribute id="0x8600803F" internalIsEnum="false" internalType="bool" name="none" type="core.ResultPropertyIsDefaultForSubscription" value="true" />
      <stc:attribute id="0x86008040" internalIsEnum="false" internalType="bool" name="none" type="core.ResultPropertyMarkForEotSave" value="true" />
    </stc:property>

    
    <stc:property category="result" collectionType="vector" databaseType="DEFAULT" default="0" displayName="Average MBs Per Second" format="number" id="0x86008012" idlMapped="true" ilMapped="true" isComposite="false" isDataStream="false" isDeprecated="false" isInternal="false" isReadOnly="true" maxOccurs="1" minOccurs="1" name="AvgMBps" noSave="true" nullable="false" onModifyNotifyMode="periodic" precision="" replaces="" type="double">
      <stc:attribute id="0x86008041" internalIsEnum="false" internalType="bool" name="none" type="core.ResultPropertyIsDefaultForSubscription" value="true" />
      <stc:attribute id="0x86008042" internalIsEnum="false" internalType="bool" name="none" type="core.ResultPropertyMarkForEotSave" value="true" />
    </stc:property>
    
    <stc:property category="result" collectionType="vector" databaseType="DEFAULT" default="0" displayName="Avg MB Read Per Second" format="number" id="0x86008013" idlMapped="true" ilMapped="true" isComposite="false" isDataStream="false" isDeprecated="false" isInternal="false" isReadOnly="true" maxOccurs="1" minOccurs="1" name="AvgMBReadPerSecond" noSave="true" nullable="false" onModifyNotifyMode="periodic" precision="" replaces="" type="double">
      <stc:attribute id="0x86008043" internalIsEnum="false" internalType="bool" name="none" type="core.ResultPropertyIsDefaultForSubscription" value="true" />
      <stc:attribute id="0x86008044" internalIsEnum="false" internalType="bool" name="none" type="core.ResultPropertyMarkForEotSave" value="true" />
    </stc:property>
    
    <stc:property category="result" collectionType="vector" databaseType="DEFAULT" default="0" displayName="Avg MB Written Per Second" format="number" id="0x86008014" idlMapped="true" ilMapped="true" isComposite="false" isDataStream="false" isDeprecated="false" isInternal="false" isReadOnly="true" maxOccurs="1" minOccurs="1" name="AvgMBWritePerSecond" noSave="true" nullable="false" onModifyNotifyMode="periodic" precision="" replaces="" type="double">
      <stc:attribute id="0x86008045" internalIsEnum="false" internalType="bool" name="none" type="core.ResultPropertyIsDefaultForSubscription" value="true" />
      <stc:attribute id="0x86008046" internalIsEnum="false" internalType="bool" name="none" type="core.ResultPropertyMarkForEotSave" value="true" />
    </stc:property>

    
    <stc:property category="result" collectionType="vector" databaseType="DEFAULT" default="0" displayName="Avg Latency (ms)" format="number" id="0x86008015" idlMapped="true" ilMapped="true" isComposite="false" isDataStream="false" isDeprecated="false" isInternal="false" isReadOnly="true" maxOccurs="1" minOccurs="1" name="AvgLatency" noSave="true" nullable="false" onModifyNotifyMode="periodic" precision="" replaces="" type="double">
      <stc:attribute id="0x86008047" internalIsEnum="false" internalType="bool" name="none" type="core.ResultPropertyIsDefaultForSubscription" value="true" />
      <stc:attribute id="0x86008048" internalIsEnum="false" internalType="bool" name="none" type="core.ResultPropertyMarkForEotSave" value="true" />
    </stc:property>
    <stc:property category="result" collectionType="vector" databaseType="DEFAULT" default="0" displayName="Avg Read Latency (ms)" format="number" id="0x86008016" idlMapped="true" ilMapped="true" isComposite="false" isDataStream="false" isDeprecated="false" isInternal="false" isReadOnly="true" maxOccurs="1" minOccurs="1" name="AvgReadLatency" noSave="true" nullable="false" onModifyNotifyMode="periodic" precision="" replaces="" type="double">
      <stc:attribute id="0x86008049" internalIsEnum="false" internalType="bool" name="none" type="core.ResultPropertyIsDefaultForSubscription" value="true" />
      <stc:attribute id="0x8600804A" internalIsEnum="false" internalType="bool" name="none" type="core.ResultPropertyMarkForEotSave" value="true" />
    </stc:property>
    <stc:property category="result" collectionType="vector" databaseType="DEFAULT" default="0" displayName="Avg Write Latency (ms)" format="number" id="0x86008017" idlMapped="true" ilMapped="true" isComposite="false" isDataStream="false" isDeprecated="false" isInternal="false" isReadOnly="true" maxOccurs="1" minOccurs="1" name="AvgWriteLatency" noSave="true" nullable="false" onModifyNotifyMode="periodic" precision="" replaces="" type="double">
      <stc:attribute id="0x8600804B" internalIsEnum="false" internalType="bool" name="none" type="core.ResultPropertyIsDefaultForSubscription" value="true" />
      <stc:attribute id="0x8600804C" internalIsEnum="false" internalType="bool" name="none" type="core.ResultPropertyMarkForEotSave" value="true" />
    </stc:property>
    <stc:property category="result" collectionType="vector" databaseType="DEFAULT" default="0" displayName="Avg Transaction Latency (ms)" format="number" id="0x86008018" idlMapped="true" ilMapped="true" isComposite="false" isDataStream="false" isDeprecated="false" isInternal="false" isReadOnly="true" maxOccurs="1" minOccurs="1" name="AvgTransactionLatency" noSave="true" nullable="false" onModifyNotifyMode="periodic" precision="" replaces="" type="double">
      <stc:attribute id="0x8600804D" internalIsEnum="false" internalType="bool" name="none" type="core.ResultPropertyIsDefaultForSubscription" value="true" />
      <stc:attribute id="0x8600804E" internalIsEnum="false" internalType="bool" name="none" type="core.ResultPropertyMarkForEotSave" value="true" />
    </stc:property>
    <stc:property category="result" collectionType="vector" databaseType="DEFAULT" default="0" displayName="Avg Connection Latency (ms)" format="number" id="0x86008019" idlMapped="true" ilMapped="true" isComposite="false" isDataStream="false" isDeprecated="false" isInternal="false" isReadOnly="true" maxOccurs="1" minOccurs="1" name="AvgConnectionLatency" noSave="true" nullable="false" onModifyNotifyMode="periodic" precision="" replaces="" type="double">
      <stc:attribute id="0x8600804F" internalIsEnum="false" internalType="bool" name="none" type="core.ResultPropertyIsDefaultForSubscription" value="true" />
      <stc:attribute id="0x86008050" internalIsEnum="false" internalType="bool" name="none" type="core.ResultPropertyMarkForEotSave" value="true" />
    </stc:property>
    
    
    <stc:property category="result" collectionType="vector" databaseType="DEFAULT" default="0" displayName="Maximum Latency (ms)" format="number" id="0x8600801A" idlMapped="true" ilMapped="true" isComposite="false" isDataStream="false" isDeprecated="false" isInternal="false" isReadOnly="true" maxOccurs="1" minOccurs="1" name="MaxLatency" noSave="true" nullable="false" onModifyNotifyMode="periodic" precision="" replaces="" type="double">
      <stc:attribute id="0x86008051" internalIsEnum="false" internalType="bool" name="none" type="core.ResultPropertyIsDefaultForSubscription" value="true" />
      <stc:attribute id="0x86008052" internalIsEnum="false" internalType="bool" name="none" type="core.ResultPropertyMarkForEotSave" value="true" />
    </stc:property>
    <stc:property category="result" collectionType="vector" databaseType="DEFAULT" default="0" displayName="Maximum Read Latency (ms)" format="number" id="0x8600801B" idlMapped="true" ilMapped="true" isComposite="false" isDataStream="false" isDeprecated="false" isInternal="false" isReadOnly="true" maxOccurs="1" minOccurs="1" name="MaxReadLatency" noSave="true" nullable="false" onModifyNotifyMode="periodic" precision="" replaces="" type="double">
      <stc:attribute id="0x86008053" internalIsEnum="false" internalType="bool" name="none" type="core.ResultPropertyIsDefaultForSubscription" value="true" />
      <stc:attribute id="0x86008054" internalIsEnum="false" internalType="bool" name="none" type="core.ResultPropertyMarkForEotSave" value="true" />
    </stc:property>
    <stc:property category="result" collectionType="vector" databaseType="DEFAULT" default="0" displayName="Maximum Write Latency (ms)" format="number" id="0x8600801C" idlMapped="true" ilMapped="true" isComposite="false" isDataStream="false" isDeprecated="false" isInternal="false" isReadOnly="true" maxOccurs="1" minOccurs="1" name="MaxWriteLatency" noSave="true" nullable="false" onModifyNotifyMode="periodic" precision="" replaces="" type="double">
      <stc:attribute id="0x86008055" internalIsEnum="false" internalType="bool" name="none" type="core.ResultPropertyIsDefaultForSubscription" value="true" />
      <stc:attribute id="0x86008056" internalIsEnum="false" internalType="bool" name="none" type="core.ResultPropertyMarkForEotSave" value="true" />
    </stc:property>
    <stc:property category="result" collectionType="vector" databaseType="DEFAULT" default="0" displayName="Maximum Transaction Latency (ms)" format="number" id="0x8600801D" idlMapped="true" ilMapped="true" isComposite="false" isDataStream="false" isDeprecated="false" isInternal="false" isReadOnly="true" maxOccurs="1" minOccurs="1" name="MaxTransactionLatency" noSave="true" nullable="false" onModifyNotifyMode="periodic" precision="" replaces="" type="double">
      <stc:attribute id="0x86008057" internalIsEnum="false" internalType="bool" name="none" type="core.ResultPropertyIsDefaultForSubscription" value="true" />
      <stc:attribute id="0x86008058" internalIsEnum="false" internalType="bool" name="none" type="core.ResultPropertyMarkForEotSave" value="true" />
    </stc:property>
    <stc:property category="result" collectionType="vector" databaseType="DEFAULT" default="0" displayName="Maximum Connection Latency (ms)" format="number" id="0x8600801E" idlMapped="true" ilMapped="true" isComposite="false" isDataStream="false" isDeprecated="false" isInternal="false" isReadOnly="true" maxOccurs="1" minOccurs="1" name="MaxConnectionLatency" noSave="true" nullable="false" onModifyNotifyMode="periodic" precision="" replaces="" type="double">
      <stc:attribute id="0x86008059" internalIsEnum="false" internalType="bool" name="none" type="core.ResultPropertyIsDefaultForSubscription" value="true" />
      <stc:attribute id="0x8600805A" internalIsEnum="false" internalType="bool" name="none" type="core.ResultPropertyMarkForEotSave" value="true" />
    </stc:property>

  </stc:class>

  <stc:class baseClass="StorageBaseResults" canCreate="true" id="0x86009000" idlMapped="bst" ilMapped="default" isInternal="false" isReadOnly="false" isSingleton="false" name="StorageDiscoveredTargetResults" noSave="false" profile="storageio">

    
    <stc:relation allowDuplicate="false" dstClassRef="StorageDiscoveredTargetResults" dstName="none" embedDstInIlClass="false" embedSrcInIlClass="false" id="0x86009001" isInternal="false" maxOccurs="unbounded" minOccurs="0" name="ParentDevice" order="sequenced" srcClassRef="StorageDiscoveredTargets" srcName="none" type="framework.ParentChild" />

    
    <stc:relation allowDuplicate="false" dstClassRef="StorageDiscoveredTargetResults" dstName="none" embedDstInIlClass="false" embedSrcInIlClass="false" id="0x86009002" isInternal="false" maxOccurs="unbounded" minOccurs="0" name="ResultParentDevice" order="sequenced" srcClassRef="StorageDiscoveredTargets" srcName="none" type="framework.ResultChild" />

    <stc:property category="result" collectionType="vector" databaseType="DEFAULT" default="" displayName="Target Name" format="number" id="0x86009003" idlMapped="true" ilMapped="true" isComposite="false" isDataStream="false" isDeprecated="false" isInternal="false" isReadOnly="true" maxOccurs="1" minOccurs="1" name="TargetName" noSave="true" nullable="false" onModifyNotifyMode="periodic" precision="" replaces="" type="string" />

  </stc:class>

  <stc:class baseClass="StorageBaseResults" canCreate="true" id="0x8600A000" idlMapped="bst" ilMapped="default" isInternal="false" isReadOnly="false" isSingleton="false" name="StorageWorkerResults" noSave="false" profile="storageio">

    
    <stc:relation allowDuplicate="false" dstClassRef="StorageWorkerResults" dstName="none" embedDstInIlClass="false" embedSrcInIlClass="false" id="0x8600A001" isInternal="false" maxOccurs="unbounded" minOccurs="0" name="ParentWorker" order="sequenced" srcClassRef="StorageWorkerConfig" srcName="none" type="framework.ParentChild" />

    
    <stc:relation allowDuplicate="false" dstClassRef="StorageWorkerResults" dstName="none" embedDstInIlClass="false" embedSrcInIlClass="false" id="0x8600A002" isInternal="false" maxOccurs="unbounded" minOccurs="0" name="ResultParentWorker" order="sequenced" srcClassRef="StorageWorkerConfig" srcName="none" type="framework.ResultChild" />

  </stc:class>
  
  <stc:class baseClass="StorageBaseResults" canCreate="true" id="0x8600B000" idlMapped="bst" ilMapped="default" isInternal="false" isReadOnly="false" isSingleton="false" name="StorageProfileResults" noSave="false" profile="storageio">

    
    <stc:relation allowDuplicate="false" dstClassRef="StorageProfileResults" dstName="none" embedDstInIlClass="false" embedSrcInIlClass="false" id="0x8600B001" isInternal="false" maxOccurs="1" minOccurs="0" name="ParentTarget" order="sequenced" srcClassRef="StorageWorkerProfile" srcName="none" type="framework.ParentChild" />

    
    <stc:relation allowDuplicate="false" dstClassRef="StorageProfileResults" dstName="none" embedDstInIlClass="false" embedSrcInIlClass="false" id="0x8600B002" isInternal="false" maxOccurs="1" minOccurs="0" name="ResultParentTarget" order="sequenced" srcClassRef="StorageWorkerProfile" srcName="none" type="framework.ResultChild" />

  </stc:class>

  <stc:class baseClass="StorageBaseResults" canCreate="true" id="0x8600C000" idlMapped="bst" ilMapped="default" isInternal="false" isReadOnly="false" isSingleton="false" name="StoragePortResults" noSave="false" profile="storageio">

    
    <stc:relation allowDuplicate="false" dstClassRef="StoragePortResults" dstName="none" embedDstInIlClass="false" embedSrcInIlClass="false" id="0x8600C001" isInternal="false" maxOccurs="1" minOccurs="0" name="ParentTarget" order="sequenced" srcClassRef="core.Port" srcName="none" type="framework.ParentChild" />

    
    <stc:relation allowDuplicate="false" dstClassRef="StoragePortResults" dstName="none" embedDstInIlClass="false" embedSrcInIlClass="false" id="0x8600C002" isInternal="false" maxOccurs="1" minOccurs="0" name="ResultParentTarget" order="sequenced" srcClassRef="core.Port" srcName="none" type="framework.ResultChild" />

  </stc:class>

  <stc:class baseClass="StorageBaseResults" canCreate="true" id="0x8600D000" idlMapped="bst" ilMapped="default" isInternal="false" isReadOnly="false" isSingleton="false" name="StorageProjectResults" noSave="false" profile="storageio">

    
    <stc:relation allowDuplicate="false" dstClassRef="StorageProjectResults" dstName="none" embedDstInIlClass="false" embedSrcInIlClass="false" id="0x8600D001" isInternal="false" maxOccurs="1" minOccurs="0" name="ParentTarget" order="sequenced" srcClassRef="framework.Project" srcName="none" type="framework.ParentChild" />

    
    <stc:relation allowDuplicate="false" dstClassRef="StorageProjectResults" dstName="none" embedDstInIlClass="false" embedSrcInIlClass="false" id="0x8600D002" isInternal="false" maxOccurs="1" minOccurs="0" name="ResultParentTarget" order="sequenced" srcClassRef="framework.Project" srcName="none" type="framework.ResultChild" />

  </stc:class>

  
  
  
  <stc:commandTarget command="StorageStartWorkerCommand" default="1" target="StorageWorkerConfig" />
  <stc:commandTarget command="StorageStopWorkerCommand" default="0" target="StorageWorkerConfig" />
  <stc:commandTarget command="StorageLearnTargetsCommand" default="1" target="StorageWorkerConfig" />

</stc:meta>