<stc:meta xmlns:stc="urn:www.spirentcom.com:XMLSchema.xsd" id="0x9A000000" package="routing" plugin="srp" version="0.0.0-0">

  
  <stc:idlDef idlDepends="" idlImplements="../../rtgcore/idl/rtgcore_Autogen.idl" idlIncludes="../../../../framework/idl/result_Autogen.idl" idlName="srp" idlVersion="1" isInterface="true" />

  
  
  
  <stc:class baseClass="routing.rtgcore.RouterConfig" canCreate="true" displayName="SRP" id="0x9A001000" idlMapped="srp" ilMapped="default" isInternal="false" isReadOnly="false" isSingleton="false" name="SrpConfig" noSave="false" profile="srp">
    
    <stc:attribute id="0x9A001001" internalIsEnum="false" internalType="string" name="none" type="framework.EventMessageAllTypes" value="AllEvents" />
    <stc:attribute id="0x9A001002" internalIsEnum="false" internalType="string" name="none" type="framework.EventMessageDefaultTypes" value="DefaultEvents" />

    
    <stc:relation allowDuplicate="false" dstClassRef="SrpConfig" dstName="none" embedDstInIlClass="false" embedSrcInIlClass="false" id="0x9A001003" isInternal="false" maxOccurs="unbounded" minOccurs="0" name="ParentSrpDevice" order="sequenced" srcClassRef="core.EmulatedDevice" srcName="none" type="framework.ParentChild" />
    
    <stc:enumeration idlMapped="true" ilMapped="true" isFlags="false" name="EnumProtocolState">
      <stc:enum displayName="Not Started" idlMapped="true" ilMapped="true" name="SRP_STATE_NO_STATE" value="0" />
      <stc:enum displayName="Up" idlMapped="true" ilMapped="true" name="SRP_STATE_UP" value="1" />
      <stc:enum displayName="Down" idlMapped="true" ilMapped="true" name="SRP_STATE_DOWN" value="2" />
    </stc:enumeration>

    <stc:enumeration idlMapped="true" ilMapped="true" isFlags="false" name="EnumRole">
      <stc:enum displayName="Talker" idlMapped="true" ilMapped="true" name="SRP_TALKER" value="0" />
      <stc:enum displayName="Listener" idlMapped="true" ilMapped="true" name="SRP_LISTENER" value="1" />
      <stc:enum displayName="Talker/Listener" idlMapped="true" ilMapped="true" name="SRP_BOTH" value="2" />
      </stc:enumeration>

    <stc:enumeration idlMapped="true" ilMapped="true" isFlags="false" name="EnumListenerAction">
      <stc:enum displayName="Passive" idlMapped="true" ilMapped="true" name="SRP_ACTION_PASSIVE" value="0" />
      <stc:enum displayName="Accept All" idlMapped="true" ilMapped="true" name="SRP_ACTION_ACCEPT_ALL" value="1" />
      <stc:enum displayName="Reject All" idlMapped="true" ilMapped="true" name="SRP_ACTION_REJECT_ALL" value="2" />
      <stc:enum displayName="Accept/Reject Specific" idlMapped="true" ilMapped="true" name="SRP_ACTION_SPECIFIC" value="3" />
    </stc:enumeration>

    <stc:enumeration idlMapped="true" ilMapped="true" isFlags="false" name="EnumRejectAllReasonCodes">
      <stc:enum displayName="Ready Failed" idlMapped="true" ilMapped="true" name="READY_FAILED" value="1" />
      <stc:enum displayName="Asking Failed" idlMapped="true" ilMapped="true" name="ASKING_FAILED" value="2" />
    </stc:enumeration>

    <stc:property category="state" collectionType="vector" databaseType="DEFAULT" default="SRP_STATE_NO_STATE" displayName="Protocol State" format="number" id="0x9A001004" idlMapped="true" ilMapped="true" isComposite="false" isDataStream="false" isDeprecated="false" isInternal="false" isReadOnly="true" maxOccurs="1" minOccurs="1" name="ProtocolState" noSave="true" nullable="false" onModifyNotifyMode="queued" precision="" replaces="" type="u16">
      <stc:enumerationRef ref="EnumProtocolState" />
    </stc:property>

    <stc:property category="config" collectionType="vector" databaseType="DEFAULT" default="SRP_BOTH" displayName="Role" format="number" id="0x9A001005" idlMapped="true" ilMapped="true" isComposite="false" isDataStream="false" isDeprecated="false" isInternal="false" isReadOnly="false" maxOccurs="1" minOccurs="1" name="Role" noSave="false" nullable="false" onModifyNotifyMode="periodic" precision="" replaces="" type="u16">
      <stc:enumerationRef ref="EnumRole" />
    </stc:property>
    
    <stc:property category="config" collectionType="vector" databaseType="DEFAULT" default="20" displayName="Join Timer" format="number" id="0x9A001006" idlMapped="true" ilMapped="true" isComposite="false" isDataStream="false" isDeprecated="false" isInternal="false" isReadOnly="false" maxOccurs="1" minOccurs="1" name="JoinTimer" noSave="false" nullable="false" onModifyNotifyMode="periodic" precision="" replaces="" type="u16">
    <stc:numericValidation errorMsg="Please enter a valid number" maxInclusive="100" minInclusive="10" />
    </stc:property>

    <stc:property category="config" collectionType="vector" databaseType="DEFAULT" default="300" displayName="Leave Timer" format="number" id="0x9A001007" idlMapped="true" ilMapped="true" isComposite="false" isDataStream="false" isDeprecated="false" isInternal="false" isReadOnly="false" maxOccurs="1" minOccurs="1" name="LeaveTimer" noSave="false" nullable="false" onModifyNotifyMode="periodic" precision="" replaces="" type="u16">
      <stc:numericValidation errorMsg="Please enter a valid number" maxInclusive="600" minInclusive="20" />
    </stc:property>

    <stc:property category="config" collectionType="vector" databaseType="DEFAULT" default="2000" displayName="Leave All Timer" format="number" id="0x9A001008" idlMapped="true" ilMapped="true" isComposite="false" isDataStream="false" isDeprecated="false" isInternal="false" isReadOnly="false" maxOccurs="1" minOccurs="1" name="LeaveAllTimer" noSave="false" nullable="false" onModifyNotifyMode="periodic" precision="" replaces="" type="u16">
      <stc:numericValidation errorMsg="Please enter a valid number" maxInclusive="6000" minInclusive="200" />
    </stc:property>

    <stc:property category="config" collectionType="vector" databaseType="DEFAULT" default="1000" displayName="Periodic Timer" format="number" id="0x9A001009" idlMapped="true" ilMapped="true" isComposite="false" isDataStream="false" isDeprecated="false" isInternal="false" isReadOnly="false" maxOccurs="1" minOccurs="1" name="PeriodicTimer" noSave="false" nullable="false" onModifyNotifyMode="periodic" precision="" replaces="" type="u16">
      <stc:numericValidation errorMsg="Please enter a valid number" maxInclusive="6000" minInclusive="200" />
    </stc:property>

    <stc:property category="config" collectionType="vector" databaseType="DEFAULT" default="true" displayName="MSRP Class A" format="number" id="0x9A00100A" idlMapped="true" ilMapped="true" isComposite="false" isDataStream="false" isDeprecated="false" isInternal="false" isReadOnly="false" maxOccurs="1" minOccurs="1" name="MsrpClassA" noSave="false" nullable="false" onModifyNotifyMode="periodic" precision="" replaces="" type="bool" />
    <stc:property category="config" collectionType="vector" databaseType="DEFAULT" default="false" displayName="MSRP Class B" format="number" id="0x9A00100B" idlMapped="true" ilMapped="true" isComposite="false" isDataStream="false" isDeprecated="false" isInternal="false" isReadOnly="false" maxOccurs="1" minOccurs="1" name="MsrpClassB" noSave="false" nullable="false" onModifyNotifyMode="periodic" precision="" replaces="" type="bool" />

    <stc:property category="config" collectionType="vector" databaseType="DEFAULT" default="2" displayName="SR Class PVID" format="number" id="0x9A00100C" idlMapped="true" ilMapped="true" isComposite="false" isDataStream="false" isDeprecated="false" isInternal="false" isReadOnly="false" maxOccurs="1" minOccurs="1" name="SrClassPvid" noSave="false" nullable="false" onModifyNotifyMode="periodic" precision="" replaces="" type="u16">
      <stc:numericValidation errorMsg="Please enter a valid number" maxInclusive="4093" minInclusive="1" />
    </stc:property>


    <stc:property category="config" collectionType="vector" databaseType="DEFAULT" default="SRP_ACTION_SPECIFIC" displayName="Listener Action" format="number" id="0x9A00100D" idlMapped="true" ilMapped="true" isComposite="false" isDataStream="false" isDeprecated="false" isInternal="false" isReadOnly="false" maxOccurs="1" minOccurs="1" name="ListenerAction" noSave="false" nullable="false" onModifyNotifyMode="periodic" precision="" replaces="" type="u16">
      <stc:enumerationRef ref="EnumListenerAction" />
      <stc:condition operator="notEqual" property="Role" type="applicable" value="EnumRole.SrpTalker" />
    </stc:property>

    <stc:property category="config" collectionType="vector" databaseType="DEFAULT" default="ASKING_FAILED" displayName="RejectAll Reason" format="number" id="0x9A00100E" idlMapped="true" ilMapped="true" isComposite="false" isDataStream="false" isDeprecated="false" isInternal="false" isReadOnly="false" maxOccurs="1" minOccurs="1" name="RejectAllReason" noSave="false" nullable="false" onModifyNotifyMode="periodic" precision="" replaces="" type="u8">
      <stc:enumerationRef ref="EnumRejectAllReasonCodes" />
      <stc:condition operator="equal" property="ListenerAction" type="applicable" value="EnumListenerAction.SrpActionRejectAll" />
    </stc:property>

    <stc:property category="config" collectionType="vector" databaseType="DEFAULT" default="false" displayName="Enable View StreamInfo" format="number" id="0x9A00100F" idlMapped="true" ilMapped="true" isComposite="false" isDataStream="false" isDeprecated="false" isInternal="false" isReadOnly="false" maxOccurs="1" minOccurs="1" name="ViewStreamInfo" noSave="false" nullable="false" onModifyNotifyMode="periodic" precision="" replaces="" type="bool">
    </stc:property>
          
  </stc:class>


  
  
  
  <stc:class baseClass="framework.Scriptable" canCreate="true" id="0x9A002000" idlMapped="srp" ilMapped="root" isInternal="false" isReadOnly="false" isSingleton="false" name="SrpStreamConfig" noSave="false" profile="srp">
    
    <stc:relation allowDuplicate="false" dstClassRef="SrpStreamConfig" dstName="none" embedDstInIlClass="false" embedSrcInIlClass="false" id="0x9A002001" isInternal="false" maxOccurs="unbounded" minOccurs="0" name="ChildSrpStreamConfig" order="sequenced" srcClassRef="SrpConfig" srcName="none" type="framework.ParentChild" />
	  
    <stc:enumeration idlMapped="true" ilMapped="true" isFlags="false" name="EnumStreamRank">
      <stc:enum displayName="Non-Emergency" idlMapped="true" ilMapped="true" name="SRP_STREAM_NON_EMERGENCY" value="1" />
      <stc:enum displayName="Emergency" idlMapped="true" ilMapped="true" name="SRP_STREAM_EMERGENCY" value="0" />
    </stc:enumeration>
	
    <stc:enumeration idlMapped="true" ilMapped="true" isFlags="false" name="EnumStreamMSRPClass">
      <stc:enum displayName="Class A" idlMapped="true" ilMapped="true" name="SRP_CLASS_A" value="3" />
      <stc:enum displayName="Class B" idlMapped="true" ilMapped="true" name="SRP_CLASS_B" value="2" />
    </stc:enumeration>	

    <stc:property category="config" collectionType="vector" databaseType="VARCHAR" default="0x0001020304050607" displayName="Stream ID" format="hex" id="0x9A002002" idlMapped="true" ilMapped="true" isComposite="false" isDataStream="false" isDeprecated="false" isInternal="false" isReadOnly="false" maxOccurs="1" minOccurs="1" name="StreamId" noSave="false" nullable="false" onModifyNotifyMode="periodic" precision="" replaces="" type="u64" />

    
    <stc:property category="config" collectionType="vector" databaseType="VARCHAR" default="91:E0:F0:00:0E:80" displayName="Destination MAC Address" format="number" id="0x9A002003" idlMapped="true" ilMapped="true" isComposite="false" isDataStream="false" isDeprecated="false" isInternal="false" isReadOnly="false" maxOccurs="1" minOccurs="1" name="DestinationMAC" noSave="false" nullable="false" onModifyNotifyMode="periodic" precision="" replaces="" type="mac" />
    <stc:property category="config" collectionType="vector" databaseType="DEFAULT" default="2" displayName="SR Class VID" format="number" id="0x9A002004" idlMapped="true" ilMapped="true" isComposite="false" isDataStream="false" isDeprecated="false" isInternal="false" isReadOnly="false" maxOccurs="1" minOccurs="1" name="SrClassVid" noSave="false" nullable="false" onModifyNotifyMode="periodic" precision="" replaces="" type="u16">
      <stc:numericValidation errorMsg="Please enter a valid number" maxInclusive="4093" minInclusive="1" />
    </stc:property>

    
    <stc:property category="config" collectionType="vector" databaseType="DEFAULT" default="88" displayName="Max Frame Size" format="number" id="0x9A002005" idlMapped="true" ilMapped="true" isComposite="false" isDataStream="false" isDeprecated="false" isInternal="false" isReadOnly="false" maxOccurs="1" minOccurs="1" name="MaxFrameSize" noSave="false" nullable="false" onModifyNotifyMode="periodic" precision="" replaces="" type="u16" />
    <stc:property category="config" collectionType="vector" databaseType="DEFAULT" default="1" displayName="Max Interval Frames" format="number" id="0x9A002006" idlMapped="true" ilMapped="true" isComposite="false" isDataStream="false" isDeprecated="false" isInternal="false" isReadOnly="false" maxOccurs="1" minOccurs="1" name="MaxIntervalFrames" noSave="false" nullable="false" onModifyNotifyMode="periodic" precision="" replaces="" type="u16" />

    
    <stc:property category="config" collectionType="vector" databaseType="DEFAULT" default="SRP_CLASS_A" displayName="MSRP Class" format="number" id="0x9A002007" idlMapped="true" ilMapped="true" isComposite="false" isDataStream="false" isDeprecated="false" isInternal="false" isReadOnly="false" maxOccurs="1" minOccurs="1" name="MsrpClass" noSave="false" nullable="false" onModifyNotifyMode="periodic" precision="" replaces="" type="u8">
      <stc:enumerationRef ref="EnumStreamMSRPClass" />
    </stc:property>	
    <stc:property category="config" collectionType="vector" databaseType="DEFAULT" default="3" displayName="Data Frame Priority" format="number" id="0x9A002008" idlMapped="true" ilMapped="true" isComposite="false" isDataStream="false" isDeprecated="false" isInternal="true" isReadOnly="false" maxOccurs="1" minOccurs="1" name="DataFramePriority" noSave="false" nullable="false" onModifyNotifyMode="periodic" precision="" replaces="" type="u8" />
    <stc:property category="config" collectionType="vector" databaseType="DEFAULT" default="SRP_STREAM_NON_EMERGENCY" displayName="Rank" format="number" id="0x9A002009" idlMapped="true" ilMapped="true" isComposite="false" isDataStream="false" isDeprecated="false" isInternal="false" isReadOnly="false" maxOccurs="1" minOccurs="1" name="Rank" noSave="false" nullable="false" onModifyNotifyMode="periodic" precision="" replaces="" type="u8">
      <stc:enumerationRef ref="EnumStreamRank" />
    </stc:property>	
    
    <stc:property category="config" collectionType="vector" databaseType="DEFAULT" default="3900" displayName="Accumulated Latency" format="number" id="0x9A00200A" idlMapped="true" ilMapped="true" isComposite="false" isDataStream="false" isDeprecated="false" isInternal="false" isReadOnly="false" maxOccurs="1" minOccurs="1" name="AccumulatedLatency" noSave="false" nullable="false" onModifyNotifyMode="periodic" precision="" replaces="" type="u32" />

  </stc:class>

  
  
  
  <stc:class baseClass="framework.Scriptable" canCreate="true" id="0x9A003000" idlMapped="srp" ilMapped="root" isInternal="false" isReadOnly="false" isSingleton="false" name="SrpStreamActionRule" noSave="false" profile="srp">

    <stc:relation allowDuplicate="false" dstClassRef="SrpStreamActionRule" dstName="none" embedDstInIlClass="false" embedSrcInIlClass="false" id="0x9A003001" isInternal="false" maxOccurs="unbounded" minOccurs="0" name="ChildSrpStreamActionRule" order="sequenced" srcClassRef="SrpConfig" srcName="none" type="framework.ParentChild" />

    <stc:enumeration idlMapped="true" ilMapped="true" isFlags="false" name="EnumStreamAction">
      <stc:enum displayName="Accept" idlMapped="true" ilMapped="true" name="SRP_STREAM_ACCEPT" value="0" />
      <stc:enum displayName="Reject" idlMapped="true" ilMapped="true" name="SRP_STREAM_REJECT" value="1" />
      </stc:enumeration>

    <stc:enumeration idlMapped="true" ilMapped="true" isFlags="false" name="EnumReservationFailureCodes">
      <stc:enum displayName="Insufficient bandwidth" idlMapped="true" ilMapped="true" name="SRP_FAIL_NO_BAND" value="1" />
      <stc:enum displayName="Insufficient Bridge resources" idlMapped="true" ilMapped="true" name="SRP_FAIL_NO_RES" value="2" />
      <stc:enum displayName="Insufficient bandwidth for traffic class" idlMapped="true" ilMapped="true" name="SRP_FAIL_NO_BAND_PER_CLASS" value="3" />
      <stc:enum displayName="StreamID in use by another Talker" idlMapped="true" ilMapped="true" name="SRP_FAIL_STREAMID_USED" value="4" />
      <stc:enum displayName="Stream destination_address already in use" idlMapped="true" ilMapped="true" name="SRP_FAIL_DST_ADDR_USED" value="5" />
      <stc:enum displayName="Stream preempted by higher rank" idlMapped="true" ilMapped="true" name="SRP_FAIL_STREAM_PREEMP" value="6" />
      <stc:enum displayName="Reported latency has changed" idlMapped="true" ilMapped="true" name="SRP_FAIL_LATENCY_CHG" value="7" />
      <stc:enum displayName="Egress port is not AVB capable1" idlMapped="true" ilMapped="true" name="SRP_FAIL_EGRESS_NON_AVB" value="8" />
      <stc:enum displayName="Use a different destination_address" idlMapped="true" ilMapped="true" name="SRP_FAIL_DIFF_DST_ADDR" value="9" />
      <stc:enum displayName="Out of MSRP resources" idlMapped="true" ilMapped="true" name="SRP_FAIL_NO_MSRP_RES" value="10" />
      <stc:enum displayName="Out of MMRP resources" idlMapped="true" ilMapped="true" name="SRP_FAIL_NO_MMRP_RES" value="11" />
      <stc:enum displayName="Cannot store destination_address" idlMapped="true" ilMapped="true" name="SRP_FAIL_OOM_DST_ADDR" value="12" />
      <stc:enum displayName="Requested priority is not an SR Class priority" idlMapped="true" ilMapped="true" name="SRP_FAIL_WRONG_PRIO" value="13" />
      <stc:enum displayName="MaxFrameSize is too large for media" idlMapped="true" ilMapped="true" name="SRP_FAIL_WRONG_FRAME_SZ" value="14" />
      <stc:enum displayName="msrpMaxFanInPorts limit has been reached" idlMapped="true" ilMapped="true" name="SRP_FAIL_LIMIT_IN_PORTS" value="15" />
      <stc:enum displayName="Changes in FirstValue for a registered StreamID" idlMapped="true" ilMapped="true" name="SRP_FAIL_FIRST_VAL_CHG" value="16" />
      <stc:enum displayName="VLAN is blocked on this egress port (Registration Forbidden)" idlMapped="true" ilMapped="true" name="SRP_FAIL_VLAN_BLOCKED" value="17" />
      <stc:enum displayName="VLAN tagging is disabled on this egress port (untagged set)" idlMapped="true" ilMapped="true" name="SRP_FAIL_VLAN_DISS" value="18" />
      <stc:enum displayName="SR class priority mismatch" idlMapped="true" ilMapped="true" name="SRP_FAIL_WRONG_SRCLASS" value="19" />
    </stc:enumeration>

    <stc:enumeration idlMapped="true" ilMapped="true" isFlags="false" name="EnumRejectReasonCodes">
      <stc:enum displayName="Ready Failed" idlMapped="true" ilMapped="true" name="READY_FAILED" value="1" />
      <stc:enum displayName="Asking Failed" idlMapped="true" ilMapped="true" name="ASKING_FAILED" value="2" />
    </stc:enumeration>

    <stc:property category="config" collectionType="vector" databaseType="DEFAULT" default="SRP_STREAM_ACCEPT" displayName="Action" format="number" id="0x9A003002" idlMapped="true" ilMapped="true" isComposite="false" isDataStream="false" isDeprecated="false" isInternal="false" isReadOnly="false" maxOccurs="1" minOccurs="1" name="Action" noSave="false" nullable="false" onModifyNotifyMode="periodic" precision="" replaces="" type="u8">
      <stc:enumerationRef ref="EnumStreamAction" />
    </stc:property>

    <stc:property category="config" collectionType="vector" databaseType="DEFAULT" default="SRP_FAIL_NO_BAND" displayName="Reject Reason" format="number" id="0x9A003003" idlMapped="true" ilMapped="true" isComposite="false" isDataStream="false" isDeprecated="true" isInternal="false" isReadOnly="false" maxOccurs="1" minOccurs="1" name="RejectReason" noSave="false" nullable="false" onModifyNotifyMode="periodic" precision="" replaces="" type="u8">
      <stc:enumerationRef ref="EnumReservationFailureCodes" />
      <stc:condition operator="equal" property="Action" type="applicable" value="EnumStreamAction.SrpStreamReject" />
    </stc:property>

    <stc:property category="config" collectionType="vector" databaseType="DEFAULT" default="ASKING_FAILED" displayName="RejectReason" format="number" id="0x9A003004" idlMapped="true" ilMapped="true" isComposite="false" isDataStream="false" isDeprecated="false" isInternal="false" isReadOnly="false" maxOccurs="1" minOccurs="1" name="ListenerRejectReason" noSave="false" nullable="false" onModifyNotifyMode="periodic" precision="" replaces="" type="u8">
      <stc:enumerationRef ref="EnumRejectReasonCodes" />
      <stc:condition operator="equal" property="Action" type="applicable" value="EnumStreamAction.SrpStreamReject" />
    </stc:property>

    <stc:property category="config" collectionType="vector" databaseType="DEFAULT" default="0001020304050607" displayName="StreamId Filter" format="number" id="0x9A003005" idlMapped="true" ilMapped="true" isComposite="false" isDataStream="false" isDeprecated="false" isInternal="false" isReadOnly="false" maxOccurs="1" minOccurs="1" name="StreamIdFilter" noSave="false" nullable="false" onModifyNotifyMode="periodic" precision="" replaces="" type="string">
      
      
    </stc:property>

    <stc:property category="config" collectionType="vector" databaseType="DEFAULT" default="91:E0:F0:00:0E:80" displayName="Destination Address Filter" format="number" id="0x9A003006" idlMapped="true" ilMapped="true" isComposite="false" isDataStream="false" isDeprecated="false" isInternal="false" isReadOnly="false" maxOccurs="1" minOccurs="1" name="DestAddrFilter" noSave="false" nullable="false" onModifyNotifyMode="periodic" precision="" replaces="" type="string">
      
      
    </stc:property>
    
    <stc:property category="config" collectionType="vector" databaseType="DEFAULT" default="0" displayName="Count" format="number" id="0x9A003007" idlMapped="true" ilMapped="true" isComposite="false" isDataStream="false" isDeprecated="true" isInternal="false" isReadOnly="false" maxOccurs="1" minOccurs="1" name="ActionCount" noSave="false" nullable="false" onModifyNotifyMode="periodic" precision="" replaces="" type="u16">
      <stc:numericValidation errorMsg="Please enter a valid number" maxInclusive="65535" minInclusive="0" />
    </stc:property>
  </stc:class>

  
  
  
  <stc:class baseClass="routing.rtgcore.RoutingResult" canCreate="true" displayName="SrpBasicResult" id="0x9A004000" idlMapped="srp" ilMapped="default" isInternal="false" isReadOnly="false" isSingleton="false" name="SrpBasicResult" noSave="false" profile="srp">

    
    <stc:relation allowDuplicate="false" dstClassRef="SrpBasicResult" dstName="none" embedDstInIlClass="false" embedSrcInIlClass="false" id="0x9A004001" isInternal="false" maxOccurs="unbounded" minOccurs="0" name="ParentChildSrpBasic" order="sequenced" srcClassRef="SrpConfig" srcName="none" type="framework.ParentChild" />

    <stc:relation allowDuplicate="false" dstClassRef="SrpBasicResult" dstName="none" embedDstInIlClass="false" embedSrcInIlClass="false" id="0x9A004002" isInternal="false" maxOccurs="unbounded" minOccurs="0" name="ResultChildSrpBasic" order="sequenced" srcClassRef="SrpConfig" srcName="none" type="framework.ResultChild" />

    
    <stc:property category="result" collectionType="vector" databaseType="DEFAULT" default="0" displayName="Parent Protocol Config" format="number" id="0x9A004003" idlMapped="true" ilMapped="true" isComposite="false" isDataStream="false" isDeprecated="false" isInternal="true" isReadOnly="true" maxOccurs="1" minOccurs="1" name="ParentProtocolConfig" noSave="true" nullable="false" onModifyNotifyMode="periodic" precision="" replaces="" type="u32">
      <stc:attribute id="0x9A00400E" internalIsEnum="false" internalType="bool" name="none" type="core.ResultPropertyMarkForEotSave" value="true" />
      <stc:attribute id="0x9A00400F" internalIsEnum="false" internalType="bool" name="none" type="core.ResultPropertyAddEotDbIndex" value="true" />
      <stc:attribute id="0x9A004010" internalIsEnum="false" internalType="string" name="none" type="core.ResultPropertyIlCounterpartName" value="Handle" />
    </stc:property>

    <stc:property category="result" collectionType="vector" databaseType="DEFAULT" default="0" displayName="Tx MVRP VID Count" format="number" id="0x9A004004" idlMapped="true" ilMapped="true" isComposite="false" isDataStream="false" isDeprecated="false" isInternal="false" isReadOnly="true" maxOccurs="1" minOccurs="1" name="TxVidCount" noSave="true" nullable="false" onModifyNotifyMode="periodic" precision="" replaces="" type="u64">
      <stc:attribute id="0x9A004011" internalIsEnum="false" internalType="bool" name="none" type="core.ResultPropertyMarkForEotSave" value="true" />
      <stc:attribute id="0x9A004012" internalIsEnum="false" internalType="bool" name="none" type="core.ResultPropertyIsDefaultForSubscription" value="true" />
    </stc:property>

    <stc:property category="result" collectionType="vector" databaseType="DEFAULT" default="0" displayName="Rx MVRP VID Count" format="number" id="0x9A004005" idlMapped="true" ilMapped="true" isComposite="false" isDataStream="false" isDeprecated="false" isInternal="false" isReadOnly="true" maxOccurs="1" minOccurs="1" name="RxVidCount" noSave="true" nullable="false" onModifyNotifyMode="periodic" precision="" replaces="" type="u64">
      <stc:attribute id="0x9A004013" internalIsEnum="false" internalType="bool" name="none" type="core.ResultPropertyMarkForEotSave" value="true" />
      <stc:attribute id="0x9A004014" internalIsEnum="false" internalType="bool" name="none" type="core.ResultPropertyIsDefaultForSubscription" value="true" />
    </stc:property>

    <stc:property category="result" collectionType="vector" databaseType="DEFAULT" default="0" displayName="Tx MSRP Domain Count" format="number" id="0x9A004006" idlMapped="true" ilMapped="true" isComposite="false" isDataStream="false" isDeprecated="false" isInternal="false" isReadOnly="true" maxOccurs="1" minOccurs="1" name="TxDomainCount" noSave="true" nullable="false" onModifyNotifyMode="periodic" precision="" replaces="" type="u64">
      <stc:attribute id="0x9A004015" internalIsEnum="false" internalType="bool" name="none" type="core.ResultPropertyMarkForEotSave" value="true" />
      <stc:attribute id="0x9A004016" internalIsEnum="false" internalType="bool" name="none" type="core.ResultPropertyIsDefaultForSubscription" value="true" />
    </stc:property>

    <stc:property category="result" collectionType="vector" databaseType="DEFAULT" default="0" displayName="Rx MSRP Domain Count" format="number" id="0x9A004007" idlMapped="true" ilMapped="true" isComposite="false" isDataStream="false" isDeprecated="false" isInternal="false" isReadOnly="true" maxOccurs="1" minOccurs="1" name="RxDomainCount" noSave="true" nullable="false" onModifyNotifyMode="periodic" precision="" replaces="" type="u64">
      <stc:attribute id="0x9A004017" internalIsEnum="false" internalType="bool" name="none" type="core.ResultPropertyMarkForEotSave" value="true" />
      <stc:attribute id="0x9A004018" internalIsEnum="false" internalType="bool" name="none" type="core.ResultPropertyIsDefaultForSubscription" value="true" />
    </stc:property>

    <stc:property category="result" collectionType="vector" databaseType="DEFAULT" default="0" displayName="Tx MSRP Talker Advertise Count" format="number" id="0x9A004008" idlMapped="true" ilMapped="true" isComposite="false" isDataStream="false" isDeprecated="false" isInternal="false" isReadOnly="true" maxOccurs="1" minOccurs="1" name="TxTalkerAdvertiseCount" noSave="true" nullable="false" onModifyNotifyMode="periodic" precision="" replaces="" type="u64">
      <stc:attribute id="0x9A004019" internalIsEnum="false" internalType="bool" name="none" type="core.ResultPropertyMarkForEotSave" value="true" />
      <stc:attribute id="0x9A00401A" internalIsEnum="false" internalType="bool" name="none" type="core.ResultPropertyIsDefaultForSubscription" value="true" />
    </stc:property>

    <stc:property category="result" collectionType="vector" databaseType="DEFAULT" default="0" displayName="Rx MSRP Talker Advertise Count" format="number" id="0x9A004009" idlMapped="true" ilMapped="true" isComposite="false" isDataStream="false" isDeprecated="false" isInternal="false" isReadOnly="true" maxOccurs="1" minOccurs="1" name="RxTalkerAdvertiseCount" noSave="true" nullable="false" onModifyNotifyMode="periodic" precision="" replaces="" type="u64">
      <stc:attribute id="0x9A00401B" internalIsEnum="false" internalType="bool" name="none" type="core.ResultPropertyMarkForEotSave" value="true" />
      <stc:attribute id="0x9A00401C" internalIsEnum="false" internalType="bool" name="none" type="core.ResultPropertyIsDefaultForSubscription" value="true" />
    </stc:property>

    <stc:property category="result" collectionType="vector" databaseType="DEFAULT" default="0" displayName="Tx MSRP Talker Failed Count" format="number" id="0x9A00400A" idlMapped="true" ilMapped="true" isComposite="false" isDataStream="false" isDeprecated="false" isInternal="false" isReadOnly="true" maxOccurs="1" minOccurs="1" name="TxTalkerFailedCount" noSave="true" nullable="false" onModifyNotifyMode="periodic" precision="" replaces="" type="u64">
      <stc:attribute id="0x9A00401D" internalIsEnum="false" internalType="bool" name="none" type="core.ResultPropertyMarkForEotSave" value="true" />
      <stc:attribute id="0x9A00401E" internalIsEnum="false" internalType="bool" name="none" type="core.ResultPropertyIsDefaultForSubscription" value="true" />
    </stc:property>

    <stc:property category="result" collectionType="vector" databaseType="DEFAULT" default="0" displayName="Rx MSRP Talker Failed Count" format="number" id="0x9A00400B" idlMapped="true" ilMapped="true" isComposite="false" isDataStream="false" isDeprecated="false" isInternal="false" isReadOnly="true" maxOccurs="1" minOccurs="1" name="RxTalkerFailedCount" noSave="true" nullable="false" onModifyNotifyMode="periodic" precision="" replaces="" type="u64">
      <stc:attribute id="0x9A00401F" internalIsEnum="false" internalType="bool" name="none" type="core.ResultPropertyMarkForEotSave" value="true" />
      <stc:attribute id="0x9A004020" internalIsEnum="false" internalType="bool" name="none" type="core.ResultPropertyIsDefaultForSubscription" value="true" />
    </stc:property>

    <stc:property category="result" collectionType="vector" databaseType="DEFAULT" default="0" displayName="Tx MSRP Listener Count" format="number" id="0x9A00400C" idlMapped="true" ilMapped="true" isComposite="false" isDataStream="false" isDeprecated="false" isInternal="false" isReadOnly="true" maxOccurs="1" minOccurs="1" name="TxListenerCount" noSave="true" nullable="false" onModifyNotifyMode="periodic" precision="" replaces="" type="u64">
      <stc:attribute id="0x9A004021" internalIsEnum="false" internalType="bool" name="none" type="core.ResultPropertyMarkForEotSave" value="true" />
      <stc:attribute id="0x9A004022" internalIsEnum="false" internalType="bool" name="none" type="core.ResultPropertyIsDefaultForSubscription" value="true" />
    </stc:property>

    <stc:property category="result" collectionType="vector" databaseType="DEFAULT" default="0" displayName="Rx MSRP Listener Count" format="number" id="0x9A00400D" idlMapped="true" ilMapped="true" isComposite="false" isDataStream="false" isDeprecated="false" isInternal="false" isReadOnly="true" maxOccurs="1" minOccurs="1" name="RxListenerCount" noSave="true" nullable="false" onModifyNotifyMode="periodic" precision="" replaces="" type="u64">
      <stc:attribute id="0x9A004023" internalIsEnum="false" internalType="bool" name="none" type="core.ResultPropertyMarkForEotSave" value="true" />
      <stc:attribute id="0x9A004024" internalIsEnum="false" internalType="bool" name="none" type="core.ResultPropertyIsDefaultForSubscription" value="true" />
    </stc:property>

  </stc:class>


  
  
  
  <stc:class baseClass="routing.rtgcore.RoutingStateSummary" canCreate="true" id="0x9A005000" idlMapped="na" ilMapped="na" isInternal="false" isReadOnly="false" isSingleton="false" name="SrpStateSummary" noSave="false" profile="srp">

    <stc:relation allowDuplicate="false" dstClassRef="SrpStateSummary" dstName="none" embedDstInIlClass="false" embedSrcInIlClass="false" id="0x9A005001" isInternal="false" maxOccurs="1" minOccurs="0" name="SummaryParentProject" order="sequenced" srcClassRef="framework.Project" srcName="none" type="framework.ParentChild" />
    <stc:relation allowDuplicate="false" dstClassRef="SrpStateSummary" dstName="none" embedDstInIlClass="false" embedSrcInIlClass="false" id="0x9A005002" isInternal="false" maxOccurs="1" minOccurs="0" name="ProjectSummaryResult" order="sequenced" srcClassRef="framework.Project" srcName="none" type="framework.ResultChild" />
    <stc:relation allowDuplicate="false" dstClassRef="SrpStateSummary" dstName="none" embedDstInIlClass="false" embedSrcInIlClass="false" id="0x9A005003" isInternal="false" maxOccurs="1" minOccurs="0" name="SummaryParentPort" order="sequenced" srcClassRef="core.Port" srcName="none" type="framework.ParentChild" />
    <stc:relation allowDuplicate="false" dstClassRef="SrpStateSummary" dstName="none" embedDstInIlClass="false" embedSrcInIlClass="false" id="0x9A005004" isInternal="false" maxOccurs="1" minOccurs="0" name="PortSummaryResult" order="sequenced" srcClassRef="core.Port" srcName="none" type="framework.ResultChild" />

  </stc:class>
    
  
  
  
  <stc:class baseClass="framework.Command" canCreate="false" id="0x9A006000" idlMapped="na" ilMapped="na" isInternal="false" isReadOnly="false" isSingleton="false" name="SrpCommand" noSave="false" profile="srp">
    <stc:attribute id="0x9A006001" internalIsEnum="false" internalType="bool" name="none" type="core.RequireApplyToIL" value="true" />
    <stc:property category="input" collectionType="vector" databaseType="DEFAULT" default="0" displayName="Node List" format="number" id="0x9A006002" idlMapped="true" ilMapped="true" isComposite="false" isDataStream="false" isDeprecated="false" isInternal="false" isReadOnly="false" maxOccurs="unbounded" minOccurs="0" name="NodeList" noSave="false" nullable="false" onModifyNotifyMode="none" precision="" replaces="" type="handle" />
  </stc:class>
  
  
  
  
  
  
  
  
  <stc:class baseClass="routing.rtgcore.ConfigRoutingIlLoggingCommand" canCreate="true" id="0x9A007000" idlMapped="na" ilMapped="na" isInternal="false" isReadOnly="false" isSingleton="false" name="ConfigSrpIlLoggingCommand" noSave="false" profile="srp">
    <stc:attribute id="0x9A007001" internalIsEnum="false" internalType="string" name="none" type="core.LogType" value="SRP" />
  
  </stc:class>
  
  <stc:class baseClass="routing.rtgcore.GetRoutingLoggingConfigCommand" canCreate="true" id="0x9A008000" idlMapped="na" ilMapped="na" isInternal="false" isReadOnly="false" isSingleton="false" name="GetSrpLoggingConfigCommand" noSave="false" profile="srp">
    <stc:attribute id="0x9A008001" internalIsEnum="false" internalType="string" name="none" type="core.LogType" value="SRP" />
  
  </stc:class>

  
  <stc:class baseClass="SrpCommand" canCreate="true" displayName="View SRP Stream Info" id="0x9A009000" idlMapped="na" ilMapped="na" isInternal="false" isReadOnly="false" isSingleton="false" name="SrpViewStreamInfoCommand" noSave="false" profile="srp">

    <stc:attribute id="0x9A009001" internalIsEnum="false" internalType="bool" name="none" type="core.Sequenceable" value="false" />
    <stc:attribute id="0x9A009002" internalIsEnum="false" internalType="string" name="none" type="framework.CommandDescription" value="Retrieve SRP Streams information for the selected SRP router." />
    <stc:attribute id="0x9A009003" internalIsEnum="false" internalType="string" name="none" type="framework.CommandCategory" value="Carrier Ethernet//SRP" />
    <stc:property category="input" collectionType="vector" databaseType="DEFAULT" default="streamInfo.txt" displayName="View StreamInfo File Name" format="number" id="0x9A009004" idlMapped="true" ilMapped="true" isComposite="false" isDataStream="false" isDeprecated="false" isInternal="false" isReadOnly="false" maxOccurs="1" minOccurs="1" name="FileName" noSave="false" nullable="false" onModifyNotifyMode="none" precision="" replaces="" type="outputFilePath" />
  </stc:class>
  
      

    <stc:class baseClass="framework.Scriptable" canCreate="true" id="0x9A00A000" idlMapped="na" ilMapped="na" isInternal="false" isReadOnly="false" isSingleton="false" name="AvbConfigGenParams" noSave="false" profile="srp">
		
    <stc:relation allowDuplicate="false" dstClassRef="AvbConfigGenParams" dstName="none" embedDstInIlClass="false" embedSrcInIlClass="false" id="0x9A00A001" isInternal="false" maxOccurs="unbounded" minOccurs="0" name="ParentProject" order="sequenced" srcClassRef="framework.Project" srcName="none" type="framework.ParentChild" />		

    <stc:enumeration idlMapped="true" ilMapped="true" isFlags="false" name="EnumAvbScenario">
      <stc:enum displayName="Talker, Listener and Non-AVB" idlMapped="true" ilMapped="true" name="TALKER_LISTENER_NONAVB" value="0" />
    </stc:enumeration>	

    <stc:property category="config" collectionType="vector" databaseType="DEFAULT" default="0" displayName="Handles of Port" format="number" id="0x9A00A002" idlMapped="true" ilMapped="true" isComposite="false" isDataStream="false" isDeprecated="false" isInternal="false" isReadOnly="false" maxOccurs="unbounded" minOccurs="0" name="PortList" noSave="false" nullable="false" onModifyNotifyMode="periodic" precision="" replaces="" type="handle" />	
	
    <stc:property category="config" collectionType="vector" databaseType="DEFAULT" default="TALKER_LISTENER_NONAVB" displayName="AVB Scenario" format="number" id="0x9A00A003" idlMapped="true" ilMapped="true" isComposite="false" isDataStream="false" isDeprecated="false" isInternal="true" isReadOnly="false" maxOccurs="1" minOccurs="1" name="AvbScenario" noSave="false" nullable="false" onModifyNotifyMode="periodic" precision="" replaces="" type="u8">
      <stc:enumerationRef ref="EnumAvbScenario" />
    </stc:property>
	
    </stc:class>
	
	  
  <stc:class baseClass="framework.Scriptable" canCreate="true" id="0x9A00B000" idlMapped="na" ilMapped="na" isInternal="false" isReadOnly="false" isSingleton="false" name="AvbGenPortParams" noSave="false" profile="srp">

    <stc:relation allowDuplicate="false" dstClassRef="AvbGenPortParams" dstName="none" embedDstInIlClass="false" embedSrcInIlClass="false" id="0x9A00B001" isInternal="false" maxOccurs="1" minOccurs="1" name="Parent" order="sequenced" srcClassRef="AvbConfigGenParams" srcName="none" type="framework.ParentChild" />
			
			
    <stc:property category="config" collectionType="vector" databaseType="DEFAULT" default="0" displayName="Handles of Talker Port" format="number" id="0x9A00B002" idlMapped="true" ilMapped="true" isComposite="false" isDataStream="false" isDeprecated="false" isInternal="false" isReadOnly="false" maxOccurs="1" minOccurs="0" name="TalkerPortList" noSave="false" nullable="false" onModifyNotifyMode="periodic" precision="" replaces="" type="handle" />
				  
    <stc:property category="config" collectionType="vector" databaseType="DEFAULT" default="0" displayName="Handles of Listener Port" format="number" id="0x9A00B003" idlMapped="true" ilMapped="true" isComposite="false" isDataStream="false" isDeprecated="false" isInternal="false" isReadOnly="false" maxOccurs="1" minOccurs="0" name="ListenerPortList" noSave="false" nullable="false" onModifyNotifyMode="periodic" precision="" replaces="" type="handle" />
				  				  
    <stc:property category="config" collectionType="vector" databaseType="DEFAULT" default="0" displayName="Handles of Non-AVB Port" format="number" id="0x9A00B004" idlMapped="true" ilMapped="true" isComposite="false" isDataStream="false" isDeprecated="false" isInternal="false" isReadOnly="false" maxOccurs="1" minOccurs="0" name="NonAvbPortList" noSave="false" nullable="false" onModifyNotifyMode="periodic" precision="" replaces="" type="handle" />				  

	
  </stc:class>
  
 	  
  <stc:class baseClass="framework.Scriptable" canCreate="true" id="0x9A00C000" idlMapped="na" ilMapped="na" isInternal="false" isReadOnly="false" isSingleton="false" name="AvbGptpConfigParams" noSave="false" profile="srp">

    <stc:relation allowDuplicate="false" dstClassRef="AvbGptpConfigParams" dstName="none" embedDstInIlClass="false" embedSrcInIlClass="false" id="0x9A00C001" isInternal="false" maxOccurs="1" minOccurs="1" name="Parent" order="sequenced" srcClassRef="AvbConfigGenParams" srcName="none" type="framework.ParentChild" />
		 
    <stc:enumeration idlMapped="true" ilMapped="true" isFlags="false" name="EnumClockAccuracy">
      <stc:enum displayName="100ns" idlMapped="true" ilMapped="true" name="LESS_025_0NS" value="0x20" />
      <stc:enum displayName="250ns" idlMapped="true" ilMapped="true" name="LESS_250_0NS" value="0x22" />
      <stc:enum displayName="1us" idlMapped="true" ilMapped="true" name="LESS_001_0US" value="0x23" />
      <stc:enum displayName="2.5us" idlMapped="true" ilMapped="true" name="LESS_002_5US" value="0x24" />
      <stc:enum displayName="10us" idlMapped="true" ilMapped="true" name="LESS_010_0US" value="0x25" />
      <stc:enum displayName="25us" idlMapped="true" ilMapped="true" name="LESS_025_0US" value="0x26" />
      <stc:enum displayName="100us" idlMapped="true" ilMapped="true" name="LESS_100_0US" value="0x27" />
      <stc:enum displayName="250us" idlMapped="true" ilMapped="true" name="LESS_250_0US" value="0x28" />
      <stc:enum displayName="1ms" idlMapped="true" ilMapped="true" name="LESS_001_0MS" value="0x29" />
      <stc:enum displayName="2.5ms" idlMapped="true" ilMapped="true" name="LESS_002_5MS" value="0x2a" />
      <stc:enum displayName="10ms" idlMapped="true" ilMapped="true" name="LESS_010_0MS" value="0x2b" />
      <stc:enum displayName="25ms" idlMapped="true" ilMapped="true" name="LESS_025_0MS" value="0x2c" />
      <stc:enum displayName="100ms" idlMapped="true" ilMapped="true" name="LESS_100_0MS" value="0x2d" />
      <stc:enum displayName="250ms" idlMapped="true" ilMapped="true" name="LESS_250_0MS" value="0x2e" />
      <stc:enum displayName="1s" idlMapped="true" ilMapped="true" name="LESS_001_0S" value="0x2f" />
      <stc:enum displayName="10s" idlMapped="true" ilMapped="true" name="LESS_010_0S" value="0x30" />
      <stc:enum displayName="&gt;10s" idlMapped="true" ilMapped="true" name="GREATER_010_0S" value="0x31" />
    </stc:enumeration>		 
		 
    <stc:property category="config" collectionType="vector" databaseType="DEFAULT" default="false" displayName="Slave Only" format="number" id="0x9A00C002" idlMapped="true" ilMapped="true" isComposite="false" isDataStream="false" isDeprecated="false" isInternal="false" isReadOnly="false" maxOccurs="1" minOccurs="1" name="SlaveOnly" noSave="false" nullable="false" onModifyNotifyMode="periodic" precision="" replaces="" type="bool" />
	
	
	<stc:property category="config" collectionType="vector" databaseType="DEFAULT" default="128" displayName="Priority 1" format="number" id="0x9A00C003" idlMapped="true" ilMapped="true" isComposite="false" isDataStream="false" isDeprecated="false" isInternal="false" isReadOnly="false" maxOccurs="1" minOccurs="1" name="Priority1" noSave="false" nullable="false" onModifyNotifyMode="periodic" precision="" replaces="" type="u8" />
    <stc:property category="config" collectionType="vector" databaseType="DEFAULT" default="128" displayName="Priority 2" format="number" id="0x9A00C004" idlMapped="true" ilMapped="true" isComposite="false" isDataStream="false" isDeprecated="false" isInternal="false" isReadOnly="false" maxOccurs="1" minOccurs="1" name="Priority2" noSave="false" nullable="false" onModifyNotifyMode="periodic" precision="" replaces="" type="u8" />
    <stc:property category="config" collectionType="vector" databaseType="DEFAULT" default="248" displayName="Clock Class" format="number" id="0x9A00C005" idlMapped="true" ilMapped="true" isComposite="false" isDataStream="false" isDeprecated="false" isInternal="false" isReadOnly="false" maxOccurs="1" minOccurs="1" name="ClockClass" noSave="false" nullable="false" onModifyNotifyMode="periodic" precision="" replaces="" type="u8">
      <stc:condition operator="notEqual" property="SlaveOnly" type="applicable" value="true" />
    </stc:property>	
	<stc:property category="config" collectionType="vector" databaseType="DEFAULT" default="LESS_001_0US" displayName="Clock Accuracy" format="number" id="0x9A00C006" idlMapped="true" ilMapped="true" isComposite="false" isDataStream="false" isDeprecated="false" isInternal="false" isReadOnly="false" maxOccurs="1" minOccurs="1" name="ClockAccuracy" noSave="false" nullable="false" onModifyNotifyMode="periodic" precision="" replaces="" type="u8">
      <stc:enumerationRef ref="EnumClockAccuracy" />
    </stc:property>
	
	
    <stc:property category="config" collectionType="vector" databaseType="DEFAULT" default="0" displayName="Log Announce Interval" format="number" id="0x9A00C007" idlMapped="true" ilMapped="true" isComposite="false" isDataStream="false" isDeprecated="false" isInternal="false" isReadOnly="false" maxOccurs="1" minOccurs="1" name="LogAnnounceInterval" noSave="false" nullable="false" onModifyNotifyMode="periodic" precision="" replaces="" type="s8" />
    
    <stc:property category="config" collectionType="vector" databaseType="DEFAULT" default="0" displayName="Log Sync Interval" format="number" id="0x9A00C008" idlMapped="true" ilMapped="true" isComposite="false" isDataStream="false" isDeprecated="false" isInternal="false" isReadOnly="false" maxOccurs="1" minOccurs="1" name="LogSyncInterval" noSave="false" nullable="false" onModifyNotifyMode="periodic" precision="" replaces="" type="s8" />
	
    <stc:property category="config" collectionType="vector" databaseType="DEFAULT" default="3" displayName="Announce Receipt Timeout" format="number" id="0x9A00C009" idlMapped="true" ilMapped="true" isComposite="false" isDataStream="false" isDeprecated="false" isInternal="false" isReadOnly="false" maxOccurs="1" minOccurs="1" name="AnnounceReceiptTimeout" noSave="false" nullable="false" onModifyNotifyMode="periodic" precision="" replaces="" type="u8">
      <stc:numericValidation errorMsg="Please enter a valid number" maxInclusive="255" minInclusive="3" />
    </stc:property>	
    
<stc:property category="config" collectionType="vector" databaseType="DEFAULT" default="800" displayName="Neighbour Propagation Delay Threshold" format="number" id="0x9A00C00A" idlMapped="true" ilMapped="true" isComposite="false" isDataStream="false" isDeprecated="false" isInternal="false" isReadOnly="false" maxOccurs="1" minOccurs="1" name="NeighborPropDelayThresh" noSave="false" nullable="false" onModifyNotifyMode="periodic" precision="" replaces="" type="u64" />    
	
    </stc:class>	 
	
 	  
  <stc:class baseClass="framework.Scriptable" canCreate="true" id="0x9A00D000" idlMapped="na" ilMapped="na" isInternal="false" isReadOnly="false" isSingleton="false" name="NonAvbStreamConfigParams" noSave="false" profile="srp">

    <stc:relation allowDuplicate="false" dstClassRef="NonAvbStreamConfigParams" dstName="none" embedDstInIlClass="false" embedSrcInIlClass="false" id="0x9A00D001" isInternal="false" maxOccurs="1" minOccurs="1" name="Parent" order="sequenced" srcClassRef="AvbConfigGenParams" srcName="none" type="framework.ParentChild" />	
		 
    <stc:enumeration idlMapped="true" ilMapped="true" isFlags="false" name="EnumFrameLengthMode">
      <stc:enum displayName="Fixed Length" idlMapped="true" ilMapped="true" name="FIXED" value="0x0" />
      <stc:enum displayName="Incremental Length" idlMapped="true" ilMapped="true" name="INCREMENT" value="0x1" />
      <stc:enum displayName="Decremental Length" idlMapped="true" ilMapped="true" name="DECREMENT" value="0x2" />
      <stc:enum displayName="Random Length" idlMapped="true" ilMapped="true" name="RANDOM" value="0x3" />
    </stc:enumeration>				 
		 
	<stc:property category="config" collectionType="vector" databaseType="DEFAULT" default="128" displayName="Frame Size" format="number" id="0x9A00D002" idlMapped="true" ilMapped="true" isComposite="false" isDataStream="false" isDeprecated="false" isInternal="false" isReadOnly="false" maxOccurs="1" minOccurs="1" name="FrameSize" noSave="false" nullable="false" onModifyNotifyMode="periodic" precision="" replaces="" type="u16" />	
	<stc:property category="config" collectionType="vector" databaseType="DEFAULT" default="FIXED" displayName="Frame Length Mode" format="number" id="0x9A00D003" idlMapped="true" ilMapped="true" isComposite="false" isDataStream="false" isDeprecated="false" isInternal="false" isReadOnly="false" maxOccurs="1" minOccurs="1" name="FrameLengthMode" noSave="false" nullable="false" onModifyNotifyMode="periodic" precision="" replaces="" type="u8">
      <stc:enumerationRef ref="EnumFrameLengthMode" />
    </stc:property>	
    <stc:property category="config" collectionType="vector" databaseType="DEFAULT" default="0" displayName="Number of Streams" format="number" id="0x9A00D004" idlMapped="true" ilMapped="true" isComposite="false" isDataStream="false" isDeprecated="false" isInternal="false" isReadOnly="false" maxOccurs="1" minOccurs="1" name="StreamCount" noSave="false" nullable="false" onModifyNotifyMode="periodic" precision="" replaces="" type="u32" />
	
	
	<stc:property category="config" collectionType="vector" databaseType="DEFAULT" default="8000" displayName="Load Rate(Frames per Second)" format="number" id="0x9A00D005" idlMapped="true" ilMapped="true" isComposite="false" isDataStream="false" isDeprecated="false" isInternal="false" isReadOnly="false" maxOccurs="1" minOccurs="1" name="LoadRate" noSave="false" nullable="false" onModifyNotifyMode="periodic" precision="" replaces="" type="u16" />
		 
  </stc:class>
  
 	  
  <stc:class baseClass="framework.Scriptable" canCreate="true" id="0x9A00E000" idlMapped="na" ilMapped="na" isInternal="false" isReadOnly="false" isSingleton="false" name="AvbSrpConfigParams" noSave="false" profile="srp">

    <stc:relation allowDuplicate="false" dstClassRef="AvbSrpConfigParams" dstName="none" embedDstInIlClass="false" embedSrcInIlClass="false" id="0x9A00E001" isInternal="false" maxOccurs="1" minOccurs="1" name="Parent" order="sequenced" srcClassRef="AvbConfigGenParams" srcName="none" type="framework.ParentChild" />
		 
    <stc:enumeration idlMapped="true" ilMapped="true" isFlags="false" name="EnumRole">
      <stc:enum displayName="Talker" idlMapped="true" ilMapped="true" name="SRP_TALKER" value="0" />
      <stc:enum displayName="Listener" idlMapped="true" ilMapped="true" name="SRP_LISTENER" value="1" />
      <stc:enum displayName="Talker/Listener" idlMapped="true" ilMapped="true" name="SRP_BOTH" value="2" />
      </stc:enumeration>

    <stc:enumeration idlMapped="true" ilMapped="true" isFlags="false" name="EnumListenerAction">
      <stc:enum displayName="Passive" idlMapped="true" ilMapped="true" name="SRP_ACTION_PASSIVE" value="0" />
      <stc:enum displayName="Accept All" idlMapped="true" ilMapped="true" name="SRP_ACTION_ACCEPT_ALL" value="1" />
      <stc:enum displayName="Reject All" idlMapped="true" ilMapped="true" name="SRP_ACTION_REJECT_ALL" value="2" />
      <stc:enum displayName="Accept/Reject Specific" idlMapped="true" ilMapped="true" name="SRP_ACTION_SPECIFIC" value="3" />
    </stc:enumeration>      

    <stc:property category="config" collectionType="vector" databaseType="DEFAULT" default="SRP_BOTH" displayName="Role" format="number" id="0x9A00E002" idlMapped="true" ilMapped="true" isComposite="false" isDataStream="false" isDeprecated="false" isInternal="false" isReadOnly="false" maxOccurs="1" minOccurs="1" name="Role" noSave="false" nullable="false" onModifyNotifyMode="periodic" precision="" replaces="" type="u8">
      <stc:enumerationRef ref="EnumRole" />
    </stc:property>
	
    <stc:property category="config" collectionType="vector" databaseType="DEFAULT" default="0" displayName="Number of Streams" format="number" id="0x9A00E003" idlMapped="true" ilMapped="true" isComposite="false" isDataStream="false" isDeprecated="false" isInternal="false" isReadOnly="false" maxOccurs="1" minOccurs="1" name="StreamCount" noSave="false" nullable="false" onModifyNotifyMode="periodic" precision="" replaces="" type="u32" />
	<stc:property category="config" collectionType="vector" databaseType="DEFAULT" default="0" displayName="Maximum Streams" format="number" id="0x9A00E004" idlMapped="true" ilMapped="true" isComposite="false" isDataStream="false" isDeprecated="false" isInternal="false" isReadOnly="false" maxOccurs="1" minOccurs="1" name="MaxStreamCount" noSave="false" nullable="false" onModifyNotifyMode="periodic" precision="" replaces="" type="u32" />
	<stc:property category="config" collectionType="vector" databaseType="DEFAULT" default="128" displayName="Frame Size" format="number" id="0x9A00E005" idlMapped="true" ilMapped="true" isComposite="false" isDataStream="false" isDeprecated="false" isInternal="false" isReadOnly="false" maxOccurs="1" minOccurs="1" name="FrameSize" noSave="false" nullable="false" onModifyNotifyMode="periodic" precision="" replaces="" type="u16" />
	<stc:property category="config" collectionType="vector" databaseType="DEFAULT" default="10" displayName="Link Speed(Gbps)" format="number" id="0x9A00E006" idlMapped="true" ilMapped="true" isComposite="false" isDataStream="false" isDeprecated="false" isInternal="false" isReadOnly="false" maxOccurs="1" minOccurs="1" name="LinkSpeed" noSave="false" nullable="false" onModifyNotifyMode="periodic" precision="" replaces="" type="u16" />
	<stc:property category="config" collectionType="vector" databaseType="DEFAULT" default="75" displayName="ReservationPercent" format="number" id="0x9A00E007" idlMapped="true" ilMapped="true" isComposite="false" isDataStream="false" isDeprecated="false" isInternal="false" isReadOnly="false" maxOccurs="1" minOccurs="1" name="PercentageReservation" noSave="false" nullable="false" onModifyNotifyMode="periodic" precision="" replaces="" type="u8">
	  <stc:numericValidation errorMsg="Please enter a valid number" maxInclusive="100" minInclusive="0" />
	</stc:property> 
    <stc:property category="config" collectionType="vector" databaseType="DEFAULT" default="2" displayName="SR Class VID" format="number" id="0x9A00E008" idlMapped="true" ilMapped="true" isComposite="false" isDataStream="false" isDeprecated="false" isInternal="false" isReadOnly="false" maxOccurs="1" minOccurs="1" name="SrClassVid" noSave="false" nullable="false" onModifyNotifyMode="periodic" precision="" replaces="" type="u16">
      <stc:numericValidation errorMsg="Please enter a valid number" maxInclusive="4093" minInclusive="1" />
    </stc:property>    
    <stc:property category="config" collectionType="vector" databaseType="DEFAULT" default="true" displayName="MSRP Class A" format="number" id="0x9A00E009" idlMapped="true" ilMapped="true" isComposite="false" isDataStream="false" isDeprecated="false" isInternal="false" isReadOnly="false" maxOccurs="1" minOccurs="1" name="MsrpClassA" noSave="false" nullable="false" onModifyNotifyMode="periodic" precision="" replaces="" type="bool" />
    <stc:property category="config" collectionType="vector" databaseType="DEFAULT" default="false" displayName="MSRP Class B" format="number" id="0x9A00E00A" idlMapped="true" ilMapped="true" isComposite="false" isDataStream="false" isDeprecated="false" isInternal="false" isReadOnly="false" maxOccurs="1" minOccurs="1" name="MsrpClassB" noSave="false" nullable="false" onModifyNotifyMode="periodic" precision="" replaces="" type="bool" />
	<stc:property category="config" collectionType="vector" databaseType="DEFAULT" default="false" displayName="Create AVTP Streams" format="number" id="0x9A00E00B" idlMapped="true" ilMapped="true" isComposite="false" isDataStream="false" isDeprecated="false" isInternal="false" isReadOnly="false" maxOccurs="1" minOccurs="1" name="CreateAvbStreams" noSave="false" nullable="false" onModifyNotifyMode="periodic" precision="" replaces="" type="bool" />
    <stc:property category="config" collectionType="vector" databaseType="DEFAULT" default="SRP_ACTION_ACCEPT_ALL" displayName="Listener Action" format="number" id="0x9A00E00C" idlMapped="true" ilMapped="true" isComposite="false" isDataStream="false" isDeprecated="false" isInternal="false" isReadOnly="false" maxOccurs="1" minOccurs="1" name="ListenerAction" noSave="false" nullable="false" onModifyNotifyMode="periodic" precision="" replaces="" type="u16">
      <stc:enumerationRef ref="EnumListenerAction" />
      <stc:condition operator="notEqual" property="Role" type="applicable" value="EnumRole.SrpTalker" />
    </stc:property>    
	
	
  </stc:class>	
  
  
  <stc:class baseClass="framework.Command" canCreate="true" id="0x9A00F000" idlMapped="na" ilMapped="na" isInternal="false" isReadOnly="false" isSingleton="false" name="AvbConfigGenUpdateAvailablePortsCommand" noSave="false" profile="srp">
    
    <stc:property category="input" collectionType="vector" databaseType="DEFAULT" default="0" displayName="Handle of the AvbConfigGenParams" format="number" id="0x9A00F001" idlMapped="true" ilMapped="true" isComposite="false" isDataStream="false" isDeprecated="false" isInternal="false" isReadOnly="false" maxOccurs="1" minOccurs="1" name="AvbConfigGenParams" noSave="false" nullable="false" onModifyNotifyMode="none" precision="" replaces="" type="handle" />
    <stc:property category="config" collectionType="vector" databaseType="DEFAULT" default="false" displayName="Remove unused ports" format="number" id="0x9A00F002" idlMapped="true" ilMapped="true" isComposite="false" isDataStream="false" isDeprecated="false" isInternal="false" isReadOnly="false" maxOccurs="1" minOccurs="1" name="RemoveUnusedPorts" noSave="false" nullable="false" onModifyNotifyMode="periodic" precision="" replaces="" type="bool" />
  </stc:class>
  
  
  <stc:class baseClass="framework.Command" canCreate="true" id="0x9A010000" idlMapped="na" ilMapped="na" isInternal="false" isReadOnly="false" isSingleton="false" name="AvbConfigGenConfigExpandCommand" noSave="false" profile="srp">
    <stc:enumeration idlMapped="true" ilMapped="true" isFlags="false" name="EnumYesNoPrompt">
      <stc:enum displayName="Prompt user" idlMapped="true" ilMapped="true" name="PROMPT" value="0" />
      <stc:enum displayName="Yes" idlMapped="true" ilMapped="true" name="YES" value="1" />
      <stc:enum displayName="No" idlMapped="true" ilMapped="true" name="NO" value="2" />
    </stc:enumeration>

    <stc:property category="config" collectionType="vector" databaseType="DEFAULT" default="PROMPT" displayName="Clear existing configuration." format="number" id="0x9A010001" idlMapped="true" ilMapped="true" isComposite="false" isDataStream="false" isDeprecated="false" isInternal="false" isReadOnly="false" maxOccurs="1" minOccurs="1" name="ClearExisting" noSave="false" nullable="false" onModifyNotifyMode="periodic" precision="" replaces="" type="u8">
      <stc:enumerationRef ref="EnumYesNoPrompt" />
    </stc:property>

    
    <stc:property category="input" collectionType="vector" databaseType="DEFAULT" default="0" displayName="Handle of AvbConfigGenParams" format="number" id="0x9A010002" idlMapped="true" ilMapped="true" isComposite="false" isDataStream="false" isDeprecated="false" isInternal="false" isReadOnly="false" maxOccurs="1" minOccurs="1" name="GenParams" noSave="false" nullable="false" onModifyNotifyMode="none" precision="" replaces="" type="handle" />
  </stc:class>
  

  

  
  
  
  <stc:commandTarget command="SrpViewStreamInfoCommand" default="0" target="SrpConfig" />
  <stc:commandTarget command="AvbConfigGenUpdateAvailablePortsCommand" default="false" target="AvbConfigGenParams" />

</stc:meta>