<stc:meta xmlns:stc="urn:www.spirentcom.com:XMLSchema.xsd" id="0x2B000000" package="base" plugin="serverManager" version="0.0.0-0">

   <stc:docFile location="../../../userdocauto/doc_source/framework/serverManager.xml" />
   <stc:docFile location="../../../userdocauto/doc_source/framework/serverManager_commands.xml" />

  
  
  
  <stc:class baseClass="framework.Scriptable" canCreate="true" id="0x2B001000" idlMapped="na" ilMapped="na" isInternal="false" isReadOnly="false" isSingleton="true" name="CSServer" noSave="false" profile="none">

    
    <stc:relation allowDuplicate="false" dstClassRef="CSServer" dstName="none" embedDstInIlClass="false" embedSrcInIlClass="false" id="0x2B001001" isInternal="false" maxOccurs="1" minOccurs="1" name="ParentSystem" order="sequenced" srcClassRef="framework.StcSystem" srcName="none" type="framework.ParentChild" />


        
        <stc:property category="state" collectionType="vector" databaseType="DEFAULT" default="" displayName="Host" format="number" id="0x2B001002" idlMapped="true" ilMapped="true" isComposite="false" isDataStream="false" isDeprecated="false" isInternal="false" isReadOnly="true" maxOccurs="1" minOccurs="1" name="Host" noSave="true" nullable="false" onModifyNotifyMode="queued" precision="" replaces="" type="string" />

        <stc:property category="state" collectionType="vector" databaseType="DEFAULT" default="40006" displayName="Port" format="number" id="0x2B001003" idlMapped="true" ilMapped="true" isComposite="false" isDataStream="false" isDeprecated="false" isInternal="false" isReadOnly="true" maxOccurs="1" minOccurs="1" name="Port" noSave="true" nullable="false" onModifyNotifyMode="queued" precision="" replaces="" type="u32" />

        <stc:property category="state" collectionType="vector" databaseType="DEFAULT" default="40007" displayName="File Transfer Port" format="number" id="0x2B001004" idlMapped="true" ilMapped="true" isComposite="false" isDataStream="false" isDeprecated="false" isInternal="false" isReadOnly="true" maxOccurs="1" minOccurs="1" name="FileTransferPort" noSave="true" nullable="false" onModifyNotifyMode="queued" precision="" replaces="" type="u32" />    

        
        <stc:property category="state" collectionType="vector" databaseType="DEFAULT" default="" displayName="Session Root Directory" format="number" id="0x2B001005" idlMapped="true" ilMapped="true" isComposite="false" isDataStream="false" isDeprecated="false" isInternal="false" isReadOnly="true" maxOccurs="1" minOccurs="1" name="SessionRootDirectory" noSave="true" nullable="false" onModifyNotifyMode="queued" precision="" replaces="" type="string" />

  </stc:class>

  
  
  <stc:class baseClass="framework.Scriptable" canCreate="true" id="0x2B002000" idlMapped="na" ilMapped="na" isInternal="false" isReadOnly="false" isSingleton="false" name="CSTestSession" noSave="false" profile="none">

    
    <stc:relation allowDuplicate="false" dstClassRef="CSTestSession" dstName="none" embedDstInIlClass="false" embedSrcInIlClass="false" id="0x2B002001" isInternal="false" maxOccurs="unbounded" minOccurs="0" name="ParentStcSystem" order="sequenced" srcClassRef="CSServer" srcName="none" type="framework.ParentChild" />

    <stc:relation allowDuplicate="false" dstClassRef="framework.ClientInfo" dstName="none" embedDstInIlClass="false" embedSrcInIlClass="false" id="0x2B002002" isInternal="false" maxOccurs="unbounded" minOccurs="0" name="ChildClientInfo" order="sequenced" srcClassRef="CSTestSession" srcName="none" type="framework.ParentChild" />

        
        <stc:enumeration idlMapped="true" ilMapped="true" isFlags="false" name="EnumTestSessionState">
                
        <stc:enum displayName="None" idlMapped="true" ilMapped="true" name="NONE" value="0" />
                
				<stc:enum displayName="Starting" idlMapped="true" ilMapped="true" name="STARTING" value="1" />
                
				<stc:enum displayName="Sequencer Idle" idlMapped="true" ilMapped="true" name="SEQUENCER_IDLE" value="2" />
                
				<stc:enum displayName="Sequencer Running" idlMapped="true" ilMapped="true" name="SEQUENCER_RUNNING" value="3" />
                
				<stc:enum displayName="Terminating" idlMapped="true" ilMapped="true" name="TERMINATING" value="4" />
                
				<stc:enum displayName="Terminated" idlMapped="true" ilMapped="true" name="TERMINATED" value="5" />
                
				<stc:enum displayName="Unknown Error" idlMapped="true" ilMapped="true" name="UNKNOWN_ERROR" value="6" />
        </stc:enumeration>

        
        <stc:property category="state" collectionType="vector" databaseType="DEFAULT" default="NONE" displayName="Test Session State" format="number" id="0x2B002003" idlMapped="true" ilMapped="true" isComposite="false" isDataStream="false" isDeprecated="false" isInternal="false" isReadOnly="true" maxOccurs="1" minOccurs="1" name="TestSessionState" noSave="true" nullable="false" onModifyNotifyMode="queued" precision="" replaces="" type="u32">
                <stc:enumerationRef ref="EnumTestSessionState" />
        </stc:property>

        <stc:property category="state" collectionType="vector" databaseType="DEFAULT" default="" displayName="Detail Status" format="number" id="0x2B002004" idlMapped="true" ilMapped="true" isComposite="false" isDataStream="false" isDeprecated="false" isInternal="false" isReadOnly="true" maxOccurs="1" minOccurs="1" name="DetailStatus" noSave="true" nullable="false" onModifyNotifyMode="queued" precision="" replaces="" type="string" />

        <stc:property category="state" collectionType="vector" databaseType="DEFAULT" default="" displayName="Host/Server" format="number" id="0x2B002005" idlMapped="true" ilMapped="true" isComposite="false" isDataStream="false" isDeprecated="false" isInternal="false" isReadOnly="true" maxOccurs="1" minOccurs="1" name="Host" noSave="false" nullable="false" onModifyNotifyMode="queued" precision="" replaces="" type="string" />

        <stc:property category="state" collectionType="vector" databaseType="DEFAULT" default="40008" displayName="Port" format="number" id="0x2B002006" idlMapped="true" ilMapped="true" isComposite="false" isDataStream="false" isDeprecated="false" isInternal="false" isReadOnly="true" maxOccurs="1" minOccurs="1" name="Port" noSave="false" nullable="false" onModifyNotifyMode="queued" precision="" replaces="" type="u32" />

        <stc:property category="state" collectionType="vector" databaseType="DEFAULT" default="" displayName="Application Name" format="number" id="0x2B002007" idlMapped="true" ilMapped="true" isComposite="false" isDataStream="false" isDeprecated="false" isInternal="true" isReadOnly="true" maxOccurs="1" minOccurs="1" name="ApplicationName" noSave="false" nullable="false" onModifyNotifyMode="queued" precision="" replaces="" type="string" />

        <stc:property category="state" collectionType="vector" databaseType="DEFAULT" default="" displayName="Version" format="number" id="0x2B002008" idlMapped="true" ilMapped="true" isComposite="false" isDataStream="false" isDeprecated="false" isInternal="false" isReadOnly="true" maxOccurs="1" minOccurs="1" name="Version" noSave="false" nullable="false" onModifyNotifyMode="queued" precision="" replaces="" type="string" />

        <stc:property category="state" collectionType="vector" databaseType="DEFAULT" default="0" displayName="Process ID" format="number" id="0x2B002009" idlMapped="true" ilMapped="true" isComposite="false" isDataStream="false" isDeprecated="false" isInternal="false" isReadOnly="true" maxOccurs="1" minOccurs="1" name="ProcessId" noSave="false" nullable="false" onModifyNotifyMode="queued" precision="" replaces="" type="s32" />

			  
        <stc:property category="state" collectionType="vector" databaseType="DEFAULT" default="" displayName="Session Directory" format="number" id="0x2B00200A" idlMapped="true" ilMapped="true" isComposite="false" isDataStream="false" isDeprecated="false" isInternal="false" isReadOnly="true" maxOccurs="1" minOccurs="1" name="SessionDirectory" noSave="false" nullable="false" onModifyNotifyMode="queued" precision="" replaces="" type="string" />

        <stc:property category="state" collectionType="vector" databaseType="DEFAULT" default="" displayName="Owner ID" format="number" id="0x2B00200B" idlMapped="true" ilMapped="true" isComposite="false" isDataStream="false" isDeprecated="false" isInternal="false" isReadOnly="true" maxOccurs="1" minOccurs="1" name="OwnerId" noSave="false" nullable="false" onModifyNotifyMode="queued" precision="" replaces="" type="string" />

        <stc:property category="result" collectionType="vector" databaseType="DEFAULT" default="0" displayName="File Mapping Update Count" format="number" id="0x2B00200C" idlMapped="true" ilMapped="true" isComposite="false" isDataStream="false" isDeprecated="false" isInternal="true" isReadOnly="true" maxOccurs="1" minOccurs="1" name="FileMappingUpdateCount" noSave="true" nullable="false" onModifyNotifyMode="periodic" precision="" replaces="" type="u64" />

  </stc:class>


  
  
  <stc:class baseClass="framework.Result" canCreate="true" id="0x2B003000" idlMapped="na" ilMapped="na" isInternal="false" isReadOnly="false" isSingleton="false" name="CSMachineStats" noSave="false" profile="none">

    
    <stc:relation allowDuplicate="false" dstClassRef="CSMachineStats" dstName="none" embedDstInIlClass="false" embedSrcInIlClass="false" id="0x2B003001" isInternal="false" maxOccurs="1" minOccurs="0" name="ParentServer" order="sequenced" srcClassRef="CSServer" srcName="none" type="framework.ParentChild" />

    
    <stc:property category="result" collectionType="vector" databaseType="DEFAULT" default="0.0" displayName="CPU Usage Percent" format="number" id="0x2B003002" idlMapped="true" ilMapped="true" isComposite="false" isDataStream="false" isDeprecated="false" isInternal="false" isReadOnly="true" maxOccurs="1" minOccurs="1" name="CpuUsagePercent" noSave="true" nullable="false" onModifyNotifyMode="periodic" precision="0.00" replaces="" type="double" />
    <stc:property category="result" collectionType="vector" databaseType="DEFAULT" default="0.0" displayName="Physical Memory Usage Percent" format="number" id="0x2B003003" idlMapped="true" ilMapped="true" isComposite="false" isDataStream="false" isDeprecated="false" isInternal="false" isReadOnly="true" maxOccurs="1" minOccurs="1" name="PhysicalMemoryUsagePercent" noSave="true" nullable="false" onModifyNotifyMode="periodic" precision="0.00" replaces="" type="double" />
    <stc:property category="result" collectionType="vector" databaseType="DEFAULT" default="0.0" displayName="Total Physical Memory" format="number" id="0x2B003004" idlMapped="true" ilMapped="true" isComposite="false" isDataStream="false" isDeprecated="false" isInternal="false" isReadOnly="true" maxOccurs="1" minOccurs="1" name="TotalPhysicalMemory" noSave="true" nullable="false" onModifyNotifyMode="periodic" precision="0.00" replaces="" type="double" />
  </stc:class>


  
  
  <stc:class baseClass="framework.Result" canCreate="true" id="0x2B004000" idlMapped="na" ilMapped="na" isInternal="false" isReadOnly="false" isSingleton="false" name="CSProcessStats" noSave="false" profile="none">

    
    <stc:relation allowDuplicate="false" dstClassRef="CSProcessStats" dstName="none" embedDstInIlClass="false" embedSrcInIlClass="false" id="0x2B004001" isInternal="false" maxOccurs="unbounded" minOccurs="0" name="ParentServer" order="sequenced" srcClassRef="CSServer" srcName="none" type="framework.ParentChild" />

    <stc:relation allowDuplicate="false" dstClassRef="CSProcessStats" dstName="none" embedDstInIlClass="false" embedSrcInIlClass="false" id="0x2B004002" isInternal="false" maxOccurs="1" minOccurs="0" name="ParentTestSession" order="sequenced" srcClassRef="CSTestSession" srcName="none" type="framework.ParentChild" />

    
    <stc:property category="result" collectionType="vector" databaseType="DEFAULT" default="0.0" displayName="CPU Usage Percent" format="number" id="0x2B004003" idlMapped="true" ilMapped="true" isComposite="false" isDataStream="false" isDeprecated="false" isInternal="false" isReadOnly="true" maxOccurs="1" minOccurs="1" name="CpuUsagePercent" noSave="true" nullable="false" onModifyNotifyMode="periodic" precision="0.00" replaces="" type="double" />
    <stc:property category="result" collectionType="vector" databaseType="DEFAULT" default="0.0" displayName="Physical Memory Usage Percent" format="number" id="0x2B004004" idlMapped="true" ilMapped="true" isComposite="false" isDataStream="false" isDeprecated="false" isInternal="false" isReadOnly="true" maxOccurs="1" minOccurs="1" name="PhysicalMemoryUsagePercent" noSave="true" nullable="false" onModifyNotifyMode="periodic" precision="0.00" replaces="" type="double" />
  </stc:class>


  

  
  
  <stc:class baseClass="framework.Command" canCreate="true" id="0x2B005000" idlMapped="na" ilMapped="na" isInternal="true" isReadOnly="false" isSingleton="false" name="CSCreateTestSessionCommand" noSave="false" profile="none">

        <stc:property category="input" collectionType="vector" databaseType="DEFAULT" default="" displayName="Application Name" format="number" id="0x2B005001" idlMapped="true" ilMapped="true" isComposite="false" isDataStream="false" isDeprecated="false" isInternal="false" isReadOnly="false" maxOccurs="1" minOccurs="1" name="ApplicationName" noSave="false" nullable="false" onModifyNotifyMode="none" precision="" replaces="" type="string" />
        <stc:property category="input" collectionType="vector" databaseType="DEFAULT" default="" displayName="Version" format="number" id="0x2B005002" idlMapped="true" ilMapped="true" isComposite="false" isDataStream="false" isDeprecated="false" isInternal="false" isReadOnly="false" maxOccurs="1" minOccurs="1" name="Version" noSave="false" nullable="false" onModifyNotifyMode="none" precision="" replaces="" type="string" />

        <stc:property category="input" collectionType="vector" databaseType="DEFAULT" default="" displayName="Test Session Name" format="number" id="0x2B005003" idlMapped="true" ilMapped="true" isComposite="false" isDataStream="false" isDeprecated="false" isInternal="false" isReadOnly="false" maxOccurs="1" minOccurs="1" name="TestSessionName" noSave="false" nullable="false" onModifyNotifyMode="none" precision="" replaces="" type="string" />
        <stc:property category="input" collectionType="vector" databaseType="DEFAULT" default="" displayName="User ID" format="number" id="0x2B005004" idlMapped="true" ilMapped="true" isComposite="false" isDataStream="false" isDeprecated="false" isInternal="false" isReadOnly="false" maxOccurs="1" minOccurs="1" name="UserId" noSave="false" nullable="false" onModifyNotifyMode="none" precision="" replaces="" type="string" />

        
        <stc:property category="output" collectionType="vector" databaseType="DEFAULT" default="0" displayName="Test Session" format="number" id="0x2B005005" idlMapped="true" ilMapped="true" isComposite="false" isDataStream="false" isDeprecated="false" isInternal="false" isReadOnly="true" maxOccurs="1" minOccurs="1" name="TestSession" noSave="true" nullable="false" onModifyNotifyMode="instant" precision="" replaces="" type="handle" />
  </stc:class>

  
  
  <stc:class baseClass="framework.Command" canCreate="true" id="0x2B006000" idlMapped="na" ilMapped="na" isInternal="true" isReadOnly="false" isSingleton="false" name="CSStartTestSessionCommand" noSave="false" profile="none">
        <stc:attribute id="0x2B006001" internalIsEnum="false" internalType="bool" name="none" type="framework.UseClientCommandProcessorOnExecuteInternal" value="false" />

        
        <stc:property category="input" collectionType="vector" databaseType="DEFAULT" default="0" displayName="Test Session" format="number" id="0x2B006002" idlMapped="true" ilMapped="true" isComposite="false" isDataStream="false" isDeprecated="false" isInternal="false" isReadOnly="false" maxOccurs="1" minOccurs="1" name="TestSession" noSave="false" nullable="false" onModifyNotifyMode="none" precision="" replaces="" type="handle" />
  </stc:class>

  
  
  <stc:class baseClass="framework.Command" canCreate="true" id="0x2B007000" idlMapped="na" ilMapped="na" isInternal="true" isReadOnly="false" isSingleton="false" name="CSStopTestSessionCommand" noSave="false" profile="none">
        
        <stc:property category="input" collectionType="vector" databaseType="DEFAULT" default="0" displayName="Test Session" format="number" id="0x2B007001" idlMapped="true" ilMapped="true" isComposite="false" isDataStream="false" isDeprecated="false" isInternal="false" isReadOnly="false" maxOccurs="1" minOccurs="1" name="TestSession" noSave="false" nullable="false" onModifyNotifyMode="none" precision="" replaces="" type="handle" />
  </stc:class>

  
  
  <stc:class baseClass="framework.Command" canCreate="true" id="0x2B008000" idlMapped="na" ilMapped="na" isInternal="false" isReadOnly="false" isSingleton="false" name="CSDestroyTestSessionCommand" noSave="false" profile="none">
        
        <stc:property category="input" collectionType="vector" databaseType="DEFAULT" default="0" displayName="Test Session" format="number" id="0x2B008001" idlMapped="true" ilMapped="true" isComposite="false" isDataStream="false" isDeprecated="false" isInternal="false" isReadOnly="false" maxOccurs="1" minOccurs="1" name="TestSession" noSave="false" nullable="false" onModifyNotifyMode="none" precision="" replaces="" type="handle" />
  </stc:class>

  
  

</stc:meta>