<stc:meta xmlns:stc="urn:www.spirentcom.com:XMLSchema.xsd" id="0x82000000" package="access" plugin="saa" version="0.0.0-0">

    
    <stc:class baseClass="framework.Scriptable" canCreate="true" id="0x82001000" idlMapped="na" ilMapped="na" isInternal="false" isReadOnly="false" isSingleton="false" name="SaaPortConfig" noSave="false" profile="saa">
        
        <stc:relation allowDuplicate="false" dstClassRef="SaaPortConfig" dstName="none" embedDstInIlClass="false" embedSrcInIlClass="false" id="0x82001001" isInternal="false" maxOccurs="1" minOccurs="1" name="ParentPort" order="sequenced" srcClassRef="core.Port" srcName="none" type="framework.ParentChild" />

        
        <stc:enumeration idlEnumerationRef="saa.1:portState_t" idlMapped="true" ilMapped="true" isFlags="false" name="EnumState">
            <stc:enum displayName="IDLE" idlEnumValueRef="IDLE" idlMapped="true" ilMapped="true" name="IDLE" value="0" />
            <stc:enum displayName="ESTABLISHING" idlEnumValueRef="ESTABLISHING" idlMapped="true" ilMapped="true" name="ESTABLISHING" value="1" />
            <stc:enum displayName="BOUND" idlEnumValueRef="BOUND" idlMapped="true" ilMapped="true" name="BOUND" value="2" />
        </stc:enumeration>
        
        <stc:enumeration idlMapped="true" ilMapped="true" isFlags="false" name="EnumPortSeqType">
            <stc:enum displayName="Parallel" idlMapped="true" ilMapped="true" name="PARALLEL" value="0" />
            <stc:enum displayName="Sequential" idlMapped="true" ilMapped="true" name="SEQUENTIAL" value="1" />
        </stc:enumeration>
        
        <stc:property category="config" collectionType="vector" databaseType="DEFAULT" default="300" displayName="Request Rate (sessions/sec)" format="number" id="0x82001002" idlMapped="true" ilMapped="true" isComposite="false" isDataStream="false" isDeprecated="false" isInternal="false" isReadOnly="false" maxOccurs="1" minOccurs="1" name="RequestRate" noSave="false" nullable="false" onModifyNotifyMode="periodic" precision="" replaces="" type="u32">
            <stc:numericValidation errorMsg="Please enter a valid number" maxInclusive="10000" minInclusive="1" />
        </stc:property>
        
        <stc:property category="config" collectionType="vector" databaseType="DEFAULT" default="1000" displayName="Maximum Outstanding Sessions" format="number" id="0x82001003" idlMapped="true" ilMapped="true" isComposite="false" isDataStream="false" isDeprecated="false" isInternal="false" isReadOnly="false" maxOccurs="1" minOccurs="1" name="OutstandingSessionCount" noSave="false" nullable="false" onModifyNotifyMode="periodic" precision="" replaces="" type="u32">
            <stc:numericValidation errorMsg="Please enter a valid number" maxInclusive="65535" minInclusive="1" />
        </stc:property>
        
        <stc:property category="config" collectionType="vector" databaseType="DEFAULT" default="PARALLEL" displayName="Sequence Type" format="number" id="0x82001004" idlMapped="true" ilMapped="true" isComposite="false" isDataStream="false" isDeprecated="false" isInternal="false" isReadOnly="false" maxOccurs="1" minOccurs="1" name="SeqType" noSave="false" nullable="false" onModifyNotifyMode="periodic" precision="" replaces="" type="u8">
            <stc:enumerationRef ref="EnumPortSeqType" />
        </stc:property>
        
    </stc:class>
    
    
    <stc:class baseClass="core.ProtocolConfig" canCreate="true" displayName="SAA" id="0x82002000" idlMapped="na" ilMapped="na" isInternal="false" isReadOnly="false" isSingleton="false" name="SaaDeviceConfig" noSave="false" profile="saa">
        <stc:relation allowDuplicate="false" dstClassRef="SaaDeviceConfig" dstName="none" embedDstInIlClass="false" embedSrcInIlClass="false" id="0x82002001" isInternal="false" maxOccurs="1" minOccurs="0" name="ParentDevice" order="sequenced" srcClassRef="core.EmulatedDevice" srcName="none" type="framework.ParentChild" />

        
        <stc:enumeration idlEnumerationRef="saa.1:blockState_t" idlMapped="true" ilMapped="true" isFlags="false" name="EnumState">
            <stc:enum displayName="IDLE" idlEnumValueRef="IDLE" idlMapped="true" ilMapped="true" name="IDLE" value="0" />
            <stc:enum displayName="ESTABLISHING" idlEnumValueRef="ESTABLISHING" idlMapped="true" ilMapped="true" name="ESTABLISHING" value="1" />
            <stc:enum displayName="BOUND" idlEnumValueRef="BOUND" idlMapped="true" ilMapped="true" name="BOUND" value="2" />
        </stc:enumeration>

        
        <stc:property category="state" collectionType="vector" databaseType="DEFAULT" default="IDLE" displayName="State" format="number" id="0x82002002" idlMapped="true" ilMapped="true" isComposite="false" isDataStream="false" isDeprecated="false" isInternal="false" isReadOnly="true" maxOccurs="1" minOccurs="1" name="State" noSave="true" nullable="false" onModifyNotifyMode="queued" precision="" replaces="" type="u8">
            <stc:enumerationRef ref="EnumState" />
        </stc:property>
        <stc:property category="config" collectionType="vector" databaseType="DEFAULT" default="false" displayName="Duplicate Address Detection" format="number" id="0x82002003" idlMapped="true" ilMapped="true" isComposite="false" isDataStream="false" isDeprecated="false" isInternal="false" isReadOnly="false" maxOccurs="1" minOccurs="1" name="DupAddrDetection" noSave="false" nullable="false" onModifyNotifyMode="periodic" precision="" replaces="" type="bool" />
        <stc:property category="config" collectionType="vector" databaseType="DEFAULT" default="1" displayName="DAD Transmit Count" format="number" id="0x82002004" idlMapped="true" ilMapped="true" isComposite="false" isDataStream="false" isDeprecated="false" isInternal="false" isReadOnly="false" maxOccurs="1" minOccurs="1" name="DupAddrDetectTransmits" noSave="false" nullable="false" onModifyNotifyMode="periodic" precision="" replaces="" type="u8">
            <stc:condition operator="equal" property="DupAddrDetection" type="applicable" value="true" />
            <stc:numericValidation errorMsg="Please enter a valid number" maxInclusive="255" minInclusive="1" />
        </stc:property>
        <stc:property category="config" collectionType="vector" databaseType="DEFAULT" default="1000" displayName="DAD Retransmit Delay (msec)" format="number" id="0x82002005" idlMapped="true" ilMapped="true" isComposite="false" isDataStream="false" isDeprecated="false" isInternal="false" isReadOnly="false" maxOccurs="1" minOccurs="1" name="RetransTimer" noSave="false" nullable="false" onModifyNotifyMode="periodic" precision="" replaces="" type="u32">
            <stc:condition operator="equal" property="DupAddrDetection" type="applicable" value="true" />
            <stc:condition operator="notEqual" property="DupAddrDetectTransmits" type="editable" value="1" />
            <stc:numericValidation errorMsg="Please enter a valid number" maxInclusive="4294967295" minInclusive="1000" />
        </stc:property>
        
        
        <stc:property category="config" collectionType="vector" databaseType="DEFAULT" default="2" displayName="Router Solicitation Retries" format="number" id="0x82002006" idlMapped="true" ilMapped="true" isComposite="false" isDataStream="false" isDeprecated="false" isInternal="false" isReadOnly="false" maxOccurs="1" minOccurs="1" name="RouterSolicitationRetries" noSave="false" nullable="false" onModifyNotifyMode="periodic" precision="" replaces="" type="u32" />
        
        <stc:property category="config" collectionType="vector" databaseType="DEFAULT" default="3000" displayName="Router Solicitation Retransmit Delay (msec)" format="number" id="0x82002007" idlMapped="true" ilMapped="true" isComposite="false" isDataStream="false" isDeprecated="false" isInternal="false" isReadOnly="false" maxOccurs="1" minOccurs="1" name="RouterSolicitationRetransTimer" noSave="false" nullable="false" onModifyNotifyMode="periodic" precision="" replaces="" type="u32">
          <stc:numericValidation errorMsg="Please enter a valid number" maxInclusive="4294967295" minInclusive="1000" />
        </stc:property>
        <stc:property category="config" collectionType="vector" databaseType="DEFAULT" default="true" displayName="Enable EUI-64 Link Local" format="number" id="0x82002008" idlMapped="true" ilMapped="true" isComposite="false" isDataStream="false" isDeprecated="false" isInternal="false" isReadOnly="false" maxOccurs="1" minOccurs="1" name="EnableEui64LinkLocal" noSave="false" nullable="false" onModifyNotifyMode="periodic" precision="" replaces="" type="bool" />
    </stc:class>

    
    <stc:class baseClass="core.DeviceGenProtocolParams" canCreate="true" id="0x82003000" idlMapped="na" ilMapped="na" isInternal="false" isReadOnly="false" isSingleton="false" name="SaaDeviceGenProtocolParams" noSave="false" profile="saa">
        <stc:relation allowDuplicate="false" dstClassRef="SaaDeviceGenProtocolParams" dstName="none" embedDstInIlClass="false" embedSrcInIlClass="false" id="0x82003001" isInternal="false" maxOccurs="unbounded" minOccurs="0" name="ParentDeviceGenParams" order="sequenced" srcClassRef="core.DeviceGenParams" srcName="none" type="framework.ParentChild" />
        <stc:property category="config" collectionType="vector" databaseType="DEFAULT" default="false" displayName="Duplicate Address Detection" format="number" id="0x82003002" idlMapped="true" ilMapped="true" isComposite="false" isDataStream="false" isDeprecated="false" isInternal="false" isReadOnly="false" maxOccurs="1" minOccurs="1" name="DupAddrDetection" noSave="false" nullable="false" onModifyNotifyMode="periodic" precision="" replaces="" type="bool" />
        <stc:property category="config" collectionType="vector" databaseType="DEFAULT" default="1" displayName="DAD Transmit Count" format="number" id="0x82003003" idlMapped="true" ilMapped="true" isComposite="false" isDataStream="false" isDeprecated="false" isInternal="false" isReadOnly="false" maxOccurs="1" minOccurs="1" name="DupAddrDetectTransmits" noSave="false" nullable="false" onModifyNotifyMode="periodic" precision="" replaces="" type="u8">
            <stc:condition operator="equal" property="DupAddrDetection" type="applicable" value="true" />
            <stc:numericValidation errorMsg="Please enter a valid number" maxInclusive="255" minInclusive="1" />
        </stc:property>
        <stc:property category="config" collectionType="vector" databaseType="DEFAULT" default="1000" displayName="DAD Retransmit Delay (msec)" format="number" id="0x82003004" idlMapped="true" ilMapped="true" isComposite="false" isDataStream="false" isDeprecated="false" isInternal="false" isReadOnly="false" maxOccurs="1" minOccurs="1" name="RetransTimer" noSave="false" nullable="false" onModifyNotifyMode="periodic" precision="" replaces="" type="u32">
            <stc:condition operator="equal" property="DupAddrDetection" type="applicable" value="true" />
            <stc:condition operator="notEqual" property="DupAddrDetectTransmits" type="editable" value="1" />
            <stc:numericValidation errorMsg="Please enter a valid number" maxInclusive="4294967295" minInclusive="1000" />
        </stc:property>
        
        <stc:property category="config" collectionType="vector" databaseType="DEFAULT" default="2" displayName="Router Solicitation Retries" format="number" id="0x82003005" idlMapped="true" ilMapped="true" isComposite="false" isDataStream="false" isDeprecated="false" isInternal="false" isReadOnly="false" maxOccurs="1" minOccurs="1" name="RouterSolicitationRetries" noSave="false" nullable="false" onModifyNotifyMode="periodic" precision="" replaces="" type="u32" />
        
        <stc:property category="config" collectionType="vector" databaseType="DEFAULT" default="3000" displayName="Router Solicitation Retransmit Delay (msec)" format="number" id="0x82003006" idlMapped="true" ilMapped="true" isComposite="false" isDataStream="false" isDeprecated="false" isInternal="false" isReadOnly="false" maxOccurs="1" minOccurs="1" name="RouterSolicitationRetransTimer" noSave="false" nullable="false" onModifyNotifyMode="periodic" precision="" replaces="" type="u32">
            <stc:numericValidation errorMsg="Please enter a valid number" maxInclusive="4294967295" minInclusive="1000" />
        </stc:property>
        <stc:property category="config" collectionType="vector" databaseType="DEFAULT" default="true" displayName="Enable EUI-64 Link Local" format="number" id="0x82003007" idlMapped="true" ilMapped="true" isComposite="false" isDataStream="false" isDeprecated="false" isInternal="false" isReadOnly="false" maxOccurs="1" minOccurs="1" name="EnableEui64LinkLocal" noSave="false" nullable="false" onModifyNotifyMode="periodic" precision="" replaces="" type="bool" />
    </stc:class>

    
    <stc:class baseClass="framework.Result" canCreate="true" id="0x82004000" idlMapped="na" ilMapped="na" isInternal="false" isReadOnly="false" isSingleton="false" name="SaaPortResults" noSave="false" profile="saa">
        
        <stc:relation allowDuplicate="false" dstClassRef="SaaPortResults" dstName="none" embedDstInIlClass="false" embedSrcInIlClass="false" id="0x82004001" isInternal="false" maxOccurs="unbounded" minOccurs="0" name="ParentConfig" order="sequenced" srcClassRef="SaaPortConfig" srcName="none" type="framework.ParentChild" />
        
        <stc:relation allowDuplicate="false" dstClassRef="SaaPortResults" dstName="none" embedDstInIlClass="false" embedSrcInIlClass="false" id="0x82004002" isInternal="false" maxOccurs="unbounded" minOccurs="0" name="ResultParentConfig" order="sequenced" srcClassRef="SaaPortConfig" srcName="none" type="framework.ResultChild" />
        
        <stc:property category="result" collectionType="vector" databaseType="DEFAULT" default="0" displayName="State" format="number" id="0x82004003" idlMapped="true" ilMapped="true" isComposite="false" isDataStream="false" isDeprecated="false" isInternal="false" isReadOnly="true" maxOccurs="1" minOccurs="1" name="State" noSave="true" nullable="false" onModifyNotifyMode="periodic" precision="" replaces="" type="u8">
            <stc:attribute id="0x82004014" internalIsEnum="false" internalType="bool" name="none" type="core.ResultPropertyMarkForEotSave" value="true" />
            <stc:attribute id="0x82004015" internalIsEnum="false" internalType="bool" name="none" type="core.ResultPropertyIsDefaultForSubscription" value="true" />
            <stc:enumerationRef ref="SaaPortConfig.EnumState" />
        </stc:property>
        <stc:property category="result" collectionType="vector" databaseType="DEFAULT" default="0" displayName="Currently Idle" format="number" id="0x82004004" idlMapped="true" ilMapped="true" isComposite="false" isDataStream="false" isDeprecated="false" isInternal="false" isReadOnly="true" maxOccurs="1" minOccurs="1" name="CurrIdle" noSave="true" nullable="false" onModifyNotifyMode="periodic" precision="" replaces="" type="u32">
            <stc:attribute id="0x82004016" internalIsEnum="false" internalType="bool" name="none" type="core.ResultPropertyMarkForEotSave" value="true" />
            <stc:attribute id="0x82004017" internalIsEnum="false" internalType="bool" name="none" type="core.ResultPropertyIsDefaultForSubscription" value="true" />
        </stc:property>
        <stc:property category="result" collectionType="vector" databaseType="DEFAULT" default="0" displayName="Currently Bound" format="number" id="0x82004005" idlMapped="true" ilMapped="true" isComposite="false" isDataStream="false" isDeprecated="false" isInternal="false" isReadOnly="true" maxOccurs="1" minOccurs="1" name="CurrBound" noSave="true" nullable="false" onModifyNotifyMode="periodic" precision="" replaces="" type="u32">
            <stc:attribute id="0x82004018" internalIsEnum="false" internalType="bool" name="none" type="core.ResultPropertyMarkForEotSave" value="true" />
            <stc:attribute id="0x82004019" internalIsEnum="false" internalType="bool" name="none" type="core.ResultPropertyIsDefaultForSubscription" value="true" />
        </stc:property>
        <stc:property category="result" collectionType="vector" databaseType="DEFAULT" default="0" displayName="Total Attempted" format="number" id="0x82004006" idlMapped="true" ilMapped="true" isComposite="false" isDataStream="false" isDeprecated="false" isInternal="false" isReadOnly="true" maxOccurs="1" minOccurs="1" name="TotAttempt" noSave="true" nullable="false" onModifyNotifyMode="periodic" precision="" replaces="" type="u32">
            <stc:attribute id="0x8200401A" internalIsEnum="false" internalType="bool" name="none" type="core.ResultPropertyMarkForEotSave" value="true" />
            <stc:attribute id="0x8200401B" internalIsEnum="false" internalType="bool" name="none" type="core.ResultPropertyIsDefaultForSubscription" value="true" />
        </stc:property>
        <stc:property category="result" collectionType="vector" databaseType="DEFAULT" default="0" displayName="Total Bound" format="number" id="0x82004007" idlMapped="true" ilMapped="true" isComposite="false" isDataStream="false" isDeprecated="false" isInternal="false" isReadOnly="true" maxOccurs="1" minOccurs="1" name="TotBound" noSave="true" nullable="false" onModifyNotifyMode="periodic" precision="" replaces="" type="u32">
            <stc:attribute id="0x8200401C" internalIsEnum="false" internalType="bool" name="none" type="core.ResultPropertyMarkForEotSave" value="true" />
            <stc:attribute id="0x8200401D" internalIsEnum="false" internalType="bool" name="none" type="core.ResultPropertyIsDefaultForSubscription" value="true" />
        </stc:property>
        <stc:property category="result" collectionType="vector" databaseType="DEFAULT" default="0" displayName="Total Failed" format="number" id="0x82004008" idlMapped="true" ilMapped="true" isComposite="false" isDataStream="false" isDeprecated="false" isInternal="false" isReadOnly="true" maxOccurs="1" minOccurs="1" name="TotFailed" noSave="true" nullable="false" onModifyNotifyMode="periodic" precision="" replaces="" type="u32">
            <stc:attribute id="0x8200401E" internalIsEnum="false" internalType="bool" name="none" type="core.ResultPropertyMarkForEotSave" value="true" />
            <stc:attribute id="0x8200401F" internalIsEnum="false" internalType="bool" name="none" type="core.ResultPropertyIsDefaultForSubscription" value="true" />
        </stc:property>
        <stc:property category="result" collectionType="vector" databaseType="DEFAULT" default="0" displayName="Total DAD Failures" format="number" id="0x82004009" idlMapped="true" ilMapped="true" isComposite="false" isDataStream="false" isDeprecated="false" isInternal="false" isReadOnly="true" maxOccurs="1" minOccurs="1" name="TotDadFailures" noSave="true" nullable="false" onModifyNotifyMode="periodic" precision="" replaces="" type="u32">
            <stc:attribute id="0x82004020" internalIsEnum="false" internalType="bool" name="none" type="core.ResultPropertyMarkForEotSave" value="true" />
            <stc:attribute id="0x82004021" internalIsEnum="false" internalType="bool" name="none" type="core.ResultPropertyIsDefaultForSubscription" value="true" />
        </stc:property>
        <stc:property category="result" collectionType="vector" databaseType="DEFAULT" default="0" displayName="Total RA Timeout Failures" format="number" id="0x8200400A" idlMapped="true" ilMapped="true" isComposite="false" isDataStream="false" isDeprecated="false" isInternal="false" isReadOnly="true" maxOccurs="1" minOccurs="1" name="TotRaTimeoutFailures" noSave="true" nullable="false" onModifyNotifyMode="periodic" precision="" replaces="" type="u32">
            <stc:attribute id="0x82004022" internalIsEnum="false" internalType="bool" name="none" type="core.ResultPropertyMarkForEotSave" value="true" />
            <stc:attribute id="0x82004023" internalIsEnum="false" internalType="bool" name="none" type="core.ResultPropertyIsDefaultForSubscription" value="true" />
        </stc:property>
        <stc:property category="result" collectionType="vector" databaseType="DEFAULT" default="0" displayName="Tx Router Solicitations (Autoconfiguration)" format="number" id="0x8200400B" idlMapped="true" ilMapped="true" isComposite="false" isDataStream="false" isDeprecated="false" isInternal="false" isReadOnly="true" maxOccurs="1" minOccurs="1" name="TxRtrSol" noSave="true" nullable="false" onModifyNotifyMode="periodic" precision="" replaces="" type="u32">
            <stc:attribute id="0x82004024" internalIsEnum="false" internalType="bool" name="none" type="core.ResultPropertyMarkForEotSave" value="true" />
            <stc:attribute id="0x82004025" internalIsEnum="false" internalType="bool" name="none" type="core.ResultPropertyIsDefaultForSubscription" value="true" />
        </stc:property>
        <stc:property category="result" collectionType="vector" databaseType="DEFAULT" default="0" displayName="Rx Router Advertisements (Autoconfiguration)" format="number" id="0x8200400C" idlMapped="true" ilMapped="true" isComposite="false" isDataStream="false" isDeprecated="false" isInternal="false" isReadOnly="true" maxOccurs="1" minOccurs="1" name="RxRtrAdv" noSave="true" nullable="false" onModifyNotifyMode="periodic" precision="" replaces="" type="u32">
            <stc:attribute id="0x82004026" internalIsEnum="false" internalType="bool" name="none" type="core.ResultPropertyMarkForEotSave" value="true" />
            <stc:attribute id="0x82004027" internalIsEnum="false" internalType="bool" name="none" type="core.ResultPropertyIsDefaultForSubscription" value="true" />
        </stc:property>
        <stc:property category="result" collectionType="vector" databaseType="DEFAULT" default="0" displayName="Tx Neighbor Solicitations (Autoconfiguration)" format="number" id="0x8200400D" idlMapped="true" ilMapped="true" isComposite="false" isDataStream="false" isDeprecated="false" isInternal="false" isReadOnly="true" maxOccurs="1" minOccurs="1" name="TxNbrSol" noSave="true" nullable="false" onModifyNotifyMode="periodic" precision="" replaces="" type="u32">
            <stc:attribute id="0x82004028" internalIsEnum="false" internalType="bool" name="none" type="core.ResultPropertyMarkForEotSave" value="true" />
            <stc:attribute id="0x82004029" internalIsEnum="false" internalType="bool" name="none" type="core.ResultPropertyIsDefaultForSubscription" value="true" />
        </stc:property>
        <stc:property category="result" collectionType="vector" databaseType="DEFAULT" default="0" displayName="Rx Neighbor Advertisements (Autoconfiguration)" format="number" id="0x8200400E" idlMapped="true" ilMapped="true" isComposite="false" isDataStream="false" isDeprecated="false" isInternal="false" isReadOnly="true" maxOccurs="1" minOccurs="1" name="RxNbrAdv" noSave="true" nullable="false" onModifyNotifyMode="periodic" precision="" replaces="" type="u32">
            <stc:attribute id="0x8200402A" internalIsEnum="false" internalType="bool" name="none" type="core.ResultPropertyMarkForEotSave" value="true" />
            <stc:attribute id="0x8200402B" internalIsEnum="false" internalType="bool" name="none" type="core.ResultPropertyIsDefaultForSubscription" value="true" />
        </stc:property>

        <stc:property category="result" collectionType="vector" databaseType="DEFAULT" default="0" displayName="Connected Count" format="number" id="0x8200400F" idlMapped="true" ilMapped="true" isComposite="false" isDataStream="false" isDeprecated="false" isInternal="false" isReadOnly="true" maxOccurs="1" minOccurs="1" name="ConnCount" noSave="true" nullable="false" onModifyNotifyMode="periodic" precision="" replaces="" type="u32">
            <stc:attribute id="0x8200402C" internalIsEnum="false" internalType="bool" name="none" type="core.ResultPropertyMarkForEotSave" value="true" />
            <stc:attribute id="0x8200402D" internalIsEnum="false" internalType="bool" name="none" type="core.ResultPropertyIsDefaultForSubscription" value="true" />
        </stc:property>
        <stc:property category="result" collectionType="vector" databaseType="DEFAULT" default="0" displayName="Attempted Count" format="number" id="0x82004010" idlMapped="true" ilMapped="true" isComposite="false" isDataStream="false" isDeprecated="false" isInternal="false" isReadOnly="true" maxOccurs="1" minOccurs="1" name="AttemptCount" noSave="true" nullable="false" onModifyNotifyMode="periodic" precision="" replaces="" type="u32">
            <stc:attribute id="0x8200402E" internalIsEnum="false" internalType="bool" name="none" type="core.ResultPropertyMarkForEotSave" value="true" />
            <stc:attribute id="0x8200402F" internalIsEnum="false" internalType="bool" name="none" type="core.ResultPropertyIsDefaultForSubscription" value="true" />
        </stc:property>
        <stc:property category="result" collectionType="vector" databaseType="DEFAULT" default="0" displayName="Attempt Rate (sessions/sec)" format="number" id="0x82004011" idlMapped="true" ilMapped="true" isComposite="false" isDataStream="false" isDeprecated="false" isInternal="false" isReadOnly="true" maxOccurs="1" minOccurs="1" name="AttemptRate" noSave="true" nullable="false" onModifyNotifyMode="periodic" precision="" replaces="" type="double">
            <stc:attribute id="0x82004030" internalIsEnum="false" internalType="bool" name="none" type="core.ResultPropertyMarkForEotSave" value="true" />
            <stc:attribute id="0x82004031" internalIsEnum="false" internalType="string" name="none" type="core.ResultPropertyIlCounterpartName" value="AttemptRate" />
            <stc:attribute id="0x82004032" internalIsEnum="false" internalType="bool" name="none" type="core.ResultPropertyIsDefaultForSubscription" value="true" />
        </stc:property>
        <stc:property category="result" collectionType="vector" databaseType="DEFAULT" default="0" displayName="Bind Rate (sessions/sec)" format="number" id="0x82004012" idlMapped="true" ilMapped="true" isComposite="false" isDataStream="false" isDeprecated="false" isInternal="false" isReadOnly="true" maxOccurs="1" minOccurs="1" name="BindRate" noSave="true" nullable="false" onModifyNotifyMode="periodic" precision="" replaces="" type="double">
            <stc:attribute id="0x82004033" internalIsEnum="false" internalType="bool" name="none" type="core.ResultPropertyMarkForEotSave" value="true" />
            <stc:attribute id="0x82004034" internalIsEnum="false" internalType="string" name="none" type="core.ResultPropertyIlCounterpartName" value="BindRate" />
            <stc:attribute id="0x82004035" internalIsEnum="false" internalType="bool" name="none" type="core.ResultPropertyIsDefaultForSubscription" value="true" />
        </stc:property>
        

        <stc:property category="result" collectionType="vector" databaseType="DEFAULT" default="0" displayName="Success Percentage (%)" format="number" id="0x82004013" idlMapped="true" ilMapped="true" isComposite="false" isDataStream="false" isDeprecated="false" isInternal="false" isReadOnly="true" maxOccurs="1" minOccurs="1" name="SuccessPercent" noSave="true" nullable="false" onModifyNotifyMode="periodic" precision="" replaces="" type="double">
            <stc:attribute id="0x82004036" internalIsEnum="false" internalType="bool" name="none" type="core.ResultPropertyMarkForEotSave" value="true" />
            <stc:attribute id="0x82004037" internalIsEnum="false" internalType="bool" name="none" type="core.ResultPropertyIsDefaultForSubscription" value="true" />
        </stc:property>
    </stc:class>
    
    
    <stc:class baseClass="framework.Result" canCreate="true" id="0x82005000" idlMapped="na" ilMapped="na" isInternal="false" isReadOnly="false" isSingleton="false" name="SaaDeviceResults" noSave="false" profile="saa">
        
        <stc:relation allowDuplicate="false" dstClassRef="SaaDeviceResults" dstName="none" embedDstInIlClass="false" embedSrcInIlClass="false" id="0x82005001" isInternal="false" maxOccurs="unbounded" minOccurs="0" name="ParentConfig" order="sequenced" srcClassRef="SaaDeviceConfig" srcName="none" type="framework.ParentChild" />
        
        <stc:relation allowDuplicate="false" dstClassRef="SaaDeviceResults" dstName="none" embedDstInIlClass="false" embedSrcInIlClass="false" id="0x82005002" isInternal="false" maxOccurs="unbounded" minOccurs="0" name="ResultParentConfig" order="sequenced" srcClassRef="SaaDeviceConfig" srcName="none" type="framework.ResultChild" />

        <stc:enumeration idlEnumerationRef="saa.1:bindingState_t" idlMapped="true" ilMapped="true" isFlags="false" name="EnumSaaBindingState">
            <stc:enum displayName="Success" idlEnumValueRef="SUCCESS" idlMapped="true" ilMapped="true" name="SUCCESS" value="0" />
            <stc:enum displayName="Partial" idlEnumValueRef="PARTIAL" idlMapped="true" ilMapped="true" name="PARTIAL" value="1" />
            <stc:enum displayName="Failed" idlEnumValueRef="FAILURE" idlMapped="true" ilMapped="true" name="FAILED" value="2" />
            <stc:enum displayName="" idlEnumValueRef="NONE" idlMapped="true" ilMapped="true" name="NONE" value="3" />
        </stc:enumeration>

        
        <stc:property category="result" collectionType="vector" databaseType="DEFAULT" default="0" displayName="PcHandle" format="number" id="0x82005003" idlMapped="true" ilMapped="true" isComposite="false" isDataStream="false" isDeprecated="false" isInternal="true" isReadOnly="true" maxOccurs="1" minOccurs="1" name="PcHandle" noSave="true" nullable="false" onModifyNotifyMode="periodic" precision="" replaces="" type="u32">
            <stc:attribute id="0x82005012" internalIsEnum="false" internalType="bool" name="none" type="core.ResultPropertyMarkForEotSave" value="true" />
            <stc:attribute id="0x82005013" internalIsEnum="false" internalType="bool" name="none" type="core.ResultPropertyIsDefaultForSubscription" value="true" />
        </stc:property>
        <stc:property category="result" collectionType="vector" databaseType="DEFAULT" default="0" displayName="State" format="number" id="0x82005004" idlMapped="true" ilMapped="true" isComposite="false" isDataStream="false" isDeprecated="false" isInternal="false" isReadOnly="true" maxOccurs="1" minOccurs="1" name="State" noSave="true" nullable="false" onModifyNotifyMode="periodic" precision="" replaces="" type="u8">
            <stc:attribute id="0x82005014" internalIsEnum="false" internalType="bool" name="none" type="core.ResultPropertyMarkForEotSave" value="true" />
            <stc:attribute id="0x82005015" internalIsEnum="false" internalType="bool" name="none" type="core.ResultPropertyIsDefaultForSubscription" value="true" />
            <stc:enumerationRef ref="SaaDeviceConfig.EnumState" />
        </stc:property>
        <stc:property category="result" collectionType="vector" databaseType="DEFAULT" default="0" displayName="Binding State" format="number" id="0x82005005" idlMapped="true" ilMapped="true" isComposite="false" isDataStream="false" isDeprecated="false" isInternal="false" isReadOnly="true" maxOccurs="1" minOccurs="1" name="BindingState" noSave="true" nullable="false" onModifyNotifyMode="periodic" precision="" replaces="" type="u8">
            <stc:attribute id="0x82005016" internalIsEnum="false" internalType="bool" name="none" type="core.ResultPropertyMarkForEotSave" value="true" />
            <stc:attribute id="0x82005017" internalIsEnum="false" internalType="bool" name="none" type="core.ResultPropertyIsDefaultForSubscription" value="true" />
            <stc:enumerationRef ref="EnumSaaBindingState" />
        </stc:property>
        <stc:property category="result" collectionType="vector" databaseType="DEFAULT" default="0" displayName="Currently Attempting" format="number" id="0x82005006" idlMapped="true" ilMapped="true" isComposite="false" isDataStream="false" isDeprecated="false" isInternal="false" isReadOnly="true" maxOccurs="1" minOccurs="1" name="CurrAttempt" noSave="true" nullable="false" onModifyNotifyMode="periodic" precision="" replaces="" type="u32">
            <stc:attribute id="0x82005018" internalIsEnum="false" internalType="bool" name="none" type="core.ResultPropertyMarkForEotSave" value="true" />
            <stc:attribute id="0x82005019" internalIsEnum="false" internalType="bool" name="none" type="core.ResultPropertyIsDefaultForSubscription" value="true" />
        </stc:property>
        <stc:property category="result" collectionType="vector" databaseType="DEFAULT" default="0" displayName="Currently Bound" format="number" id="0x82005007" idlMapped="true" ilMapped="true" isComposite="false" isDataStream="false" isDeprecated="false" isInternal="false" isReadOnly="true" maxOccurs="1" minOccurs="1" name="CurrBound" noSave="true" nullable="false" onModifyNotifyMode="periodic" precision="" replaces="" type="u32">
            <stc:attribute id="0x8200501A" internalIsEnum="false" internalType="bool" name="none" type="core.ResultPropertyMarkForEotSave" value="true" />
            <stc:attribute id="0x8200501B" internalIsEnum="false" internalType="bool" name="none" type="core.ResultPropertyIsDefaultForSubscription" value="true" />
        </stc:property>
        <stc:property category="result" collectionType="vector" databaseType="DEFAULT" default="0" displayName="Currently Idle" format="number" id="0x82005008" idlMapped="true" ilMapped="true" isComposite="false" isDataStream="false" isDeprecated="false" isInternal="false" isReadOnly="true" maxOccurs="1" minOccurs="1" name="CurrIdle" noSave="true" nullable="false" onModifyNotifyMode="periodic" precision="" replaces="" type="u32">
            <stc:attribute id="0x8200501C" internalIsEnum="false" internalType="bool" name="none" type="core.ResultPropertyMarkForEotSave" value="true" />
            <stc:attribute id="0x8200501D" internalIsEnum="false" internalType="bool" name="none" type="core.ResultPropertyIsDefaultForSubscription" value="true" />
        </stc:property>
        <stc:property category="result" collectionType="vector" databaseType="DEFAULT" default="0" displayName="Total Attempted" format="number" id="0x82005009" idlMapped="true" ilMapped="true" isComposite="false" isDataStream="false" isDeprecated="false" isInternal="false" isReadOnly="true" maxOccurs="1" minOccurs="1" name="TotAttempt" noSave="true" nullable="false" onModifyNotifyMode="periodic" precision="" replaces="" type="u32">
            <stc:attribute id="0x8200501E" internalIsEnum="false" internalType="bool" name="none" type="core.ResultPropertyMarkForEotSave" value="true" />
            <stc:attribute id="0x8200501F" internalIsEnum="false" internalType="bool" name="none" type="core.ResultPropertyIsDefaultForSubscription" value="true" />
        </stc:property>
        <stc:property category="result" collectionType="vector" databaseType="DEFAULT" default="0" displayName="Total Bound" format="number" id="0x8200500A" idlMapped="true" ilMapped="true" isComposite="false" isDataStream="false" isDeprecated="false" isInternal="false" isReadOnly="true" maxOccurs="1" minOccurs="1" name="TotBound" noSave="true" nullable="false" onModifyNotifyMode="periodic" precision="" replaces="" type="u32">
            <stc:attribute id="0x82005020" internalIsEnum="false" internalType="bool" name="none" type="core.ResultPropertyMarkForEotSave" value="true" />
            <stc:attribute id="0x82005021" internalIsEnum="false" internalType="bool" name="none" type="core.ResultPropertyIsDefaultForSubscription" value="true" />
        </stc:property>
        <stc:property category="result" collectionType="vector" databaseType="DEFAULT" default="0" displayName="Total Failed" format="number" id="0x8200500B" idlMapped="true" ilMapped="true" isComposite="false" isDataStream="false" isDeprecated="false" isInternal="false" isReadOnly="true" maxOccurs="1" minOccurs="1" name="TotFailed" noSave="true" nullable="false" onModifyNotifyMode="periodic" precision="" replaces="" type="u32">
            <stc:attribute id="0x82005022" internalIsEnum="false" internalType="bool" name="none" type="core.ResultPropertyMarkForEotSave" value="true" />
            <stc:attribute id="0x82005023" internalIsEnum="false" internalType="bool" name="none" type="core.ResultPropertyIsDefaultForSubscription" value="true" />
        </stc:property>
        <stc:property category="result" collectionType="vector" databaseType="DEFAULT" default="0" displayName="Total DAD Failures" format="number" id="0x8200500C" idlMapped="true" ilMapped="true" isComposite="false" isDataStream="false" isDeprecated="false" isInternal="false" isReadOnly="true" maxOccurs="1" minOccurs="1" name="TotDadFailures" noSave="true" nullable="false" onModifyNotifyMode="periodic" precision="" replaces="" type="u32">
            <stc:attribute id="0x82005024" internalIsEnum="false" internalType="bool" name="none" type="core.ResultPropertyMarkForEotSave" value="true" />
            <stc:attribute id="0x82005025" internalIsEnum="false" internalType="bool" name="none" type="core.ResultPropertyIsDefaultForSubscription" value="true" />
        </stc:property>
        <stc:property category="result" collectionType="vector" databaseType="DEFAULT" default="0" displayName="Total RA Timeout Failures" format="number" id="0x8200500D" idlMapped="true" ilMapped="true" isComposite="false" isDataStream="false" isDeprecated="false" isInternal="false" isReadOnly="true" maxOccurs="1" minOccurs="1" name="TotRaTimeoutFailures" noSave="true" nullable="false" onModifyNotifyMode="periodic" precision="" replaces="" type="u32">
            <stc:attribute id="0x82005026" internalIsEnum="false" internalType="bool" name="none" type="core.ResultPropertyMarkForEotSave" value="true" />
            <stc:attribute id="0x82005027" internalIsEnum="false" internalType="bool" name="none" type="core.ResultPropertyIsDefaultForSubscription" value="true" />
        </stc:property>
        <stc:property category="result" collectionType="vector" databaseType="DEFAULT" default="0" displayName="Connected Count" format="number" id="0x8200500E" idlMapped="true" ilMapped="true" isComposite="false" isDataStream="false" isDeprecated="false" isInternal="false" isReadOnly="true" maxOccurs="1" minOccurs="1" name="ConnCount" noSave="true" nullable="false" onModifyNotifyMode="periodic" precision="" replaces="" type="u32">
            <stc:attribute id="0x82005028" internalIsEnum="false" internalType="bool" name="none" type="core.ResultPropertyMarkForEotSave" value="true" />
            <stc:attribute id="0x82005029" internalIsEnum="false" internalType="bool" name="none" type="core.ResultPropertyIsDefaultForSubscription" value="true" />
        </stc:property>
        <stc:property category="result" collectionType="vector" databaseType="DEFAULT" default="0" displayName="Attempted Count" format="number" id="0x8200500F" idlMapped="true" ilMapped="true" isComposite="false" isDataStream="false" isDeprecated="false" isInternal="false" isReadOnly="true" maxOccurs="1" minOccurs="1" name="AttemptCount" noSave="true" nullable="false" onModifyNotifyMode="periodic" precision="" replaces="" type="u32">
            <stc:attribute id="0x8200502A" internalIsEnum="false" internalType="bool" name="none" type="core.ResultPropertyMarkForEotSave" value="true" />
            <stc:attribute id="0x8200502B" internalIsEnum="false" internalType="bool" name="none" type="core.ResultPropertyIsDefaultForSubscription" value="true" />
        </stc:property>
        <stc:property category="result" collectionType="vector" databaseType="DEFAULT" default="0" displayName="Attempt Rate (sessions/sec)" format="number" id="0x82005010" idlMapped="true" ilMapped="true" isComposite="false" isDataStream="false" isDeprecated="false" isInternal="false" isReadOnly="true" maxOccurs="1" minOccurs="1" name="AttemptRate" noSave="true" nullable="false" onModifyNotifyMode="periodic" precision="" replaces="" type="double">
            <stc:attribute id="0x8200502C" internalIsEnum="false" internalType="bool" name="none" type="core.ResultPropertyMarkForEotSave" value="true" />
            <stc:attribute id="0x8200502D" internalIsEnum="false" internalType="string" name="none" type="core.ResultPropertyIlCounterpartName" value="AttemptRate" />
            <stc:attribute id="0x8200502E" internalIsEnum="false" internalType="bool" name="none" type="core.ResultPropertyIsDefaultForSubscription" value="true" />
        </stc:property>
        <stc:property category="result" collectionType="vector" databaseType="DEFAULT" default="0" displayName="Bind Rate (sessions/sec)" format="number" id="0x82005011" idlMapped="true" ilMapped="true" isComposite="false" isDataStream="false" isDeprecated="false" isInternal="false" isReadOnly="true" maxOccurs="1" minOccurs="1" name="BindRate" noSave="true" nullable="false" onModifyNotifyMode="periodic" precision="" replaces="" type="double">
            <stc:attribute id="0x8200502F" internalIsEnum="false" internalType="bool" name="none" type="core.ResultPropertyMarkForEotSave" value="true" />
            <stc:attribute id="0x82005030" internalIsEnum="false" internalType="string" name="none" type="core.ResultPropertyIlCounterpartName" value="BindRate" />
            <stc:attribute id="0x82005031" internalIsEnum="false" internalType="bool" name="none" type="core.ResultPropertyIsDefaultForSubscription" value="true" />
        </stc:property>

    </stc:class>
    
    
    <stc:class baseClass="framework.Scriptable" canCreate="true" id="0x82006000" idlMapped="na" ilMapped="na" isInternal="false" isReadOnly="false" isSingleton="false" name="SaaSessionResults" noSave="false" profile="saa">
        
        <stc:relation allowDuplicate="false" dstClassRef="SaaSessionResults" dstName="none" embedDstInIlClass="false" embedSrcInIlClass="false" id="0x82006001" isInternal="false" maxOccurs="unbounded" minOccurs="0" name="SessionParentBlock" order="sequenced" srcClassRef="SaaDeviceConfig" srcName="none" type="framework.ParentChild" />
        
        
        <stc:enumeration idlEnumerationRef="saa.1:sessionState_t" idlMapped="true" ilMapped="true" isFlags="false" name="EnumSaaSessionState">
            <stc:enum displayName="Idle" idlEnumValueRef="IDLE" idlMapped="true" ilMapped="true" name="IDLE" value="0" />
            <stc:enum displayName="Establishing" idlEnumValueRef="ESTABLISHING" idlMapped="true" ilMapped="true" name="ESTABLISHING" value="1" />
            <stc:enum displayName="Bound" idlEnumValueRef="BOUND" idlMapped="true" ilMapped="true" name="BOUND" value="2" />
            <stc:enum displayName="Failed" idlEnumValueRef="FAILED" idlMapped="true" ilMapped="true" name="FAILED" value="3" />
        </stc:enumeration>

        <stc:enumeration idlEnumerationRef="saa.1:sessionError_t" idlMapped="true" ilMapped="true" isFlags="false" name="EnumSaaError">
            <stc:enum displayName="None" idlEnumValueRef="NONE" idlMapped="true" ilMapped="true" name="NONE" value="0" />
            <stc:enum displayName="Duplicate Address Detected" idlEnumValueRef="DAD" idlMapped="true" ilMapped="true" name="DAD" value="1" />
            <stc:enum displayName="RA Timeout" idlEnumValueRef="RA_TIMEOUT" idlMapped="true" ilMapped="true" name="RA_TIMEOUT" value="2" />
        </stc:enumeration>

        <stc:property category="result" collectionType="vector" databaseType="DEFAULT" default="IDLE" displayName="Session State" format="number" id="0x82006002" idlMapped="true" ilMapped="true" isComposite="false" isDataStream="false" isDeprecated="false" isInternal="false" isReadOnly="true" maxOccurs="1" minOccurs="1" name="SessionState" noSave="true" nullable="false" onModifyNotifyMode="periodic" precision="" replaces="" type="u8">
            <stc:enumerationRef ref="EnumSaaSessionState" />
        </stc:property>
        <stc:property category="result" collectionType="vector" databaseType="DEFAULT" default="NONE" displayName="Error Status" format="number" id="0x82006003" idlMapped="true" ilMapped="true" isComposite="false" isDataStream="false" isDeprecated="false" isInternal="false" isReadOnly="true" maxOccurs="1" minOccurs="1" name="ErrorStatus" noSave="true" nullable="false" onModifyNotifyMode="periodic" precision="" replaces="" type="u8">
            <stc:enumerationRef ref="EnumSaaError" />
        </stc:property>
        <stc:property category="result" collectionType="vector" databaseType="DEFAULT" default="0" displayName="VPI" format="number" id="0x82006004" idlMapped="true" ilMapped="true" isComposite="false" isDataStream="false" isDeprecated="false" isInternal="false" isReadOnly="true" maxOccurs="1" minOccurs="1" name="Vpi" noSave="true" nullable="false" onModifyNotifyMode="periodic" precision="" replaces="" type="u16" />
        <stc:property category="result" collectionType="vector" databaseType="DEFAULT" default="32" displayName="VCI" format="number" id="0x82006005" idlMapped="true" ilMapped="true" isComposite="false" isDataStream="false" isDeprecated="false" isInternal="false" isReadOnly="true" maxOccurs="1" minOccurs="1" name="Vci" noSave="true" nullable="false" onModifyNotifyMode="periodic" precision="" replaces="" type="u16" />
        <stc:property category="result" collectionType="vector" databaseType="DEFAULT" default="00-00-00-00-00-00" displayName="MAC Address" format="number" id="0x82006006" idlMapped="true" ilMapped="true" isComposite="false" isDataStream="false" isDeprecated="false" isInternal="false" isReadOnly="true" maxOccurs="1" minOccurs="1" name="MacAddr" noSave="true" nullable="false" onModifyNotifyMode="periodic" precision="" replaces="" type="mac" />
        <stc:property category="result" collectionType="vector" databaseType="DEFAULT" default="1" displayName="VLAN Id" format="number" id="0x82006007" idlMapped="true" ilMapped="true" isComposite="false" isDataStream="false" isDeprecated="false" isInternal="false" isReadOnly="true" maxOccurs="1" minOccurs="1" name="VlanId" noSave="true" nullable="false" onModifyNotifyMode="periodic" precision="" replaces="" type="u16" />
        <stc:property category="result" collectionType="vector" databaseType="DEFAULT" default="1" displayName="Inner VLAN Id" format="number" id="0x82006008" idlMapped="true" ilMapped="true" isComposite="false" isDataStream="false" isDeprecated="false" isInternal="false" isReadOnly="true" maxOccurs="1" minOccurs="1" name="InnerVlanId" noSave="true" nullable="false" onModifyNotifyMode="periodic" precision="" replaces="" type="u16" />
        <stc:property category="result" collectionType="vector" databaseType="DEFAULT" default="::" displayName="Global IPv6 Address" format="number" id="0x82006009" idlMapped="true" ilMapped="true" isComposite="false" isDataStream="false" isDeprecated="false" isInternal="false" isReadOnly="true" maxOccurs="1" minOccurs="1" name="GlobalAddr" noSave="true" nullable="false" onModifyNotifyMode="periodic" precision="" replaces="" type="ipv6" />
        <stc:property category="result" collectionType="vector" databaseType="DEFAULT" default="::" displayName="Link-local IPv6 Address" format="number" id="0x8200600A" idlMapped="true" ilMapped="true" isComposite="false" isDataStream="false" isDeprecated="false" isInternal="false" isReadOnly="true" maxOccurs="1" minOccurs="1" name="LocalAddr" noSave="true" nullable="false" onModifyNotifyMode="periodic" precision="" replaces="" type="ipv6" />
        <stc:property category="result" collectionType="vector" databaseType="DEFAULT" default="::" displayName="Prefix IPv6 Address" format="number" id="0x8200600B" idlMapped="true" ilMapped="true" isComposite="false" isDataStream="false" isDeprecated="false" isInternal="false" isReadOnly="true" maxOccurs="1" minOccurs="1" name="PrefixAddr" noSave="true" nullable="false" onModifyNotifyMode="periodic" precision="" replaces="" type="ipv6" />
        <stc:property category="result" collectionType="vector" databaseType="DEFAULT" default="64" displayName="Prefix Length" format="number" id="0x8200600C" idlMapped="true" ilMapped="true" isComposite="false" isDataStream="false" isDeprecated="false" isInternal="false" isReadOnly="true" maxOccurs="1" minOccurs="1" name="PrefixLength" noSave="true" nullable="false" onModifyNotifyMode="periodic" precision="" replaces="" type="u8" />
        <stc:property category="result" collectionType="vector" databaseType="DEFAULT" default="0" displayName="Lifetime" format="number" id="0x8200600D" idlMapped="true" ilMapped="true" isComposite="false" isDataStream="false" isDeprecated="false" isInternal="false" isReadOnly="true" maxOccurs="1" minOccurs="1" name="Lifetime" noSave="true" nullable="false" onModifyNotifyMode="periodic" precision="" replaces="" type="u32" />
        <stc:property category="result" collectionType="vector" databaseType="DEFAULT" default="0" displayName="Lifetime Remaining" format="number" id="0x8200600E" idlMapped="true" ilMapped="true" isComposite="false" isDataStream="false" isDeprecated="false" isInternal="false" isReadOnly="true" maxOccurs="1" minOccurs="1" name="LifetimeLeft" noSave="true" nullable="false" onModifyNotifyMode="periodic" precision="" replaces="" type="double" />
        <stc:property category="result" collectionType="vector" databaseType="DEFAULT" default="0" displayName="Preferred Lifetime" format="number" id="0x8200600F" idlMapped="true" ilMapped="true" isComposite="false" isDataStream="false" isDeprecated="false" isInternal="false" isReadOnly="true" maxOccurs="1" minOccurs="1" name="PreferredLifetime" noSave="true" nullable="false" onModifyNotifyMode="periodic" precision="" replaces="" type="u32" />
    </stc:class>

    
    <stc:class baseClass="framework.Command" canCreate="false" id="0x82007000" idlMapped="na" ilMapped="na" isInternal="false" isReadOnly="false" isSingleton="false" name="SaaCommand" noSave="false" profile="saa">
        <stc:relation allowDuplicate="false" dstClassRef="SaaCommand" dstName="none" embedDstInIlClass="false" embedSrcInIlClass="false" id="0x82007001" isInternal="false" maxOccurs="unbounded" minOccurs="0" name="ParentProject" order="sequenced" srcClassRef="framework.Project" srcName="none" type="framework.ParentChild" />
        <stc:property category="input" collectionType="vector" databaseType="DEFAULT" default="0" displayName="IPv6 Autoconfiguration Block Handle List" format="number" id="0x82007002" idlMapped="true" ilMapped="true" isComposite="false" isDataStream="false" isDeprecated="false" isInternal="false" isReadOnly="false" maxOccurs="unbounded" minOccurs="0" name="BlockList" noSave="false" nullable="false" onModifyNotifyMode="none" precision="" replaces="" type="handle" />
    </stc:class>

    <stc:class baseClass="SaaCommand" canCreate="true" displayName="Start IPv6 Autoconfiguration" id="0x82008000" idlMapped="na" ilMapped="na" isInternal="false" isReadOnly="false" isSingleton="false" name="SaaStartCommand" noSave="false" profile="saa">
        <stc:attribute id="0x82008001" internalIsEnum="false" internalType="bool" name="none" type="core.Sequenceable" value="true" />
        <stc:attribute id="0x82008002" internalIsEnum="false" internalType="bool" name="none" type="core.RequireApplyToIL" value="true" />
        <stc:attribute id="0x82008003" internalIsEnum="false" internalType="string" name="none" type="framework.CommandCategory" value="Access//IPv6 Autoconfiguration" />
        <stc:attribute id="0x82008004" internalIsEnum="false" internalType="string" name="none" type="framework.CommandDescription" value="Start IPv6 Autoconfiguration" />
        <stc:attribute id="0x82008005" internalIsEnum="false" internalType="string" name="none" type="framework.EventMessageAllTypes" value="Starts" />
        <stc:attribute id="0x82008006" internalIsEnum="false" internalType="string" name="none" type="framework.EventMessageDefaultTypes" value="Starts" />
    </stc:class>
    <stc:class baseClass="SaaCommand" canCreate="true" displayName="Stop IPv6 Autoconfiguration" id="0x82009000" idlMapped="na" ilMapped="na" isInternal="false" isReadOnly="false" isSingleton="false" name="SaaStopCommand" noSave="false" profile="saa">
        <stc:attribute id="0x82009001" internalIsEnum="false" internalType="bool" name="none" type="core.Sequenceable" value="true" />
        <stc:attribute id="0x82009002" internalIsEnum="false" internalType="bool" name="none" type="core.RequireApplyToIL" value="true" />
        <stc:attribute id="0x82009003" internalIsEnum="false" internalType="string" name="none" type="framework.CommandCategory" value="Access//IPv6 Autoconfiguration" />
        <stc:attribute id="0x82009004" internalIsEnum="false" internalType="string" name="none" type="framework.CommandDescription" value="Stop IPv6 Autoconfiguration" />
        <stc:attribute id="0x82009005" internalIsEnum="false" internalType="string" name="none" type="framework.EventMessageAllTypes" value="Stops" />
        <stc:attribute id="0x82009006" internalIsEnum="false" internalType="string" name="none" type="framework.EventMessageDefaultTypes" value="Stops" />
    </stc:class>

    <stc:class baseClass="SaaCommand" canCreate="true" displayName="Save Session Info" id="0x8200A000" idlMapped="na" ilMapped="na" isInternal="false" isReadOnly="false" isSingleton="false" name="SaaSessionInfoCommand" noSave="false" profile="saa">
        <stc:attribute id="0x8200A001" internalIsEnum="false" internalType="bool" name="none" type="core.Sequenceable" value="true" />
        <stc:attribute id="0x8200A002" internalIsEnum="false" internalType="bool" name="none" type="core.RequireApplyToIL" value="true" />
        <stc:attribute id="0x8200A003" internalIsEnum="false" internalType="string" name="none" type="framework.CommandCategory" value="Access//IPv6 Autoconfiguration" />
        <stc:attribute id="0x8200A004" internalIsEnum="false" internalType="string" name="none" type="framework.CommandDescription" value="Save the IPv6 Autoconfiguration session information" />
        <stc:property category="input" collectionType="vector" databaseType="DEFAULT" default="true" displayName="Save Session Info To File" format="number" id="0x8200A005" idlMapped="true" ilMapped="true" isComposite="false" isDataStream="false" isDeprecated="false" isInternal="false" isReadOnly="false" maxOccurs="1" minOccurs="1" name="SaveToFile" noSave="false" nullable="false" onModifyNotifyMode="none" precision="" replaces="" type="bool" />
        <stc:property category="input" collectionType="vector" databaseType="DEFAULT" default="false" displayName="Append Timestamp to Filename" format="number" id="0x8200A006" idlMapped="true" ilMapped="true" isComposite="false" isDataStream="false" isDeprecated="false" isInternal="false" isReadOnly="false" maxOccurs="1" minOccurs="1" name="TimestampFilename" noSave="false" nullable="false" onModifyNotifyMode="none" precision="" replaces="" type="bool" />
        <stc:property category="input" collectionType="vector" databaseType="DEFAULT" default="sessions.csv" displayName="Session Save File Name" format="number" id="0x8200A007" idlMapped="true" ilMapped="true" isComposite="false" isDataStream="false" isDeprecated="false" isInternal="false" isReadOnly="false" maxOccurs="1" minOccurs="1" name="FileName" noSave="false" nullable="false" onModifyNotifyMode="none" precision="" replaces="" type="outputFilePath" />
    </stc:class>

    
    <stc:class baseClass="SaaCommand" canCreate="true" displayName="Show Session Info" id="0x8200B000" idlMapped="na" ilMapped="na" isInternal="false" isReadOnly="false" isSingleton="false" name="SaaShowSessionInfoCommand" noSave="false" profile="saa">
        <stc:attribute id="0x8200B001" internalIsEnum="false" internalType="bool" name="none" type="core.Sequenceable" value="false" />
        <stc:attribute id="0x8200B002" internalIsEnum="false" internalType="bool" name="none" type="core.RequireApplyToIL" value="true" />
        <stc:attribute id="0x8200B003" internalIsEnum="false" internalType="string" name="none" type="framework.CommandCategory" value="Access//IPv6 Autoconfiguration" />
        <stc:attribute id="0x8200B004" internalIsEnum="false" internalType="string" name="none" type="framework.CommandDescription" value="Show the IPv6 Autoconfiguration session information" />
    </stc:class>

    
    <stc:class baseClass="core.WaitOnScriptablesCommand" canCreate="false" id="0x8200C000" idlMapped="na" ilMapped="na" isInternal="false" isReadOnly="false" isSingleton="false" name="SaaWaitableCommand" noSave="false" profile="saa" />
    <stc:class baseClass="SaaWaitableCommand" canCreate="true" displayName="Wait for Sessions to Bind" id="0x8200D000" idlMapped="na" ilMapped="na" isInternal="false" isReadOnly="false" isSingleton="false" name="SaaBindWaitCommand" noSave="false" profile="saa">
        <stc:attribute id="0x8200D001" internalIsEnum="false" internalType="bool" name="none" type="core.Sequenceable" value="true" />
        <stc:attribute id="0x8200D002" internalIsEnum="false" internalType="string" name="none" type="framework.CommandCategory" value="Access//IPv6 Autoconfiguration" />
        <stc:attribute id="0x8200D003" internalIsEnum="false" internalType="string" name="none" type="framework.CommandDescription" value="Wait for IPv6 Autoconfiguration sessions to bind" />
    </stc:class>

    
    <stc:commandTarget command="SaaStartCommand" default="1" target="SaaDeviceConfig" />
    <stc:commandTarget command="SaaStopCommand" default="0" target="SaaDeviceConfig" />
    <stc:commandTarget command="SaaSessionInfoCommand" default="1" target="SaaDeviceConfig" />
    <stc:commandTarget command="SaaBindWaitCommand" default="1" target="SaaDeviceConfig" />

</stc:meta>