<stc:meta xmlns:stc="urn:www.spirentcom.com:XMLSchema.xsd" id="0x11000000" package="routing" plugin="stp" version="0.0.0-0">

  
  <stc:relationType allowDuplicate="false" dstName="MemberPorts" id="0x11000001" name="MemberOf" saveAtSource="true" srcName="MemberRegion" />

    
    <stc:idlDef idlDepends="" idlImplements="../../rtgcore/idl/rtgcore_Autogen.idl" idlIncludes="../../../../framework/idl/result_Autogen.idl" idlName="stp" idlVersion="1" isInterface="true" />

  
  
  <stc:class baseClass="routing.rtgcore.ChildObjectConfig" canCreate="true" id="0x11001000" idlMapped="stp" ilMapped="root" isInternal="false" isReadOnly="false" isSingleton="false" name="MstpRegionConfig" noSave="false" profile="stp">

    
    <stc:relation allowDuplicate="false" dstClassRef="MstpRegionConfig" dstName="none" embedDstInIlClass="false" embedSrcInIlClass="false" id="0x11001001" isInternal="false" maxOccurs="unbounded" minOccurs="0" name="ParentProject" order="sequenced" srcClassRef="framework.Project" srcName="none" type="framework.ParentChild" />

    
    <stc:property category="config" collectionType="vector" databaseType="DEFAULT" default="1" displayName="Version Number" format="number" id="0x11001002" idlMapped="true" ilMapped="true" isComposite="false" isDataStream="false" isDeprecated="false" isInternal="false" isReadOnly="false" maxOccurs="1" minOccurs="1" name="VersionNum" noSave="false" nullable="false" onModifyNotifyMode="periodic" precision="" replaces="" type="u16">
      <stc:numericValidation errorMsg="Please enter a valid number" maxInclusive="65535" minInclusive="0" />
    </stc:property>

    <stc:property category="config" collectionType="vector" databaseType="DEFAULT" default="Region1" displayName="Region Name" format="number" id="0x11001003" idlMapped="false" ilMapped="false" isComposite="false" isDataStream="false" isDeprecated="false" isInternal="false" isReadOnly="false" maxOccurs="1" minOccurs="1" name="RegionName" noSave="false" nullable="false" onModifyNotifyMode="periodic" precision="" replaces="" type="string">
      <stc:stringValidation errorMsg="Please enter a valid string" excludePattern="" maxLength="32" minLength="1" />
    </stc:property>

    <stc:property category="config" collectionType="vector" databaseType="DEFAULT" default="0" displayName="Instance Count" format="number" id="0x11001004" idlMapped="false" ilMapped="false" isComposite="false" isDataStream="false" isDeprecated="false" isInternal="false" isReadOnly="false" maxOccurs="1" minOccurs="1" name="MstInstanceCount" noSave="false" nullable="false" onModifyNotifyMode="periodic" precision="" replaces="" type="u16">
      <stc:numericValidation errorMsg="Please enter a valid number" maxInclusive="64" minInclusive="0" />
    </stc:property>

    <stc:property category="config" collectionType="vector" databaseType="DEFAULT" default="0" displayName="Instance Vlan List" format="number" id="0x11001005" idlMapped="false" ilMapped="false" isComposite="false" isDataStream="false" isDeprecated="false" isInternal="false" isReadOnly="false" maxOccurs="unbounded" minOccurs="0" name="InstanceVlanList" noSave="false" nullable="false" onModifyNotifyMode="periodic" precision="" replaces="" type="string">
    </stc:property>

    <stc:property category="config" collectionType="vector" databaseType="DEFAULT" default="0" displayName="Instance Number List" format="number" id="0x11001006" idlMapped="false" ilMapped="false" isComposite="false" isDataStream="false" isDeprecated="false" isInternal="false" isReadOnly="false" maxOccurs="unbounded" minOccurs="0" name="InstanceNumList" noSave="false" nullable="false" onModifyNotifyMode="periodic" precision="" replaces="" type="u16">
    </stc:property>

    <stc:property category="config" collectionType="vector" databaseType="DEFAULT" default="0" displayName="MSTI Handle List" format="number" id="0x11001007" idlMapped="false" ilMapped="false" isComposite="false" isDataStream="false" isDeprecated="false" isInternal="true" isReadOnly="false" maxOccurs="unbounded" minOccurs="0" name="MstiHandleList" noSave="false" nullable="false" onModifyNotifyMode="periodic" precision="" replaces="" type="u32">
    </stc:property>

    <stc:ilProperty collectionType="vector" maxOccurs="32" minOccurs="0" name="RegionName" type="u8" />
  </stc:class>

  
  <stc:class baseClass="framework.Scriptable" canCreate="true" id="0x11002000" idlMapped="stp" ilMapped="root" isInternal="false" isReadOnly="false" isSingleton="false" name="StpPortConfig" noSave="false" profile="stp">

    
    <stc:relation allowDuplicate="false" dstClassRef="StpPortConfig" dstName="none" embedDstInIlClass="false" embedSrcInIlClass="false" id="0x11002001" isInternal="false" maxOccurs="1" minOccurs="1" name="ParentPort" order="sequenced" srcClassRef="core.Port" srcName="none" type="framework.ParentChild" />

    <stc:relation allowDuplicate="false" dstClassRef="StpPortConfig" dstName="none" embedDstInIlClass="false" embedSrcInIlClass="false" id="0x11002002" isInternal="false" maxOccurs="unbounded" minOccurs="0" name="MemberOf" order="sequenced" srcClassRef="MstpRegionConfig" srcName="none" type="MemberOf" />
      
    
    <stc:enumeration idlMapped="true" ilMapped="true" isFlags="false" name="EnumStpType">
      <stc:enum displayName="STP" idlMapped="true" ilMapped="true" name="STP" value="0" />
      <stc:enum displayName="RSTP" idlMapped="true" ilMapped="true" name="RSTP" value="1" />
      <stc:enum displayName="PVST" idlMapped="true" ilMapped="true" name="PVST" value="3" />
      <stc:enum displayName="RPVST" idlMapped="true" ilMapped="true" name="RPVST" value="4" />
      <stc:enum displayName="MSTP" idlMapped="true" ilMapped="true" name="MSTP" value="2" />
    </stc:enumeration>

    <stc:enumeration idlMapped="true" ilMapped="true" isFlags="false" name="EnumPortType">
      <stc:enum displayName="Access" idlMapped="true" ilMapped="true" name="ACCESS" value="0" />
      <stc:enum displayName="Trunk" idlMapped="true" ilMapped="true" name="TRUNK" value="1" />
    </stc:enumeration>

    
    <stc:property category="config" collectionType="vector" databaseType="DEFAULT" default="STP" displayName="Type" format="number" id="0x11002003" idlMapped="true" ilMapped="true" isComposite="false" isDataStream="false" isDeprecated="false" isInternal="false" isReadOnly="false" maxOccurs="1" minOccurs="1" name="StpType" noSave="false" nullable="false" onModifyNotifyMode="periodic" precision="" replaces="" type="u8">
      <stc:enumerationRef ref="EnumStpType" />
    </stc:property>

    <stc:property category="config" collectionType="vector" databaseType="DEFAULT" default="TRUNK" displayName="Port Type" format="number" id="0x11002004" idlMapped="true" ilMapped="true" isComposite="false" isDataStream="false" isDeprecated="false" isInternal="false" isReadOnly="false" maxOccurs="1" minOccurs="1" name="PortType" noSave="false" nullable="false" onModifyNotifyMode="periodic" precision="" replaces="" type="u8">
      <stc:enumerationRef ref="EnumPortType" />
      <stc:condition operator="inSet" property="StpType" type="applicable" value="EnumStpType.Pvst, EnumStpType.Rpvst" />
          </stc:property>

    <stc:property category="config" collectionType="vector" databaseType="DEFAULT" default="8100" displayName="Ether Type" format="number" id="0x11002005" idlMapped="false" ilMapped="false" isComposite="false" isDataStream="false" isDeprecated="false" isInternal="false" isReadOnly="false" maxOccurs="1" minOccurs="1" name="EthernetType" noSave="false" nullable="false" onModifyNotifyMode="periodic" precision="" replaces="" type="string">
      <stc:condition operator="inSet" property="StpType" type="applicable" value="EnumStpType.Pvst, EnumStpType.Rpvst" />
      <stc:condition operator="equal" property="PortType" type="applicable" value="EnumPortType.Trunk" />
      <stc:regExpValidation errorMsg="Ethernet type must be between 0x6100 and 0xFFFF" pattern="^[a-fA-F0-9]{4}" />
    </stc:property>

    <stc:property category="config" collectionType="vector" databaseType="DEFAULT" default="1" displayName="Native Vlan" format="number" id="0x11002006" idlMapped="true" ilMapped="true" isComposite="false" isDataStream="false" isDeprecated="false" isInternal="false" isReadOnly="false" maxOccurs="1" minOccurs="1" name="NativeVlan" noSave="false" nullable="false" onModifyNotifyMode="periodic" precision="" replaces="" type="u16">
      <stc:condition operator="inSet" property="StpType" type="applicable" value="EnumStpType.Pvst, EnumStpType.Rpvst, EnumStpType.Mstp" />
      <stc:condition operator="equal" property="PortType" type="applicable" value="EnumPortType.Trunk" />
      <stc:numericValidation errorMsg="Please enter a valid number" maxInclusive="4094" minInclusive="1" />
    </stc:property>

    <stc:property category="config" collectionType="vector" databaseType="DEFAULT" default="false" displayName="Point-To-Point" format="number" id="0x11002007" idlMapped="true" ilMapped="true" isComposite="false" isDataStream="false" isDeprecated="false" isInternal="false" isReadOnly="false" maxOccurs="1" minOccurs="1" name="EnablePt2PtLink" noSave="false" nullable="false" onModifyNotifyMode="periodic" precision="" replaces="" type="bool">
      <stc:condition operator="equal" property="StpType" type="applicable" value="EnumStpType.Rstp" />
    </stc:property>

    <stc:property category="config" collectionType="vector" databaseType="DEFAULT" default="false" displayName="MAC Address Reduction" format="number" id="0x11002008" idlMapped="true" ilMapped="true" isComposite="false" isDataStream="false" isDeprecated="false" isInternal="false" isReadOnly="false" maxOccurs="1" minOccurs="1" name="EnableMacAddrReduction" noSave="false" nullable="false" onModifyNotifyMode="periodic" precision="" replaces="" type="bool">
      <stc:condition operator="inSet" property="StpType" type="applicable" value="EnumStpType.Pvst, EnumStpType.Rpvst" />
    </stc:property>

      <stc:ilProperty collectionType="vector" maxOccurs="1" minOccurs="1" name="EthernetType" type="u16" />
  </stc:class>

  
  <stc:class baseClass="routing.rtgcore.RouterConfig" canCreate="true" displayName="STP" id="0x11003000" idlMapped="stp" ilMapped="default" isInternal="false" isReadOnly="false" isSingleton="false" name="BridgePortConfig" noSave="false" profile="stp">

    <stc:attribute id="0x11003001" internalIsEnum="false" internalType="string" name="none" type="framework.EventMessageAllTypes" value="AllEvents" />     

    <stc:relation allowDuplicate="false" dstClassRef="BridgePortConfig" dstName="none" embedDstInIlClass="false" embedSrcInIlClass="false" id="0x11003002" isInternal="false" maxOccurs="unbounded" minOccurs="0" name="ParentRouter" order="sequenced" srcClassRef="core.EmulatedDevice" srcName="none" type="framework.ParentChild" />

    <stc:relation allowDuplicate="false" dstClassRef="ProtocolBridgePortConfig" dstName="none" embedDstInIlClass="false" embedSrcInIlClass="false" id="0x11003003" isInternal="false" maxOccurs="1" minOccurs="0" name="ParentBridgePortConfig" order="sequenced" srcClassRef="BridgePortConfig" srcName="none" type="framework.ParentChild" />

    <stc:enumeration idlMapped="true" ilMapped="true" isFlags="false" name="EnumRootBridge">
      <stc:enum displayName="Self" idlMapped="true" ilMapped="true" name="SELF" value="0" />
      <stc:enum displayName="Custom" idlMapped="true" ilMapped="true" name="CUSTOM" value="1" />
    </stc:enumeration>

    <stc:enumeration idlMapped="true" ilMapped="true" isFlags="false" name="EnumEventLogLevel">
      <stc:enum displayName="Convergence Events" idlMapped="true" ilMapped="true" name="EVENT_LOG_LEVEL_CONVERGENCE_EVENTS" value="1" />
      <stc:enum displayName="Debug" idlMapped="true" ilMapped="true" name="EVENT_LOG_LEVEL_DEBUG" value="2" />
    </stc:enumeration>
    
    
    <stc:property category="config" collectionType="vector" databaseType="DEFAULT" default="32768" displayName="Bridge Priority" format="number" id="0x11003004" idlMapped="true" ilMapped="true" isComposite="false" isDataStream="false" isDeprecated="false" isInternal="false" isReadOnly="false" maxOccurs="1" minOccurs="1" name="BridgePriority" noSave="false" nullable="false" onModifyNotifyMode="periodic" precision="" replaces="" type="u16">
      <stc:numericValidation errorMsg="Please enter a valid number" maxInclusive="65535" minInclusive="0" />
    </stc:property>

    <stc:property category="config" collectionType="vector" databaseType="DEFAULT" default="128" displayName="Port Priority" format="number" id="0x11003005" idlMapped="true" ilMapped="true" isComposite="false" isDataStream="false" isDeprecated="false" isInternal="false" isReadOnly="false" maxOccurs="1" minOccurs="1" name="PortPriority" noSave="false" nullable="false" onModifyNotifyMode="periodic" precision="" replaces="" type="u16">
      <stc:numericValidation errorMsg="Please enter a valid number" maxInclusive="255" minInclusive="0" />
    </stc:property>

    <stc:property category="config" collectionType="vector" databaseType="DEFAULT" default="1" displayName="Port Number" format="number" id="0x11003006" idlMapped="true" ilMapped="true" isComposite="false" isDataStream="false" isDeprecated="false" isInternal="false" isReadOnly="false" maxOccurs="1" minOccurs="1" name="PortNum" noSave="false" nullable="false" onModifyNotifyMode="periodic" precision="" replaces="" type="u16">
      <stc:numericValidation errorMsg="Please enter a valid number" maxInclusive="255" minInclusive="1" />
    </stc:property>

    
    <stc:property category="internal" collectionType="vector" databaseType="DEFAULT" default="100" displayName="Port Cost" format="number" id="0x11003007" idlMapped="true" ilMapped="true" isComposite="false" isDataStream="false" isDeprecated="false" isInternal="true" isReadOnly="false" maxOccurs="1" minOccurs="1" name="PortCost" noSave="false" nullable="false" onModifyNotifyMode="periodic" precision="" replaces="" type="u32">
      <stc:numericValidation errorMsg="Please enter a valid number" maxInclusive="65535" minInclusive="0" />
    </stc:property>
  
    <stc:property category="config" collectionType="vector" databaseType="DEFAULT" default="32768" displayName="Root Priority" format="number" id="0x11003008" idlMapped="true" ilMapped="true" isComposite="false" isDataStream="false" isDeprecated="false" isInternal="false" isReadOnly="false" maxOccurs="1" minOccurs="1" name="RootPriority" noSave="false" nullable="false" onModifyNotifyMode="periodic" precision="" replaces="" type="u16">
      <stc:condition operator="notEqual" property="RootBridge" type="editable" value="EnumRootBridge.Self" />
      <stc:numericValidation errorMsg="Please enter a valid number" maxInclusive="65535" minInclusive="0" />
    </stc:property>

    <stc:property category="config" collectionType="vector" databaseType="DEFAULT" default="0" displayName="Root Path Cost" format="number" id="0x11003009" idlMapped="true" ilMapped="true" isComposite="false" isDataStream="false" isDeprecated="false" isInternal="false" isReadOnly="false" maxOccurs="1" minOccurs="1" name="RootPortCost" noSave="false" nullable="false" onModifyNotifyMode="periodic" precision="" replaces="" type="u32">
      <stc:condition operator="notEqual" property="RootBridge" type="editable" value="EnumRootBridge.Self" />
      <stc:numericValidation errorMsg="Please enter a valid number" maxInclusive="200000000" minInclusive="0" />
    </stc:property>

    <stc:property category="config" collectionType="vector" databaseType="DEFAULT" default="20" displayName="Max Age Time (sec)" format="number" id="0x1100300A" idlMapped="true" ilMapped="true" isComposite="false" isDataStream="false" isDeprecated="false" isInternal="false" isReadOnly="false" maxOccurs="1" minOccurs="1" name="MaxAgeTime" noSave="false" nullable="false" onModifyNotifyMode="periodic" precision="" replaces="" type="u8">
      <stc:numericValidation errorMsg="Please enter a valid number" maxInclusive="40" minInclusive="6" />
    </stc:property>

    <stc:property category="config" collectionType="vector" databaseType="DEFAULT" default="2" displayName="Hello Time (sec)" format="number" id="0x1100300B" idlMapped="true" ilMapped="true" isComposite="false" isDataStream="false" isDeprecated="false" isInternal="false" isReadOnly="false" maxOccurs="1" minOccurs="1" name="HelloTime" noSave="false" nullable="false" onModifyNotifyMode="periodic" precision="" replaces="" type="u8">
      <stc:numericValidation errorMsg="Please enter a valid number" maxInclusive="10" minInclusive="1" />
    </stc:property>

    <stc:property category="config" collectionType="vector" databaseType="DEFAULT" default="15" displayName="Forward Delay (sec)" format="number" id="0x1100300C" idlMapped="true" ilMapped="true" isComposite="false" isDataStream="false" isDeprecated="false" isInternal="false" isReadOnly="false" maxOccurs="1" minOccurs="1" name="ForwardDelay" noSave="false" nullable="false" onModifyNotifyMode="periodic" precision="" replaces="" type="u8">
      <stc:numericValidation errorMsg="Please enter a valid number" maxInclusive="30" minInclusive="4" />
    </stc:property>

    <stc:property category="config" collectionType="vector" databaseType="DEFAULT" default="1" displayName="Message Age (sec)" format="number" id="0x1100300D" idlMapped="true" ilMapped="true" isComposite="false" isDataStream="false" isDeprecated="false" isInternal="false" isReadOnly="false" maxOccurs="1" minOccurs="1" name="MsgAgeTime" noSave="false" nullable="false" onModifyNotifyMode="periodic" precision="" replaces="" type="u8">
      <stc:condition operator="notEqual" property="RootBridge" type="applicable" value="EnumRootBridge.Self" />
      <stc:numericValidation errorMsg="Please enter a valid number" maxInclusive="39" minInclusive="1" />
    </stc:property>

    <stc:property category="config" collectionType="vector" databaseType="DEFAULT" default="3" displayName="Hold Count" format="number" id="0x1100300E" idlMapped="true" ilMapped="true" isComposite="false" isDataStream="false" isDeprecated="false" isInternal="false" isReadOnly="false" maxOccurs="1" minOccurs="1" name="HoldCount" noSave="false" nullable="false" onModifyNotifyMode="periodic" precision="" replaces="" type="u8">
      <stc:numericValidation errorMsg="Please enter a valid number" maxInclusive="30" minInclusive="1" />
    </stc:property>

    <stc:property category="config" collectionType="vector" databaseType="DEFAULT" default="0" displayName="Root Bridge" format="number" id="0x1100300F" idlMapped="true" ilMapped="true" isComposite="false" isDataStream="false" isDeprecated="false" isInternal="false" isReadOnly="false" maxOccurs="1" minOccurs="1" name="RootBridge" noSave="false" nullable="false" onModifyNotifyMode="periodic" precision="" replaces="" type="u8">
      <stc:enumerationRef ref="EnumRootBridge" />
    </stc:property>

    <stc:property category="config" collectionType="vector" databaseType="DEFAULT" default="00:00:10:00:10:00" displayName="Root MAC Address" format="number" id="0x11003010" idlMapped="true" ilMapped="true" isComposite="false" isDataStream="false" isDeprecated="false" isInternal="false" isReadOnly="false" maxOccurs="1" minOccurs="1" name="RootMacAddr" noSave="false" nullable="false" onModifyNotifyMode="periodic" precision="" replaces="" type="mac">
      <stc:condition operator="notEqual" property="RootBridge" type="editable" value="EnumRootBridge.Self" />
    </stc:property>

    <stc:property category="config" collectionType="vector" databaseType="DEFAULT" default="00:00:10:00:10:00" displayName="Bridge MAC Address" format="number" id="0x11003011" idlMapped="true" ilMapped="true" isComposite="false" isDataStream="false" isDeprecated="false" isInternal="false" isReadOnly="false" maxOccurs="1" minOccurs="1" name="BridgeMacAddr" noSave="false" nullable="false" onModifyNotifyMode="periodic" precision="" replaces="" type="mac">
    </stc:property>

    
    
    <stc:property category="config" collectionType="vector" databaseType="DEFAULT" default="false" displayName="Enable Event Logging" format="number" id="0x11003012" idlMapped="true" ilMapped="true" isComposite="false" isDataStream="false" isDeprecated="false" isInternal="true" isReadOnly="false" maxOccurs="1" minOccurs="1" name="EnableEventLogging" noSave="false" nullable="false" onModifyNotifyMode="periodic" precision="" replaces="" type="bool" />

    <stc:property category="config" collectionType="vector" databaseType="DEFAULT" default="false" displayName="Enable Event Log" format="number" id="0x11003013" idlMapped="true" ilMapped="true" isComposite="false" isDataStream="false" isDeprecated="false" isInternal="true" isReadOnly="false" maxOccurs="1" minOccurs="1" name="EnableEventLog" noSave="false" nullable="false" onModifyNotifyMode="periodic" precision="" replaces="" type="bool">
    </stc:property>

    <stc:property category="config" collectionType="vector" databaseType="DEFAULT" default="EVENT_LOG_LEVEL_DEBUG" displayName="Event Log Level" format="number" id="0x11003014" idlMapped="true" ilMapped="true" isComposite="false" isDataStream="false" isDeprecated="false" isInternal="false" isReadOnly="false" maxOccurs="1" minOccurs="1" name="EventLogLevel" noSave="false" nullable="false" onModifyNotifyMode="periodic" precision="" replaces="" type="u8">
      <stc:enumerationRef ref="EnumEventLogLevel" />
    </stc:property>

    
    <stc:property category="state" collectionType="vector" databaseType="DEFAULT" default="NA" displayName="Elected Root" format="number" id="0x11003015" idlMapped="true" ilMapped="true" isComposite="false" isDataStream="false" isDeprecated="false" isInternal="false" isReadOnly="true" maxOccurs="1" minOccurs="1" name="ElectedRoot" noSave="true" nullable="false" onModifyNotifyMode="queued" precision="" replaces="" type="string" />

    <stc:ilProperty collectionType="vector" maxOccurs="1" minOccurs="1" name="EthIf" type="mac" />

  </stc:class>

<stc:class baseClass="routing.rtgcore.ChildObjectConfig" canCreate="false" id="0x11004000" idlMapped="stp" ilMapped="default" isInternal="false" isReadOnly="false" isSingleton="false" name="ProtocolBridgePortConfig" noSave="false" profile="stp">
  </stc:class>

  
  <stc:class baseClass="ProtocolBridgePortConfig" canCreate="true" id="0x11005000" idlMapped="stp" ilMapped="default" isInternal="false" isReadOnly="false" isSingleton="false" name="StpBridgePortConfig" noSave="false" profile="stp">

    <stc:relation allowDuplicate="false" dstClassRef="core.VlanBlock" dstName="none" embedDstInIlClass="false" embedSrcInIlClass="false" id="0x11005001" isInternal="false" maxOccurs="1" minOccurs="1" name="ChildVlanBlock" order="sequenced" srcClassRef="StpBridgePortConfig" srcName="none" type="framework.ParentChild" />

  </stc:class>

  
  <stc:class baseClass="ProtocolBridgePortConfig" canCreate="true" id="0x11006000" idlMapped="stp" ilMapped="default" isInternal="false" isReadOnly="false" isSingleton="false" name="MstpBridgePortConfig" noSave="false" profile="stp">

    <stc:enumeration idlMapped="true" ilMapped="true" isFlags="false" name="EnumMstpRootBridge">
      <stc:enum displayName="Self" idlMapped="true" ilMapped="true" name="SELF" value="0" />
      <stc:enum displayName="Custom" idlMapped="true" ilMapped="true" name="CUSTOM" value="1" />
    </stc:enumeration>

    <stc:property category="result" collectionType="vector" databaseType="DEFAULT" default="0" displayName="Instance" format="number" id="0x11006001" idlMapped="true" ilMapped="true" isComposite="false" isDataStream="false" isDeprecated="false" isInternal="false" isReadOnly="true" maxOccurs="1" minOccurs="1" name="InstanceNum" noSave="true" nullable="false" onModifyNotifyMode="periodic" precision="" replaces="" type="u16">
    </stc:property>

    
    <stc:property category="config" collectionType="vector" databaseType="DEFAULT" default="16" displayName="Remaining Hops" format="number" id="0x11006002" idlMapped="true" ilMapped="true" isComposite="false" isDataStream="false" isDeprecated="false" isInternal="false" isReadOnly="false" maxOccurs="1" minOccurs="1" name="RemainingHops" noSave="false" nullable="false" onModifyNotifyMode="periodic" precision="" replaces="" type="u8">
      <stc:numericValidation errorMsg="Please enter a valid number" maxInclusive="255" minInclusive="1" />
    </stc:property>

    <stc:property category="config" collectionType="vector" databaseType="DEFAULT" default="32768" displayName="Region Root Priority" format="number" id="0x11006003" idlMapped="true" ilMapped="true" isComposite="false" isDataStream="false" isDeprecated="false" isInternal="false" isReadOnly="false" maxOccurs="1" minOccurs="1" name="CistRegionalRootPriority" noSave="false" nullable="false" onModifyNotifyMode="periodic" precision="" replaces="" type="u16">
      <stc:condition operator="notEqual" property="RegionRootBridge" type="editable" value="EnumMstpRootBridge.Self" />
      <stc:numericValidation errorMsg="Please enter a valid number" maxInclusive="65535" minInclusive="0" />
    </stc:property>

    <stc:property category="config" collectionType="vector" databaseType="DEFAULT" default="0" displayName="Region Root Path Cost" format="number" id="0x11006004" idlMapped="true" ilMapped="true" isComposite="false" isDataStream="false" isDeprecated="false" isInternal="false" isReadOnly="false" maxOccurs="1" minOccurs="1" name="CistInternalRootPathCost" noSave="false" nullable="false" onModifyNotifyMode="periodic" precision="" replaces="" type="u32">
      <stc:condition operator="notEqual" property="RegionRootBridge" type="editable" value="EnumMstpRootBridge.Self" />
      <stc:numericValidation errorMsg="Please enter a valid number" maxInclusive="200000000" minInclusive="0" />
    </stc:property>

    <stc:property category="config" collectionType="vector" databaseType="DEFAULT" default="0" displayName="Region Root Bridge" format="number" id="0x11006005" idlMapped="true" ilMapped="true" isComposite="false" isDataStream="false" isDeprecated="false" isInternal="false" isReadOnly="false" maxOccurs="1" minOccurs="1" name="RegionRootBridge" noSave="false" nullable="false" onModifyNotifyMode="periodic" precision="" replaces="" type="u8">
      <stc:enumerationRef ref="EnumMstpRootBridge" />
    </stc:property>
    
    <stc:property category="config" collectionType="vector" databaseType="DEFAULT" default="00-00-10-00-10-00" displayName="Region MAC Address" format="number" id="0x11006006" idlMapped="true" ilMapped="true" isComposite="false" isDataStream="false" isDeprecated="false" isInternal="false" isReadOnly="false" maxOccurs="1" minOccurs="1" name="CistRegionalRootMacAddr" noSave="false" nullable="false" onModifyNotifyMode="periodic" precision="" replaces="" type="mac">
      <stc:condition operator="notEqual" property="RegionRootBridge" type="editable" value="EnumMstpRootBridge.Self" />
    </stc:property>

    
    <stc:property category="state" collectionType="vector" databaseType="DEFAULT" default="NA" displayName="Region Elected Root" format="number" id="0x11006007" idlMapped="true" ilMapped="true" isComposite="false" isDataStream="false" isDeprecated="false" isInternal="false" isReadOnly="true" maxOccurs="1" minOccurs="1" name="RegionElectedRoot" noSave="true" nullable="false" onModifyNotifyMode="queued" precision="" replaces="" type="string" />

  </stc:class>

  <stc:class baseClass="MstpBridgePortConfig" canCreate="true" displayName="MSTI Config" id="0x11007000" idlMapped="stp" ilMapped="default" isInternal="false" isReadOnly="false" isSingleton="false" name="MstiConfig" noSave="false" profile="stp">

    <stc:relation allowDuplicate="false" dstClassRef="MstiConfig" dstName="none" embedDstInIlClass="false" embedSrcInIlClass="false" id="0x11007001" isInternal="false" maxOccurs="64" minOccurs="0" name="ParentMstpBridgePortConfig" order="sequenced" srcClassRef="MstpBridgePortConfig" srcName="none" type="framework.ParentChild" />

    <stc:relation allowDuplicate="false" dstClassRef="core.VlanBlock" dstName="none" embedDstInIlClass="false" embedSrcInIlClass="false" id="0x11007002" isInternal="false" maxOccurs="1" minOccurs="1" name="ParentMstiConfig" order="sequenced" srcClassRef="MstiConfig" srcName="none" type="framework.ParentChild" />

    <stc:property category="config" collectionType="vector" databaseType="DEFAULT" default="32768" displayName="Bridge Priority" format="number" id="0x11007003" idlMapped="true" ilMapped="true" isComposite="false" isDataStream="false" isDeprecated="false" isInternal="false" isReadOnly="false" maxOccurs="1" minOccurs="1" name="BridgePriority" noSave="false" nullable="false" onModifyNotifyMode="periodic" precision="" replaces="" type="u16">
      <stc:numericValidation errorMsg="Please enter a valid number" maxInclusive="65535" minInclusive="0" />
    </stc:property>

    <stc:property category="config" collectionType="vector" databaseType="DEFAULT" default="128" displayName="Port Priority" format="number" id="0x11007004" idlMapped="true" ilMapped="true" isComposite="false" isDataStream="false" isDeprecated="false" isInternal="false" isReadOnly="false" maxOccurs="1" minOccurs="1" name="PortPriority" noSave="false" nullable="false" onModifyNotifyMode="periodic" precision="" replaces="" type="u16">
      <stc:numericValidation errorMsg="Please enter a valid number" maxInclusive="255" minInclusive="0" />
    </stc:property>

  </stc:class>

  
  
  
  <stc:class baseClass="core.DeviceGenProtocolParams" canCreate="true" id="0x11008000" idlMapped="na" ilMapped="na" isInternal="false" isReadOnly="false" isSingleton="false" name="StpDeviceGenProtocolParams" noSave="false" profile="stp">
    <stc:relation allowDuplicate="false" dstClassRef="StpDeviceGenProtocolParams" dstName="none" embedDstInIlClass="false" embedSrcInIlClass="false" id="0x11008001" isInternal="false" maxOccurs="unbounded" minOccurs="0" name="ParentRouterGenParams" order="sequenced" srcClassRef="core.DeviceGenParams" srcName="none" type="framework.ParentChild" />

    
    
    <stc:enumeration idlMapped="true" ilMapped="true" isFlags="false" name="EnumStpType">
      <stc:enum displayName="STP" idlMapped="true" ilMapped="true" name="STP" value="0" />
      <stc:enum displayName="RSTP" idlMapped="true" ilMapped="true" name="RSTP" value="1" />
      <stc:enum displayName="PVST" idlMapped="true" ilMapped="true" name="PVST" value="3" />
      <stc:enum displayName="RPVST" idlMapped="true" ilMapped="true" name="RPVST" value="4" />
      <stc:enum displayName="MSTP" idlMapped="true" ilMapped="true" name="MSTP" value="2" />
    </stc:enumeration>

    <stc:enumeration idlMapped="true" ilMapped="true" isFlags="false" name="EnumRootBridge">
      <stc:enum displayName="Self" idlMapped="true" ilMapped="true" name="SELF" value="0" />
      <stc:enum displayName="Custom" idlMapped="true" ilMapped="true" name="CUSTOM" value="1" />
    </stc:enumeration>

    <stc:property category="config" collectionType="vector" databaseType="DEFAULT" default="STP" displayName="Type" format="number" id="0x11008002" idlMapped="true" ilMapped="true" isComposite="false" isDataStream="false" isDeprecated="false" isInternal="false" isReadOnly="false" maxOccurs="1" minOccurs="1" name="StpType" noSave="false" nullable="false" onModifyNotifyMode="periodic" precision="" replaces="" type="u8">
      <stc:enumerationRef ref="EnumStpType" />
    </stc:property>

    
    
    <stc:property category="config" collectionType="vector" databaseType="DEFAULT" default="32768" displayName="Bridge Priority" format="number" id="0x11008003" idlMapped="true" ilMapped="true" isComposite="false" isDataStream="false" isDeprecated="false" isInternal="false" isReadOnly="false" maxOccurs="1" minOccurs="1" name="BridgePriority" noSave="false" nullable="false" onModifyNotifyMode="periodic" precision="" replaces="" type="u16">
      <stc:numericValidation errorMsg="Please enter a valid number" maxInclusive="65535" minInclusive="0" />
    </stc:property>

    <stc:property category="config" collectionType="vector" databaseType="DEFAULT" default="128" displayName="Port Priority" format="number" id="0x11008004" idlMapped="true" ilMapped="true" isComposite="false" isDataStream="false" isDeprecated="false" isInternal="false" isReadOnly="false" maxOccurs="1" minOccurs="1" name="PortPriority" noSave="false" nullable="false" onModifyNotifyMode="periodic" precision="" replaces="" type="u16">
      <stc:numericValidation errorMsg="Please enter a valid number" maxInclusive="255" minInclusive="0" />
    </stc:property>

    <stc:property category="config" collectionType="vector" databaseType="DEFAULT" default="1" displayName="Port Number" format="number" id="0x11008005" idlMapped="true" ilMapped="true" isComposite="false" isDataStream="false" isDeprecated="false" isInternal="false" isReadOnly="false" maxOccurs="1" minOccurs="1" name="PortNum" noSave="false" nullable="false" onModifyNotifyMode="periodic" precision="" replaces="" type="u16">
      <stc:numericValidation errorMsg="Please enter a valid number" maxInclusive="255" minInclusive="1" />
    </stc:property>

    <stc:property category="config" collectionType="vector" databaseType="DEFAULT" default="0" displayName="Port Number Step" format="number" id="0x11008006" idlMapped="true" ilMapped="true" isComposite="false" isDataStream="false" isDeprecated="false" isInternal="false" isReadOnly="false" maxOccurs="1" minOccurs="1" name="PortNumStep" noSave="false" nullable="false" onModifyNotifyMode="periodic" precision="" replaces="" type="u16">
      <stc:numericValidation errorMsg="Please enter a valid number" maxInclusive="255" minInclusive="1" />
    </stc:property>

    <stc:property category="config" collectionType="vector" databaseType="DEFAULT" default="0" displayName="Port Number Recycle Count" format="number" id="0x11008007" idlMapped="true" ilMapped="true" isComposite="false" isDataStream="false" isDeprecated="false" isInternal="false" isReadOnly="false" maxOccurs="1" minOccurs="1" name="PortNumRecycleCount" noSave="false" nullable="false" onModifyNotifyMode="periodic" precision="" replaces="" type="u16">
    </stc:property>

    <stc:property category="config" collectionType="vector" databaseType="DEFAULT" default="32768" displayName="Root Priority" format="number" id="0x11008008" idlMapped="true" ilMapped="true" isComposite="false" isDataStream="false" isDeprecated="false" isInternal="false" isReadOnly="false" maxOccurs="1" minOccurs="1" name="RootPriority" noSave="false" nullable="false" onModifyNotifyMode="periodic" precision="" replaces="" type="u16">
      <stc:condition operator="notEqual" property="RootBridge" type="editable" value="EnumRootBridge.Self" />
      <stc:numericValidation errorMsg="Please enter a valid number" maxInclusive="65535" minInclusive="0" />
    </stc:property>

    <stc:property category="config" collectionType="vector" databaseType="DEFAULT" default="0" displayName="Root Path Cost" format="number" id="0x11008009" idlMapped="true" ilMapped="true" isComposite="false" isDataStream="false" isDeprecated="false" isInternal="false" isReadOnly="false" maxOccurs="1" minOccurs="1" name="RootPortCost" noSave="false" nullable="false" onModifyNotifyMode="periodic" precision="" replaces="" type="u32">

      <stc:condition operator="notEqual" property="RootBridge" type="editable" value="EnumRootBridge.Self" />
      <stc:numericValidation errorMsg="Please enter a valid number" maxInclusive="200000000" minInclusive="0" />
    </stc:property>

    <stc:property category="config" collectionType="vector" databaseType="DEFAULT" default="0" displayName="Root Path Cost Step" format="number" id="0x1100800A" idlMapped="true" ilMapped="true" isComposite="false" isDataStream="false" isDeprecated="false" isInternal="false" isReadOnly="false" maxOccurs="1" minOccurs="1" name="RootPortCostStep" noSave="false" nullable="false" onModifyNotifyMode="periodic" precision="" replaces="" type="u32">
      <stc:condition operator="notEqual" property="RootBridge" type="editable" value="EnumRootBridge.Self" />
      <stc:numericValidation errorMsg="Please enter a valid number" maxInclusive="200000000" minInclusive="0" />
    </stc:property>

    <stc:property category="config" collectionType="vector" databaseType="DEFAULT" default="0" displayName="Root Path Cost Recycle Count" format="number" id="0x1100800B" idlMapped="true" ilMapped="true" isComposite="false" isDataStream="false" isDeprecated="false" isInternal="false" isReadOnly="false" maxOccurs="1" minOccurs="1" name="RootPortCostRecycleCount" noSave="false" nullable="false" onModifyNotifyMode="periodic" precision="" replaces="" type="u32">
      <stc:condition operator="notEqual" property="RootBridge" type="editable" value="EnumRootBridge.Self" />
    </stc:property>

    <stc:property category="config" collectionType="vector" databaseType="DEFAULT" default="0" displayName="Root Bridge" format="number" id="0x1100800C" idlMapped="true" ilMapped="true" isComposite="false" isDataStream="false" isDeprecated="false" isInternal="false" isReadOnly="false" maxOccurs="1" minOccurs="1" name="RootBridge" noSave="false" nullable="false" onModifyNotifyMode="periodic" precision="" replaces="" type="u8">
      <stc:enumerationRef ref="EnumRootBridge" />
    </stc:property>

    <stc:property category="config" collectionType="vector" databaseType="DEFAULT" default="00:00:10:00:10:00" displayName="Root MAC Address" format="number" id="0x1100800D" idlMapped="true" ilMapped="true" isComposite="false" isDataStream="false" isDeprecated="false" isInternal="false" isReadOnly="false" maxOccurs="1" minOccurs="1" name="RootMacAddr" noSave="false" nullable="false" onModifyNotifyMode="periodic" precision="" replaces="" type="mac">
      <stc:condition operator="notEqual" property="RootBridge" type="editable" value="EnumRootBridge.Self" />
    </stc:property>

    <stc:property category="config" collectionType="vector" databaseType="DEFAULT" default="0" displayName="Root MAC Address Repeat Count" format="number" id="0x1100800E" idlMapped="true" ilMapped="true" isComposite="false" isDataStream="false" isDeprecated="false" isInternal="false" isReadOnly="false" maxOccurs="1" minOccurs="1" name="RootMacAddrRepeatCount" noSave="false" nullable="false" onModifyNotifyMode="periodic" precision="" replaces="" type="u16">
    </stc:property>

    <stc:property category="config" collectionType="vector" databaseType="DEFAULT" default="00:00:00:00:00:00" displayName="Root MAC Address" format="number" id="0x1100800F" idlMapped="true" ilMapped="true" isComposite="false" isDataStream="false" isDeprecated="false" isInternal="false" isReadOnly="false" maxOccurs="1" minOccurs="1" name="RootMacAddrStep" noSave="false" nullable="false" onModifyNotifyMode="periodic" precision="" replaces="" type="mac">
      <stc:condition operator="notEqual" property="RootBridge" type="editable" value="EnumRootBridge.Self" />
    </stc:property>

    <stc:property category="config" collectionType="vector" databaseType="DEFAULT" default="00:00:10:00:10:00" displayName="Bridge MAC Address" format="number" id="0x11008010" idlMapped="true" ilMapped="true" isComposite="false" isDataStream="false" isDeprecated="false" isInternal="false" isReadOnly="false" maxOccurs="1" minOccurs="1" name="BridgeMacAddr" noSave="false" nullable="false" onModifyNotifyMode="periodic" precision="" replaces="" type="mac">
    </stc:property>

    <stc:property category="config" collectionType="vector" databaseType="DEFAULT" default="00:00:00:00:00:00" displayName="Bridge MAC Address Step" format="number" id="0x11008011" idlMapped="true" ilMapped="true" isComposite="false" isDataStream="false" isDeprecated="false" isInternal="false" isReadOnly="false" maxOccurs="1" minOccurs="1" name="BridgeMacAddrStep" noSave="false" nullable="false" onModifyNotifyMode="periodic" precision="" replaces="" type="mac">
    </stc:property>

    <stc:property category="config" collectionType="vector" databaseType="DEFAULT" default="0" displayName="Bridge MAC Address Repeat Count" format="number" id="0x11008012" idlMapped="true" ilMapped="true" isComposite="false" isDataStream="false" isDeprecated="false" isInternal="false" isReadOnly="false" maxOccurs="1" minOccurs="1" name="BridgeMacAddrRepeatCount" noSave="false" nullable="false" onModifyNotifyMode="periodic" precision="" replaces="" type="u16">
    </stc:property>
    
    <stc:property category="config" collectionType="vector" databaseType="DEFAULT" default="100" displayName="Vlan ID" format="number" id="0x11008013" idlMapped="true" ilMapped="true" isComposite="false" isDataStream="false" isDeprecated="false" isInternal="false" isReadOnly="false" maxOccurs="1" minOccurs="1" name="VlanId" noSave="false" nullable="false" onModifyNotifyMode="periodic" precision="" replaces="" type="u16">
      <stc:numericValidation errorMsg="Please enter a valid number" maxInclusive="4095" minInclusive="0" />
    </stc:property>

    <stc:property category="config" collectionType="vector" databaseType="DEFAULT" default="1" displayName="VLAN Count" format="number" id="0x11008014" idlMapped="true" ilMapped="true" isComposite="false" isDataStream="false" isDeprecated="false" isInternal="false" isReadOnly="false" maxOccurs="1" minOccurs="1" name="VlanCount" noSave="false" nullable="false" onModifyNotifyMode="periodic" precision="" replaces="" type="u16">
      <stc:numericValidation errorMsg="Please enter a valid number" maxInclusive="4095" minInclusive="0" />
    </stc:property>

    <stc:property category="config" collectionType="vector" databaseType="DEFAULT" default="1" displayName="VLAN Priority" format="number" id="0x11008015" idlMapped="true" ilMapped="true" isComposite="false" isDataStream="false" isDeprecated="false" isInternal="false" isReadOnly="false" maxOccurs="1" minOccurs="1" name="VlanPriority" noSave="false" nullable="false" onModifyNotifyMode="periodic" precision="" replaces="" type="u8">
      <stc:numericValidation errorMsg="Please enter a valid number" maxInclusive="7" minInclusive="0" />
    </stc:property>

    
    <stc:property category="config" collectionType="vector" databaseType="DEFAULT" default="32768" displayName="Region Root Priority" format="number" id="0x11008016" idlMapped="true" ilMapped="true" isComposite="false" isDataStream="false" isDeprecated="false" isInternal="false" isReadOnly="false" maxOccurs="1" minOccurs="1" name="CistRegionalRootPriority" noSave="false" nullable="false" onModifyNotifyMode="periodic" precision="" replaces="" type="u16">
      <stc:condition operator="notEqual" property="RegionRootBridge" type="editable" value="EnumRootBridge.Self" />
      <stc:numericValidation errorMsg="Please enter a valid number" maxInclusive="65535" minInclusive="0" />
    </stc:property>

    <stc:property category="config" collectionType="vector" databaseType="DEFAULT" default="0" displayName="Region Root Path Cost" format="number" id="0x11008017" idlMapped="true" ilMapped="true" isComposite="false" isDataStream="false" isDeprecated="false" isInternal="false" isReadOnly="false" maxOccurs="1" minOccurs="1" name="CistInternalRootPathCost" noSave="false" nullable="false" onModifyNotifyMode="periodic" precision="" replaces="" type="u32">
      <stc:condition operator="notEqual" property="RegionRootBridge" type="editable" value="EnumRootBridge.Self" />
      <stc:numericValidation errorMsg="Please enter a valid number" maxInclusive="200000000" minInclusive="0" />
    </stc:property>

    <stc:property category="config" collectionType="vector" databaseType="DEFAULT" default="0" displayName="Region Root Path Cost Step" format="number" id="0x11008018" idlMapped="true" ilMapped="true" isComposite="false" isDataStream="false" isDeprecated="false" isInternal="false" isReadOnly="false" maxOccurs="1" minOccurs="1" name="CistInternalRootPathCostStep" noSave="false" nullable="false" onModifyNotifyMode="periodic" precision="" replaces="" type="u32">
      <stc:condition operator="notEqual" property="RegionRootBridge" type="editable" value="EnumRootBridge.Self" />
      <stc:numericValidation errorMsg="Please enter a valid number" maxInclusive="200000000" minInclusive="0" />
    </stc:property>

    <stc:property category="config" collectionType="vector" databaseType="DEFAULT" default="0" displayName="Region Root Bridge" format="number" id="0x11008019" idlMapped="true" ilMapped="true" isComposite="false" isDataStream="false" isDeprecated="false" isInternal="false" isReadOnly="false" maxOccurs="1" minOccurs="1" name="RegionRootBridge" noSave="false" nullable="false" onModifyNotifyMode="periodic" precision="" replaces="" type="u8">
      <stc:enumerationRef ref="EnumRootBridge" />
    </stc:property>

    <stc:property category="config" collectionType="vector" databaseType="DEFAULT" default="00-00-10-00-10-00" displayName="Region MAC Address" format="number" id="0x1100801A" idlMapped="true" ilMapped="true" isComposite="false" isDataStream="false" isDeprecated="false" isInternal="false" isReadOnly="false" maxOccurs="1" minOccurs="1" name="CistRegionalRootMacAddr" noSave="false" nullable="false" onModifyNotifyMode="periodic" precision="" replaces="" type="mac">
      <stc:condition operator="notEqual" property="RegionRootBridge" type="editable" value="EnumRootBridge.Self" />
    </stc:property>

    <stc:property category="config" collectionType="vector" databaseType="DEFAULT" default="00-00-00-00-00-00" displayName="Region MAC Address Step" format="number" id="0x1100801B" idlMapped="true" ilMapped="true" isComposite="false" isDataStream="false" isDeprecated="false" isInternal="false" isReadOnly="false" maxOccurs="1" minOccurs="1" name="CistRegionalRootMacAddrStep" noSave="false" nullable="false" onModifyNotifyMode="periodic" precision="" replaces="" type="mac">
      <stc:condition operator="notEqual" property="RegionRootBridge" type="editable" value="EnumRootBridge.Self" />
    </stc:property>
    
    
    <stc:property category="config" collectionType="vector" databaseType="DEFAULT" default="Region1" displayName="Region Name" format="number" id="0x1100801C" idlMapped="false" ilMapped="false" isComposite="false" isDataStream="false" isDeprecated="false" isInternal="false" isReadOnly="false" maxOccurs="1" minOccurs="1" name="RegionName" noSave="false" nullable="false" onModifyNotifyMode="periodic" precision="" replaces="" type="string">
      <stc:stringValidation errorMsg="Please enter a valid string" excludePattern="" maxLength="32" minLength="1" />
    </stc:property>

    <stc:property category="config" collectionType="vector" databaseType="DEFAULT" default="1" displayName="MSTI ID" format="number" id="0x1100801D" idlMapped="true" ilMapped="true" isComposite="false" isDataStream="false" isDeprecated="false" isInternal="false" isReadOnly="false" maxOccurs="1" minOccurs="1" name="MstiId" noSave="false" nullable="false" onModifyNotifyMode="periodic" precision="" replaces="" type="u16">
    </stc:property>
    <stc:property category="config" collectionType="vector" databaseType="DEFAULT" default="1" displayName="MSTI VLAN ID" format="number" id="0x1100801E" idlMapped="true" ilMapped="true" isComposite="false" isDataStream="false" isDeprecated="false" isInternal="false" isReadOnly="false" maxOccurs="1" minOccurs="1" name="MstiVlanId" noSave="false" nullable="false" onModifyNotifyMode="periodic" precision="" replaces="" type="u16">
    </stc:property>

    <stc:property category="config" collectionType="vector" databaseType="DEFAULT" default="1" displayName="MSTI VLAN ID Count" format="number" id="0x1100801F" idlMapped="true" ilMapped="true" isComposite="false" isDataStream="false" isDeprecated="false" isInternal="false" isReadOnly="false" maxOccurs="1" minOccurs="1" name="MstiVlanCount" noSave="false" nullable="false" onModifyNotifyMode="periodic" precision="" replaces="" type="u16">
    </stc:property>
    
    <stc:property category="config" collectionType="vector" databaseType="DEFAULT" default="0" displayName="MSTI VLAN ID Step" format="number" id="0x11008020" idlMapped="true" ilMapped="true" isComposite="false" isDataStream="false" isDeprecated="false" isInternal="false" isReadOnly="false" maxOccurs="1" minOccurs="1" name="MstiVlanIdStep" noSave="false" nullable="false" onModifyNotifyMode="periodic" precision="" replaces="" type="u16">
    </stc:property>

    <stc:property category="config" collectionType="vector" databaseType="DEFAULT" default="1" displayName="MSTI Instance Count" format="number" id="0x11008021" idlMapped="false" ilMapped="false" isComposite="false" isDataStream="false" isDeprecated="false" isInternal="false" isReadOnly="false" maxOccurs="1" minOccurs="1" name="MstiInstanceCount" noSave="false" nullable="false" onModifyNotifyMode="periodic" precision="" replaces="" type="u16">
      <stc:numericValidation errorMsg="Please enter a valid number" maxInclusive="64" minInclusive="1" />
    </stc:property>
  </stc:class>


  
  
  
  <stc:class baseClass="MstiCommand" canCreate="true" displayName="Update Msti" id="0x11009000" idlMapped="na" ilMapped="na" isInternal="false" isReadOnly="false" isSingleton="false" name="StpUpdateMstiCommand" noSave="false" profile="stp">
    <stc:attribute id="0x11009001" internalIsEnum="false" internalType="bool" name="none" type="core.Sequenceable" value="true" />
    <stc:attribute id="0x11009002" internalIsEnum="false" internalType="bool" name="none" type="core.RequirePostApplyToIL" value="true" />
    <stc:attribute id="0x11009003" internalIsEnum="false" internalType="string" name="none" type="framework.CommandDescription" value="Update MSTI for the selected MSTI instances." />  
    <stc:attribute id="0x11009004" internalIsEnum="false" internalType="string" name="none" type="framework.CommandCategory" value="Switching//STP" />

    
    <stc:enumeration idlMapped="true" ilMapped="true" isFlags="false" name="EnumRootBridge">
      <stc:enum displayName="Self" idlMapped="true" ilMapped="true" name="SELF" value="0" />
      <stc:enum displayName="Custom" idlMapped="true" ilMapped="true" name="CUSTOM" value="1" />
      <stc:enum displayName="None" idlMapped="true" ilMapped="true" name="NONE" value="2" />
    </stc:enumeration>

    <stc:property category="config" collectionType="vector" databaseType="DEFAULT" default="null" displayName="Bridge Priority" format="number" id="0x11009005" idlMapped="true" ilMapped="true" isComposite="false" isDataStream="false" isDeprecated="false" isInternal="false" isReadOnly="false" maxOccurs="1" minOccurs="1" name="BridgePriority" noSave="false" nullable="true" onModifyNotifyMode="periodic" precision="" replaces="" type="u16">
      <stc:numericValidation errorMsg="Please enter a valid number" maxInclusive="65535" minInclusive="0" />
    </stc:property>

    <stc:property category="config" collectionType="vector" databaseType="DEFAULT" default="null" displayName="Port Priority" format="number" id="0x11009006" idlMapped="true" ilMapped="true" isComposite="false" isDataStream="false" isDeprecated="false" isInternal="false" isReadOnly="false" maxOccurs="1" minOccurs="1" name="PortPriority" noSave="false" nullable="true" onModifyNotifyMode="periodic" precision="" replaces="" type="u16">
      <stc:numericValidation errorMsg="Please enter a valid number" maxInclusive="255" minInclusive="0" />
    </stc:property>
    
    <stc:property category="config" collectionType="vector" databaseType="DEFAULT" default="null" displayName="Region Root Priority" format="number" id="0x11009007" idlMapped="true" ilMapped="true" isComposite="false" isDataStream="false" isDeprecated="false" isInternal="false" isReadOnly="false" maxOccurs="1" minOccurs="1" name="RegionRootPriority" noSave="false" nullable="true" onModifyNotifyMode="periodic" precision="" replaces="" type="u16">
      <stc:condition operator="notEqual" property="RegionRootBridge" type="editable" value="EnumRootBridge.Self" />
      <stc:numericValidation errorMsg="Please enter a valid number" maxInclusive="65535" minInclusive="0" />
    </stc:property>

    <stc:property category="config" collectionType="vector" databaseType="DEFAULT" default="null" displayName="Region Root Path Cost" format="number" id="0x11009008" idlMapped="true" ilMapped="true" isComposite="false" isDataStream="false" isDeprecated="false" isInternal="false" isReadOnly="false" maxOccurs="1" minOccurs="1" name="RegionRootPathCost" noSave="false" nullable="true" onModifyNotifyMode="periodic" precision="" replaces="" type="u32">
      <stc:condition operator="notEqual" property="RegionRootBridge" type="editable" value="EnumRootBridge.Self" />
      <stc:numericValidation errorMsg="Please enter a valid number" maxInclusive="200000000" minInclusive="0" />
    </stc:property>

    <stc:property category="config" collectionType="vector" databaseType="DEFAULT" default="0" displayName="Region Root Path Cost Step" format="number" id="0x11009009" idlMapped="true" ilMapped="true" isComposite="false" isDataStream="false" isDeprecated="false" isInternal="false" isReadOnly="false" maxOccurs="1" minOccurs="1" name="RegionRootPathCostStep" noSave="false" nullable="false" onModifyNotifyMode="periodic" precision="" replaces="" type="u32">
      <stc:condition operator="notEqual" property="RegionRootBridge" type="editable" value="EnumRootBridge.Self" />
      <stc:numericValidation errorMsg="Please enter a valid number" maxInclusive="200000000" minInclusive="0" />
    </stc:property>

    <stc:property category="config" collectionType="vector" databaseType="DEFAULT" default="0" displayName="Region Root Path Cost Recycle Count" format="number" id="0x1100900A" idlMapped="true" ilMapped="true" isComposite="false" isDataStream="false" isDeprecated="false" isInternal="false" isReadOnly="false" maxOccurs="1" minOccurs="1" name="RegionRootPathCostRecycleCount" noSave="false" nullable="false" onModifyNotifyMode="periodic" precision="" replaces="" type="u32">
      <stc:condition operator="notEqual" property="RegionRootBridge" type="editable" value="EnumRootBridge.Self" />
    </stc:property>

    <stc:property category="config" collectionType="vector" databaseType="DEFAULT" default="NONE" displayName="Region Root Bridge" format="number" id="0x1100900B" idlMapped="true" ilMapped="true" isComposite="false" isDataStream="false" isDeprecated="false" isInternal="false" isReadOnly="false" maxOccurs="1" minOccurs="1" name="RegionRootBridge" noSave="false" nullable="false" onModifyNotifyMode="periodic" precision="" replaces="" type="u8">
      <stc:enumerationRef ref="EnumRootBridge" />
    </stc:property>

    <stc:property category="config" collectionType="vector" databaseType="DEFAULT" default="null" displayName="Region MAC Address" format="number" id="0x1100900C" idlMapped="true" ilMapped="true" isComposite="false" isDataStream="false" isDeprecated="false" isInternal="false" isReadOnly="false" maxOccurs="1" minOccurs="1" name="RegionRootMacAddr" noSave="false" nullable="true" onModifyNotifyMode="periodic" precision="" replaces="" type="mac">
      <stc:condition operator="notEqual" property="RegionRootBridge" type="editable" value="EnumRootBridge.Self" />
    </stc:property>

    <stc:property category="config" collectionType="vector" databaseType="DEFAULT" default="null" displayName="Region MAC Address Step" format="number" id="0x1100900D" idlMapped="true" ilMapped="true" isComposite="false" isDataStream="false" isDeprecated="false" isInternal="false" isReadOnly="false" maxOccurs="1" minOccurs="1" name="RegionRootMacAddrStep" noSave="false" nullable="true" onModifyNotifyMode="periodic" precision="" replaces="" type="mac">
      <stc:condition operator="notEqual" property="RegionRootBridge" type="editable" value="EnumRootBridge.Self" />
    </stc:property>

    <stc:property category="config" collectionType="vector" databaseType="DEFAULT" default="0" displayName="Region Root MAC Address Repeat Count" format="number" id="0x1100900E" idlMapped="true" ilMapped="true" isComposite="false" isDataStream="false" isDeprecated="false" isInternal="false" isReadOnly="false" maxOccurs="1" minOccurs="1" name="RegionMacAddrRepeatCount" noSave="false" nullable="false" onModifyNotifyMode="periodic" precision="" replaces="" type="u16">
      <stc:condition operator="notEqual" property="RegionRootBridge" type="editable" value="EnumRootBridge.Self" />
    </stc:property>
  </stc:class>
  
  
  <stc:class baseClass="routing.rtgcore.RoutingResult" canCreate="true" displayName="StpPortResults" id="0x1100A000" idlMapped="stp" ilMapped="default" isInternal="false" isReadOnly="false" isSingleton="false" name="BaseBridgePortResults" noSave="false" profile="stp">
    

    
    <stc:property category="result" collectionType="vector" databaseType="DEFAULT" default="0" displayName="MSTI Parent Protocol Config" format="number" id="0x1100A001" idlMapped="true" ilMapped="true" isComposite="false" isDataStream="false" isDeprecated="false" isInternal="true" isReadOnly="true" maxOccurs="1" minOccurs="1" name="MstiParentProtocolConfig" noSave="true" nullable="false" onModifyNotifyMode="periodic" precision="" replaces="" type="u32">
      <stc:attribute id="0x1100A01C" internalIsEnum="false" internalType="bool" name="none" type="core.ResultPropertyMarkForEotSave" value="true" />
      <stc:attribute id="0x1100A01D" internalIsEnum="false" internalType="bool" name="none" type="core.ResultPropertyAddEotDbIndex" value="true" />
      <stc:attribute id="0x1100A01E" internalIsEnum="false" internalType="string" name="none" type="core.ResultPropertyIlCounterpartName" value="Handle" />
    </stc:property>

    
    <stc:property category="result" collectionType="vector" databaseType="DEFAULT" default="0" displayName="STP Parent Protocol Config" format="number" id="0x1100A002" idlMapped="true" ilMapped="true" isComposite="false" isDataStream="false" isDeprecated="false" isInternal="true" isReadOnly="true" maxOccurs="1" minOccurs="1" name="StpParentProtocolConfig" noSave="true" nullable="false" onModifyNotifyMode="periodic" precision="" replaces="" type="u32">
      <stc:attribute id="0x1100A01F" internalIsEnum="false" internalType="bool" name="none" type="core.ResultPropertyMarkForEotSave" value="true" />
      <stc:attribute id="0x1100A020" internalIsEnum="false" internalType="bool" name="none" type="core.ResultPropertyAddEotDbIndex" value="true" />
      <stc:attribute id="0x1100A021" internalIsEnum="false" internalType="string" name="none" type="core.ResultPropertyIlCounterpartName" value="SecondaryHandle" />
    </stc:property>

    <stc:property category="result" collectionType="vector" databaseType="DEFAULT" default="0" displayName="Mst Instance" format="number" id="0x1100A003" idlMapped="true" ilMapped="true" isComposite="false" isDataStream="false" isDeprecated="false" isInternal="false" isReadOnly="true" maxOccurs="1" minOccurs="1" name="InstanceNum" noSave="true" nullable="false" onModifyNotifyMode="periodic" precision="" replaces="" type="u16">
      <stc:attribute id="0x1100A022" internalIsEnum="false" internalType="bool" name="none" type="core.ResultPropertyIsDefaultForSubscription" value="true" />
      <stc:attribute id="0x1100A023" internalIsEnum="false" internalType="bool" name="none" type="core.ResultPropertyMarkForEotSave" value="true" />
    </stc:property>

    <stc:property category="result" collectionType="vector" databaseType="DEFAULT" default="0x8001" displayName="Port Id" format="number" id="0x1100A004" idlMapped="false" ilMapped="false" isComposite="false" isDataStream="false" isDeprecated="false" isInternal="false" isReadOnly="true" maxOccurs="1" minOccurs="1" name="PortId" noSave="true" nullable="false" onModifyNotifyMode="periodic" precision="" replaces="" type="string">
      <stc:attribute id="0x1100A024" internalIsEnum="false" internalType="bool" name="none" type="core.ResultPropertyIsDefaultForSubscription" value="true" />
      <stc:attribute id="0x1100A025" internalIsEnum="false" internalType="bool" name="none" type="core.ResultPropertyMarkForEotSave" value="true" />
    </stc:property>

    <stc:property category="result" collectionType="vector" databaseType="DEFAULT" default="80-00-00-00-10-00-10-00" displayName="Bridge Id" format="number" id="0x1100A005" idlMapped="false" ilMapped="false" isComposite="false" isDataStream="false" isDeprecated="false" isInternal="false" isReadOnly="true" maxOccurs="1" minOccurs="1" name="BridgeId" noSave="true" nullable="false" onModifyNotifyMode="periodic" precision="" replaces="" type="string">
      <stc:attribute id="0x1100A026" internalIsEnum="false" internalType="bool" name="none" type="core.ResultPropertyIsDefaultForSubscription" value="true" />
      <stc:attribute id="0x1100A027" internalIsEnum="false" internalType="bool" name="none" type="core.ResultPropertyMarkForEotSave" value="true" />
    </stc:property>

    <stc:property category="result" collectionType="vector" databaseType="DEFAULT" default="NA" displayName="Root Id" format="number" id="0x1100A006" idlMapped="false" ilMapped="false" isComposite="false" isDataStream="false" isDeprecated="false" isInternal="false" isReadOnly="true" maxOccurs="1" minOccurs="1" name="RootId" noSave="true" nullable="false" onModifyNotifyMode="periodic" precision="" replaces="" type="string">
      <stc:attribute id="0x1100A028" internalIsEnum="false" internalType="bool" name="none" type="core.ResultPropertyIsDefaultForSubscription" value="true" />
      <stc:attribute id="0x1100A029" internalIsEnum="false" internalType="bool" name="none" type="core.ResultPropertyMarkForEotSave" value="true" />
    </stc:property>

    <stc:property category="result" collectionType="vector" databaseType="DEFAULT" default="NA" displayName="Regional Root Id" format="number" id="0x1100A007" idlMapped="false" ilMapped="false" isComposite="false" isDataStream="false" isDeprecated="false" isInternal="false" isReadOnly="true" maxOccurs="1" minOccurs="1" name="RegionalRootId" noSave="true" nullable="false" onModifyNotifyMode="periodic" precision="" replaces="" type="string">
      <stc:attribute id="0x1100A02A" internalIsEnum="false" internalType="bool" name="none" type="core.ResultPropertyIsDefaultForSubscription" value="true" />
      <stc:attribute id="0x1100A02B" internalIsEnum="false" internalType="bool" name="none" type="core.ResultPropertyMarkForEotSave" value="true" />
    </stc:property>

    <stc:property category="result" collectionType="vector" databaseType="DEFAULT" default="NA" displayName="Designated Bridge Id" format="number" id="0x1100A008" idlMapped="false" ilMapped="false" isComposite="false" isDataStream="false" isDeprecated="false" isInternal="false" isReadOnly="true" maxOccurs="1" minOccurs="1" name="DesignatedId" noSave="true" nullable="false" onModifyNotifyMode="periodic" precision="" replaces="" type="string">
      <stc:attribute id="0x1100A02C" internalIsEnum="false" internalType="bool" name="none" type="core.ResultPropertyMarkForEotSave" value="true" />
      <stc:attribute id="0x1100A02D" internalIsEnum="false" internalType="bool" name="none" type="core.ResultPropertyIsDefaultForSubscription" value="true" />
    </stc:property>

    <stc:property category="result" collectionType="vector" databaseType="DEFAULT" default="0" displayName="Tx BPDUs" format="number" id="0x1100A009" idlMapped="true" ilMapped="true" isComposite="false" isDataStream="false" isDeprecated="false" isInternal="false" isReadOnly="true" maxOccurs="1" minOccurs="1" name="TxBpdus" noSave="true" nullable="false" onModifyNotifyMode="periodic" precision="" replaces="" type="u32">
      <stc:attribute id="0x1100A02E" internalIsEnum="false" internalType="bool" name="none" type="core.ResultPropertyMarkForEotSave" value="true" />
      <stc:attribute id="0x1100A02F" internalIsEnum="false" internalType="bool" name="none" type="core.ResultPropertyIsDefaultForSubscription" value="true" />
    </stc:property>

    <stc:property category="result" collectionType="vector" databaseType="DEFAULT" default="0" displayName="Rx BPDUs" format="number" id="0x1100A00A" idlMapped="true" ilMapped="true" isComposite="false" isDataStream="false" isDeprecated="false" isInternal="false" isReadOnly="true" maxOccurs="1" minOccurs="1" name="RxBpdus" noSave="true" nullable="false" onModifyNotifyMode="periodic" precision="" replaces="" type="u32">
      <stc:attribute id="0x1100A030" internalIsEnum="false" internalType="bool" name="none" type="core.ResultPropertyMarkForEotSave" value="true" />
      <stc:attribute id="0x1100A031" internalIsEnum="false" internalType="bool" name="none" type="core.ResultPropertyIsDefaultForSubscription" value="true" />
    </stc:property>

    <stc:property category="result" collectionType="vector" databaseType="DEFAULT" default="0x00" displayName="Tx BPDU Flag" format="number" id="0x1100A00B" idlMapped="false" ilMapped="false" isComposite="false" isDataStream="false" isDeprecated="false" isInternal="false" isReadOnly="true" maxOccurs="1" minOccurs="1" name="TxBpduFlag" noSave="true" nullable="false" onModifyNotifyMode="periodic" precision="" replaces="" type="string">
      <stc:attribute id="0x1100A032" internalIsEnum="false" internalType="bool" name="none" type="core.ResultPropertyMarkForEotSave" value="true" />
      <stc:attribute id="0x1100A033" internalIsEnum="false" internalType="bool" name="none" type="core.ResultPropertyIsDefaultForSubscription" value="true" />
    </stc:property>

    <stc:property category="result" collectionType="vector" databaseType="DEFAULT" default="0x00" displayName="Rx BPDU Flag" format="number" id="0x1100A00C" idlMapped="false" ilMapped="false" isComposite="false" isDataStream="false" isDeprecated="false" isInternal="false" isReadOnly="true" maxOccurs="1" minOccurs="1" name="RxBpduFlag" noSave="true" nullable="false" onModifyNotifyMode="periodic" precision="" replaces="" type="string">
      <stc:attribute id="0x1100A034" internalIsEnum="false" internalType="bool" name="none" type="core.ResultPropertyMarkForEotSave" value="true" />
      <stc:attribute id="0x1100A035" internalIsEnum="false" internalType="bool" name="none" type="core.ResultPropertyIsDefaultForSubscription" value="true" />
    </stc:property>

    <stc:property category="result" collectionType="vector" databaseType="DEFAULT" default="0" displayName="Tx TC-bit Set" format="number" id="0x1100A00D" idlMapped="true" ilMapped="true" isComposite="false" isDataStream="false" isDeprecated="false" isInternal="false" isReadOnly="true" maxOccurs="1" minOccurs="1" name="TxTcBitSet" noSave="true" nullable="false" onModifyNotifyMode="periodic" precision="" replaces="" type="u32">
      <stc:attribute id="0x1100A036" internalIsEnum="false" internalType="bool" name="none" type="core.ResultPropertyMarkForEotSave" value="true" />
      <stc:attribute id="0x1100A037" internalIsEnum="false" internalType="bool" name="none" type="core.ResultPropertyIsDefaultForSubscription" value="true" />
    </stc:property>

    <stc:property category="result" collectionType="vector" databaseType="DEFAULT" default="0" displayName="Rx TC-bit Set" format="number" id="0x1100A00E" idlMapped="true" ilMapped="true" isComposite="false" isDataStream="false" isDeprecated="false" isInternal="false" isReadOnly="true" maxOccurs="1" minOccurs="1" name="RxTcBitSet" noSave="true" nullable="false" onModifyNotifyMode="periodic" precision="" replaces="" type="u32">
      <stc:attribute id="0x1100A038" internalIsEnum="false" internalType="bool" name="none" type="core.ResultPropertyMarkForEotSave" value="true" />
      <stc:attribute id="0x1100A039" internalIsEnum="false" internalType="bool" name="none" type="core.ResultPropertyIsDefaultForSubscription" value="true" />
    </stc:property>

    <stc:property category="result" collectionType="vector" databaseType="DEFAULT" default="0" displayName="Tx TC Ack" format="number" id="0x1100A00F" idlMapped="true" ilMapped="true" isComposite="false" isDataStream="false" isDeprecated="false" isInternal="false" isReadOnly="true" maxOccurs="1" minOccurs="1" name="TxTcAck" noSave="true" nullable="false" onModifyNotifyMode="periodic" precision="" replaces="" type="u32">
      <stc:attribute id="0x1100A03A" internalIsEnum="false" internalType="bool" name="none" type="core.ResultPropertyMarkForEotSave" value="true" />
      <stc:attribute id="0x1100A03B" internalIsEnum="false" internalType="bool" name="none" type="core.ResultPropertyIsDefaultForSubscription" value="true" />
    </stc:property>

    <stc:property category="result" collectionType="vector" databaseType="DEFAULT" default="0" displayName="Rx TC Ack" format="number" id="0x1100A010" idlMapped="true" ilMapped="true" isComposite="false" isDataStream="false" isDeprecated="false" isInternal="false" isReadOnly="true" maxOccurs="1" minOccurs="1" name="RxTcAck" noSave="true" nullable="false" onModifyNotifyMode="periodic" precision="" replaces="" type="u32">
      <stc:attribute id="0x1100A03C" internalIsEnum="false" internalType="bool" name="none" type="core.ResultPropertyMarkForEotSave" value="true" />
      <stc:attribute id="0x1100A03D" internalIsEnum="false" internalType="bool" name="none" type="core.ResultPropertyIsDefaultForSubscription" value="true" />
    </stc:property>

    <stc:property category="result" collectionType="vector" databaseType="DEFAULT" default="0" displayName="Tx TCNs" format="number" id="0x1100A011" idlMapped="true" ilMapped="true" isComposite="false" isDataStream="false" isDeprecated="false" isInternal="false" isReadOnly="true" maxOccurs="1" minOccurs="1" name="TxTcn" noSave="true" nullable="false" onModifyNotifyMode="periodic" precision="" replaces="" type="u64">
      <stc:attribute id="0x1100A03E" internalIsEnum="false" internalType="bool" name="none" type="core.ResultPropertyMarkForEotSave" value="true" />
      <stc:attribute id="0x1100A03F" internalIsEnum="false" internalType="bool" name="none" type="core.ResultPropertyIsDefaultForSubscription" value="true" />
    </stc:property>

    <stc:property category="result" collectionType="vector" databaseType="DEFAULT" default="0" displayName="Rx TCN" format="number" id="0x1100A012" idlMapped="true" ilMapped="true" isComposite="false" isDataStream="false" isDeprecated="false" isInternal="false" isReadOnly="true" maxOccurs="1" minOccurs="1" name="RxTcn" noSave="true" nullable="false" onModifyNotifyMode="periodic" precision="" replaces="" type="u64">
      <stc:attribute id="0x1100A040" internalIsEnum="false" internalType="bool" name="none" type="core.ResultPropertyMarkForEotSave" value="true" />
      <stc:attribute id="0x1100A041" internalIsEnum="false" internalType="bool" name="none" type="core.ResultPropertyIsDefaultForSubscription" value="true" />
    </stc:property>

    <stc:property category="result" collectionType="vector" databaseType="DEFAULT" default="0" displayName="Tx Proposals" format="number" id="0x1100A013" idlMapped="true" ilMapped="true" isComposite="false" isDataStream="false" isDeprecated="false" isInternal="false" isReadOnly="true" maxOccurs="1" minOccurs="1" name="TxProposals" noSave="true" nullable="false" onModifyNotifyMode="periodic" precision="" replaces="" type="u64">
      <stc:attribute id="0x1100A042" internalIsEnum="false" internalType="bool" name="none" type="core.ResultPropertyMarkForEotSave" value="true" />
      <stc:attribute id="0x1100A043" internalIsEnum="false" internalType="bool" name="none" type="core.ResultPropertyIsDefaultForSubscription" value="true" />
    </stc:property>

    <stc:property category="result" collectionType="vector" databaseType="DEFAULT" default="0" displayName="Rx Proposals" format="number" id="0x1100A014" idlMapped="true" ilMapped="true" isComposite="false" isDataStream="false" isDeprecated="false" isInternal="false" isReadOnly="true" maxOccurs="1" minOccurs="1" name="RxProposals" noSave="true" nullable="false" onModifyNotifyMode="periodic" precision="" replaces="" type="u64">
      <stc:attribute id="0x1100A044" internalIsEnum="false" internalType="bool" name="none" type="core.ResultPropertyMarkForEotSave" value="true" />
      <stc:attribute id="0x1100A045" internalIsEnum="false" internalType="bool" name="none" type="core.ResultPropertyIsDefaultForSubscription" value="true" />
    </stc:property>

    <stc:property category="result" collectionType="vector" databaseType="DEFAULT" default="0" displayName="Tx TC Agree" format="number" id="0x1100A015" idlMapped="true" ilMapped="true" isComposite="false" isDataStream="false" isDeprecated="false" isInternal="false" isReadOnly="true" maxOccurs="1" minOccurs="1" name="TxAgree" noSave="true" nullable="false" onModifyNotifyMode="periodic" precision="" replaces="" type="u32">
      <stc:attribute id="0x1100A046" internalIsEnum="false" internalType="bool" name="none" type="core.ResultPropertyMarkForEotSave" value="true" />
      <stc:attribute id="0x1100A047" internalIsEnum="false" internalType="bool" name="none" type="core.ResultPropertyIsDefaultForSubscription" value="true" />
    </stc:property>

    <stc:property category="result" collectionType="vector" databaseType="DEFAULT" default="0" displayName="Rx TC Agree" format="number" id="0x1100A016" idlMapped="true" ilMapped="true" isComposite="false" isDataStream="false" isDeprecated="false" isInternal="false" isReadOnly="true" maxOccurs="1" minOccurs="1" name="RxAgree" noSave="true" nullable="false" onModifyNotifyMode="periodic" precision="" replaces="" type="u32">
      <stc:attribute id="0x1100A048" internalIsEnum="false" internalType="bool" name="none" type="core.ResultPropertyMarkForEotSave" value="true" />
      <stc:attribute id="0x1100A049" internalIsEnum="false" internalType="bool" name="none" type="core.ResultPropertyIsDefaultForSubscription" value="true" />
    </stc:property>

    <stc:property category="result" collectionType="vector" databaseType="DEFAULT" default="NA" displayName="Tx Port Role" format="number" id="0x1100A017" idlMapped="false" ilMapped="false" isComposite="false" isDataStream="false" isDeprecated="false" isInternal="false" isReadOnly="true" maxOccurs="1" minOccurs="1" name="TxPortRole" noSave="true" nullable="false" onModifyNotifyMode="periodic" precision="" replaces="" type="string">
      <stc:attribute id="0x1100A04A" internalIsEnum="false" internalType="bool" name="none" type="core.ResultPropertyMarkForEotSave" value="true" />
      <stc:attribute id="0x1100A04B" internalIsEnum="false" internalType="bool" name="none" type="core.ResultPropertyIsDefaultForSubscription" value="true" />
    </stc:property>

    <stc:property category="result" collectionType="vector" databaseType="DEFAULT" default="NA" displayName="Rx Port Role" format="number" id="0x1100A018" idlMapped="false" ilMapped="false" isComposite="false" isDataStream="false" isDeprecated="false" isInternal="false" isReadOnly="true" maxOccurs="1" minOccurs="1" name="RxPortRole" noSave="true" nullable="false" onModifyNotifyMode="periodic" precision="" replaces="" type="string">
      <stc:attribute id="0x1100A04C" internalIsEnum="false" internalType="bool" name="none" type="core.ResultPropertyMarkForEotSave" value="true" />
      <stc:attribute id="0x1100A04D" internalIsEnum="false" internalType="bool" name="none" type="core.ResultPropertyIsDefaultForSubscription" value="true" />
    </stc:property>

    <stc:property category="result" collectionType="vector" databaseType="DEFAULT" default="NA" displayName="Tx Port State" format="number" id="0x1100A019" idlMapped="false" ilMapped="false" isComposite="false" isDataStream="false" isDeprecated="false" isInternal="false" isReadOnly="true" maxOccurs="1" minOccurs="1" name="TxPortState" noSave="true" nullable="false" onModifyNotifyMode="periodic" precision="" replaces="" type="string">
      <stc:attribute id="0x1100A04E" internalIsEnum="false" internalType="bool" name="none" type="core.ResultPropertyMarkForEotSave" value="true" />
      <stc:attribute id="0x1100A04F" internalIsEnum="false" internalType="bool" name="none" type="core.ResultPropertyIsDefaultForSubscription" value="true" />
    </stc:property>

    <stc:property category="result" collectionType="vector" databaseType="DEFAULT" default="NA" displayName="Rx Port State" format="number" id="0x1100A01A" idlMapped="false" ilMapped="false" isComposite="false" isDataStream="false" isDeprecated="false" isInternal="false" isReadOnly="true" maxOccurs="1" minOccurs="1" name="RxPortState" noSave="true" nullable="false" onModifyNotifyMode="periodic" precision="" replaces="" type="string">
      <stc:attribute id="0x1100A050" internalIsEnum="false" internalType="bool" name="none" type="core.ResultPropertyMarkForEotSave" value="true" />
      <stc:attribute id="0x1100A051" internalIsEnum="false" internalType="bool" name="none" type="core.ResultPropertyIsDefaultForSubscription" value="true" />
    </stc:property>

    <stc:property category="result" collectionType="vector" databaseType="DEFAULT" default="NA" displayName="Vlan Id" format="number" id="0x1100A01B" idlMapped="false" ilMapped="false" isComposite="false" isDataStream="false" isDeprecated="false" isInternal="false" isReadOnly="true" maxOccurs="1" minOccurs="1" name="VlanId" noSave="true" nullable="false" onModifyNotifyMode="periodic" precision="" replaces="" type="string">
      <stc:attribute id="0x1100A052" internalIsEnum="false" internalType="bool" name="none" type="core.ResultPropertyMarkForEotSave" value="true" />
      <stc:attribute id="0x1100A053" internalIsEnum="false" internalType="bool" name="none" type="core.ResultPropertyIsDefaultForSubscription" value="true" />
    </stc:property>

    <stc:ilProperty collectionType="vector" maxOccurs="1" minOccurs="1" name="PortId" type="u16" />

    <stc:ilProperty collectionType="vector" maxOccurs="8" minOccurs="0" name="BridgeId" type="u8" />

    <stc:ilProperty collectionType="vector" maxOccurs="8" minOccurs="0" name="RootId" type="u8" />

    <stc:ilProperty collectionType="vector" maxOccurs="8" minOccurs="0" name="RegionalRootId" type="u8" />

    <stc:ilProperty collectionType="vector" maxOccurs="8" minOccurs="0" name="DesignatedId" type="u8" />

    <stc:ilProperty collectionType="vector" maxOccurs="16" minOccurs="0" name="VlanId" type="u8" />

    <stc:ilProperty collectionType="vector" maxOccurs="1" minOccurs="1" name="TxPortState" type="u8" />

   <stc:ilProperty collectionType="vector" maxOccurs="1" minOccurs="1" name="RxPortState" type="u8" />

   <stc:ilProperty collectionType="vector" maxOccurs="1" minOccurs="1" name="TxBpduFlag" type="u8" />

    <stc:ilProperty collectionType="vector" maxOccurs="1" minOccurs="1" name="RxBpduFlag" type="u8" />

    <stc:ilProperty collectionType="vector" maxOccurs="1" minOccurs="1" name="TxPortRole" type="u8" />

     <stc:ilProperty collectionType="vector" maxOccurs="1" minOccurs="1" name="RxPortRole" type="u8" />
  </stc:class>

  
  <stc:class baseClass="BaseBridgePortResults" canCreate="true" displayName="StpPortResults" id="0x1100B000" idlMapped="stp" ilMapped="default" isInternal="false" isReadOnly="false" isSingleton="false" name="BridgePortResults" noSave="false" profile="stp">
    

    <stc:relation allowDuplicate="false" dstClassRef="BridgePortResults" dstName="none" embedDstInIlClass="false" embedSrcInIlClass="false" id="0x1100B001" isInternal="false" maxOccurs="unbounded" minOccurs="0" name="ParentBridgePortConfig" order="sequenced" srcClassRef="BridgePortConfig" srcName="none" type="framework.ParentChild" />

    <stc:relation allowDuplicate="false" dstClassRef="BridgePortResults" dstName="none" embedDstInIlClass="false" embedSrcInIlClass="false" id="0x1100B002" isInternal="false" maxOccurs="unbounded" minOccurs="0" name="ResultParentBridgePortConfig" order="sequenced" srcClassRef="BridgePortConfig" srcName="none" type="framework.ResultChild" />

    
    <stc:relation allowDuplicate="false" dstClassRef="BridgePortResults" dstName="none" embedDstInIlClass="false" embedSrcInIlClass="false" id="0x1100B003" isInternal="false" maxOccurs="unbounded" minOccurs="0" name="ResultParentMstiConfig" order="sequenced" srcClassRef="MstiConfig" srcName="none" type="framework.ResultChild" />

    
    <stc:relation allowDuplicate="false" dstClassRef="BridgePortResults" dstName="none" embedDstInIlClass="false" embedSrcInIlClass="false" id="0x1100B004" isInternal="false" maxOccurs="unbounded" minOccurs="0" name="ParentMstiConfig" order="sequenced" srcClassRef="MstiConfig" srcName="none" type="framework.ParentChild" />

  </stc:class>
  
  
  <stc:class baseClass="BaseBridgePortResults" canCreate="true" displayName="StpPortResults" id="0x1100C000" idlMapped="stp" ilMapped="default" isInternal="false" isReadOnly="false" isSingleton="false" name="MstiResults" noSave="false" profile="stp">
    

    <stc:relation allowDuplicate="false" dstClassRef="MstiResults" dstName="none" embedDstInIlClass="false" embedSrcInIlClass="false" id="0x1100C001" isInternal="false" maxOccurs="unbounded" minOccurs="0" name="ParentMstiConfig" order="sequenced" srcClassRef="MstiConfig" srcName="none" type="framework.ParentChild" />

    <stc:relation allowDuplicate="false" dstClassRef="MstiResults" dstName="none" embedDstInIlClass="false" embedSrcInIlClass="false" id="0x1100C002" isInternal="false" maxOccurs="unbounded" minOccurs="0" name="ResultParentMstiConfig" order="sequenced" srcClassRef="MstiConfig" srcName="none" type="framework.ResultChild" />
  </stc:class>
  
  
  <stc:class baseClass="framework.Command" canCreate="false" id="0x1100D000" idlMapped="na" ilMapped="na" isInternal="false" isReadOnly="false" isSingleton="false" name="BridgePortCommand" noSave="false" profile="stp">
      <stc:attribute id="0x1100D001" internalIsEnum="false" internalType="bool" name="none" type="core.RequireApplyToIL" value="true" />
      <stc:property category="config" collectionType="vector" databaseType="DEFAULT" default="0" displayName="Bridge Port Handle List" format="number" id="0x1100D002" idlMapped="true" ilMapped="true" isComposite="false" isDataStream="false" isDeprecated="false" isInternal="false" isReadOnly="false" maxOccurs="unbounded" minOccurs="0" name="BridgePortConfigList" noSave="false" nullable="false" onModifyNotifyMode="periodic" precision="" replaces="" type="handle" />
  </stc:class>

  <stc:class baseClass="BridgePortCommand" canCreate="true" displayName="Initiate Bridge Port Topology Change" id="0x1100E000" idlMapped="na" ilMapped="na" isInternal="false" isReadOnly="false" isSingleton="false" name="StpInitTopoChangeBridgePortCommand" noSave="false" profile="stp">
      <stc:attribute id="0x1100E001" internalIsEnum="false" internalType="bool" name="none" type="core.Sequenceable" value="true" />
      <stc:attribute id="0x1100E002" internalIsEnum="false" internalType="string" name="none" type="framework.CommandDescription" value="Initiate topology change for the selected Bridge Ports." />
      <stc:attribute id="0x1100E003" internalIsEnum="false" internalType="string" name="none" type="framework.CommandCategory" value="Switching//STP" />
  </stc:class>

  
  <stc:class baseClass="framework.Command" canCreate="false" id="0x1100F000" idlMapped="na" ilMapped="na" isInternal="false" isReadOnly="false" isSingleton="false" name="CistCommand" noSave="false" profile="stp">
      <stc:attribute id="0x1100F001" internalIsEnum="false" internalType="bool" name="none" type="core.RequireApplyToIL" value="true" />
      <stc:property category="config" collectionType="vector" databaseType="DEFAULT" default="0" displayName="List of MSTP Instance zero" format="number" id="0x1100F002" idlMapped="true" ilMapped="true" isComposite="false" isDataStream="false" isDeprecated="false" isInternal="false" isReadOnly="false" maxOccurs="unbounded" minOccurs="0" name="MstpBridgePortConfigList" noSave="false" nullable="false" onModifyNotifyMode="periodic" precision="" replaces="" type="handle" />
  </stc:class>

  <stc:class baseClass="CistCommand" canCreate="true" displayName="Start CIST" id="0x11010000" idlMapped="na" ilMapped="na" isInternal="false" isReadOnly="false" isSingleton="false" name="StpStartCistCommand" noSave="false" profile="stp">
      <stc:attribute id="0x11010001" internalIsEnum="false" internalType="bool" name="none" type="core.Sequenceable" value="true" />
      <stc:attribute id="0x11010002" internalIsEnum="false" internalType="string" name="none" type="framework.CommandDescription" value="Start CIST for the selected CIST Ports." />
      <stc:attribute id="0x11010003" internalIsEnum="false" internalType="string" name="none" type="framework.CommandCategory" value="Switching//STP" />
  </stc:class>

  <stc:class baseClass="CistCommand" canCreate="true" displayName="Stop CIST" id="0x11011000" idlMapped="na" ilMapped="na" isInternal="false" isReadOnly="false" isSingleton="false" name="StpStopCistCommand" noSave="false" profile="stp">
      <stc:attribute id="0x11011001" internalIsEnum="false" internalType="bool" name="none" type="core.Sequenceable" value="true" />
      <stc:attribute id="0x11011002" internalIsEnum="false" internalType="string" name="none" type="framework.CommandDescription" value="Stop CIST for the selected CIST Ports." />
      <stc:attribute id="0x11011003" internalIsEnum="false" internalType="string" name="none" type="framework.CommandCategory" value="Switching//STP" />
  </stc:class>

  <stc:class baseClass="CistCommand" canCreate="true" displayName="Initiate CIST Topology Change" id="0x11012000" idlMapped="na" ilMapped="na" isInternal="false" isReadOnly="false" isSingleton="false" name="StpInitTopoChangeCistCommand" noSave="false" profile="stp">
      <stc:attribute id="0x11012001" internalIsEnum="false" internalType="bool" name="none" type="core.Sequenceable" value="true" />
      <stc:attribute id="0x11012002" internalIsEnum="false" internalType="string" name="none" type="framework.CommandDescription" value="Initiate topology change for the selected CIST Ports." />
      <stc:attribute id="0x11012003" internalIsEnum="false" internalType="string" name="none" type="framework.CommandCategory" value="Switching//STP" />
  </stc:class>

  

  <stc:class baseClass="framework.Command" canCreate="false" id="0x11013000" idlMapped="na" ilMapped="na" isInternal="false" isReadOnly="false" isSingleton="false" name="MstiCommand" noSave="false" profile="stp">
    <stc:attribute id="0x11013001" internalIsEnum="false" internalType="bool" name="none" type="core.RequireApplyToIL" value="true" />
    <stc:property category="config" collectionType="vector" databaseType="DEFAULT" default="0" displayName="Mst instance list" format="number" id="0x11013002" idlMapped="true" ilMapped="true" isComposite="false" isDataStream="false" isDeprecated="false" isInternal="false" isReadOnly="false" maxOccurs="unbounded" minOccurs="0" name="MstiConfigList" noSave="false" nullable="false" onModifyNotifyMode="periodic" precision="" replaces="" type="handle">
		<stc:attribute id="0x11013003" internalIsEnum="false" internalType="string" name="none" type="core.ValidHandleTypes" value="MstiConfig" />
	</stc:property> 
		
  </stc:class>
  <stc:class baseClass="MstiCommand" canCreate="true" displayName="Start MSTI" id="0x11014000" idlMapped="na" ilMapped="na" isInternal="false" isReadOnly="false" isSingleton="false" name="StpStartMstiCommand" noSave="false" profile="stp">
    <stc:attribute id="0x11014001" internalIsEnum="false" internalType="bool" name="none" type="core.Sequenceable" value="true" />
    <stc:attribute id="0x11014002" internalIsEnum="false" internalType="string" name="none" type="framework.CommandDescription" value="Start MSTI for the selected MSTI instances." />
    <stc:attribute id="0x11014003" internalIsEnum="false" internalType="string" name="none" type="framework.CommandCategory" value="Switching//STP" />
  </stc:class>

  <stc:class baseClass="MstiCommand" canCreate="true" displayName="Stop MSTI" id="0x11015000" idlMapped="na" ilMapped="na" isInternal="false" isReadOnly="false" isSingleton="false" name="StpStopMstiCommand" noSave="false" profile="stp">
    <stc:attribute id="0x11015001" internalIsEnum="false" internalType="bool" name="none" type="core.Sequenceable" value="true" />
    <stc:attribute id="0x11015002" internalIsEnum="false" internalType="string" name="none" type="framework.CommandDescription" value="Stop MSTI for the selected MSTI instances." />
    <stc:attribute id="0x11015003" internalIsEnum="false" internalType="string" name="none" type="framework.CommandCategory" value="Switching//STP" />
  </stc:class>

  <stc:class baseClass="MstiCommand" canCreate="true" displayName="Initiate MSTI Topology Change" id="0x11016000" idlMapped="na" ilMapped="na" isInternal="false" isReadOnly="false" isSingleton="false" name="StpInitTopoChangeMstiCommand" noSave="false" profile="stp">
    <stc:attribute id="0x11016001" internalIsEnum="false" internalType="bool" name="none" type="core.Sequenceable" value="true" />
    <stc:attribute id="0x11016002" internalIsEnum="false" internalType="string" name="none" type="framework.CommandDescription" value="Initiate topology change for the selected MSTI instances." />
    <stc:attribute id="0x11016003" internalIsEnum="false" internalType="string" name="none" type="framework.CommandCategory" value="Switching//STP" />
  </stc:class>

  
  
  <stc:class baseClass="framework.Command" canCreate="true" id="0x11017000" idlMapped="na" ilMapped="na" isInternal="false" isReadOnly="false" isSingleton="false" name="ChangeStpTypeCommand" noSave="false" profile="Stp">

    <stc:property category="input" collectionType="vector" databaseType="DEFAULT" default="0" displayName="Stp Port Handle" format="number" id="0x11017001" idlMapped="true" ilMapped="true" isComposite="false" isDataStream="false" isDeprecated="false" isInternal="false" isReadOnly="false" maxOccurs="unbounded" minOccurs="0" name="StpPortList" noSave="false" nullable="false" onModifyNotifyMode="none" precision="" replaces="" type="handle" />
    <stc:property category="input" collectionType="vector" databaseType="DEFAULT" default="0" displayName="StpType" format="number" id="0x11017002" idlMapped="true" ilMapped="true" isComposite="false" isDataStream="false" isDeprecated="false" isInternal="false" isReadOnly="false" maxOccurs="1" minOccurs="1" name="StpType" noSave="false" nullable="false" onModifyNotifyMode="none" precision="" replaces="" type="u8" />

  </stc:class>

  <stc:class baseClass="framework.Command" canCreate="true" id="0x11018000" idlMapped="na" ilMapped="na" isInternal="false" isReadOnly="false" isSingleton="false" name="ChangeMstpRegionCommand" noSave="false" profile="Stp">

    <stc:property category="input" collectionType="vector" databaseType="DEFAULT" default="0" displayName="Mstp Region Handle" format="number" id="0x11018001" idlMapped="true" ilMapped="true" isComposite="false" isDataStream="false" isDeprecated="false" isInternal="false" isReadOnly="false" maxOccurs="unbounded" minOccurs="0" name="MstpRegionList" noSave="false" nullable="false" onModifyNotifyMode="none" precision="" replaces="" type="handle" />
  </stc:class>

  <stc:class baseClass="framework.Command" canCreate="true" id="0x11019000" idlMapped="na" ilMapped="na" isInternal="false" isReadOnly="false" isSingleton="false" name="SetMstpRegionCommand" noSave="false" profile="Stp">

    <stc:property category="input" collectionType="vector" databaseType="DEFAULT" default="0" displayName="Mstp Region Handle" format="number" id="0x11019001" idlMapped="true" ilMapped="true" isComposite="false" isDataStream="false" isDeprecated="false" isInternal="false" isReadOnly="false" maxOccurs="unbounded" minOccurs="0" name="MstpRegion" noSave="false" nullable="false" onModifyNotifyMode="none" precision="" replaces="" type="handle" />
    <stc:property category="input" collectionType="vector" databaseType="DEFAULT" default="0" displayName="Stp Port Handle" format="number" id="0x11019002" idlMapped="true" ilMapped="true" isComposite="false" isDataStream="false" isDeprecated="false" isInternal="false" isReadOnly="false" maxOccurs="unbounded" minOccurs="0" name="StpPortList" noSave="false" nullable="false" onModifyNotifyMode="none" precision="" replaces="" type="handle" />
    <stc:property category="input" collectionType="vector" databaseType="DEFAULT" default="0" displayName="Instance Number List" format="number" id="0x11019003" idlMapped="true" ilMapped="true" isComposite="false" isDataStream="false" isDeprecated="false" isInternal="false" isReadOnly="false" maxOccurs="unbounded" minOccurs="0" name="InstanceNumList" noSave="false" nullable="false" onModifyNotifyMode="none" precision="" replaces="" type="u16" />
    <stc:property category="input" collectionType="vector" databaseType="DEFAULT" default="0" displayName="Instance Vlan List" format="number" id="0x11019004" idlMapped="true" ilMapped="true" isComposite="false" isDataStream="false" isDeprecated="false" isInternal="false" isReadOnly="false" maxOccurs="unbounded" minOccurs="0" name="InstanceVlanList" noSave="false" nullable="false" onModifyNotifyMode="none" precision="" replaces="" type="string" />
  </stc:class>


  

  <stc:class baseClass="routing.rtgcore.ConfigRoutingIlLoggingCommand" canCreate="true" id="0x1101A000" idlMapped="na" ilMapped="na" isInternal="false" isReadOnly="false" isSingleton="false" name="ConfigStpIlLoggingCommand" noSave="false" profile="stp">

    <stc:attribute id="0x1101A001" internalIsEnum="false" internalType="string" name="none" type="core.LogType" value="STP" />
  </stc:class>

  <stc:class baseClass="routing.rtgcore.GetRoutingLoggingConfigCommand" canCreate="true" id="0x1101B000" idlMapped="na" ilMapped="na" isInternal="false" isReadOnly="false" isSingleton="false" name="GetStpLoggingConfigCommand" noSave="false" profile="stp">

    <stc:attribute id="0x1101B001" internalIsEnum="false" internalType="string" name="none" type="core.LogType" value="STP" />
  </stc:class>
  
  
  
  
  <stc:class baseClass="framework.Result" canCreate="true" id="0x1101C000" idlMapped="na" ilMapped="na" isInternal="false" isReadOnly="false" isSingleton="false" name="StpStateSummary" noSave="false" profile="stp">

    <stc:relation allowDuplicate="false" dstClassRef="StpStateSummary" dstName="none" embedDstInIlClass="false" embedSrcInIlClass="false" id="0x1101C001" isInternal="false" maxOccurs="1" minOccurs="0" name="SummaryParentProject" order="sequenced" srcClassRef="framework.Project" srcName="none" type="framework.ParentChild" />
    <stc:relation allowDuplicate="false" dstClassRef="StpStateSummary" dstName="none" embedDstInIlClass="false" embedSrcInIlClass="false" id="0x1101C002" isInternal="false" maxOccurs="1" minOccurs="0" name="ProjectSummaryResult" order="sequenced" srcClassRef="framework.Project" srcName="none" type="framework.ResultChild" />
    <stc:relation allowDuplicate="false" dstClassRef="StpStateSummary" dstName="none" embedDstInIlClass="false" embedSrcInIlClass="false" id="0x1101C003" isInternal="false" maxOccurs="1" minOccurs="0" name="SummaryParentPort" order="sequenced" srcClassRef="core.Port" srcName="none" type="framework.ParentChild" />
    <stc:relation allowDuplicate="false" dstClassRef="StpStateSummary" dstName="none" embedDstInIlClass="false" embedSrcInIlClass="false" id="0x1101C004" isInternal="false" maxOccurs="1" minOccurs="0" name="PortSummaryResult" order="sequenced" srcClassRef="core.Port" srcName="none" type="framework.ResultChild" />

    <stc:property category="result" collectionType="vector" databaseType="DEFAULT" default="0" displayName="Not Started Count" format="number" id="0x1101C005" idlMapped="true" ilMapped="true" isComposite="false" isDataStream="false" isDeprecated="false" isInternal="false" isReadOnly="true" maxOccurs="1" minOccurs="1" name="NotStartedCount" noSave="true" nullable="false" onModifyNotifyMode="periodic" precision="" replaces="" type="u32">
    </stc:property>
    <stc:property category="result" collectionType="vector" databaseType="DEFAULT" default="0" displayName="Started Count" format="number" id="0x1101C006" idlMapped="true" ilMapped="true" isComposite="false" isDataStream="false" isDeprecated="false" isInternal="false" isReadOnly="true" maxOccurs="1" minOccurs="1" name="StartedCount" noSave="true" nullable="false" onModifyNotifyMode="periodic" precision="" replaces="" type="u32">
    </stc:property>

  </stc:class>


  
  
  <stc:commandTarget command="StpInitTopoChangeBridgePortCommand" default="0" target="BridgePortConfig" />
  <stc:commandTarget command="StpStartCistCommand" default="1" target="BridgePortConfig" />
  <stc:commandTarget command="StpStopCistCommand" default="0" target="BridgePortConfig" />
  <stc:commandTarget command="StpInitTopoChangeCistCommand" default="0" target="BridgePortConfig" />
  <stc:commandTarget command="StpStartMstiCommand" default="0" target="BridgePortConfig" />
  <stc:commandTarget command="StpStopMstiCommand" default="0" target="BridgePortConfig" />
  <stc:commandTarget command="StpInitTopoChangeMstiCommand" default="0" target="BridgePortConfig" />
  <stc:commandTarget command="StpUpdateMstiCommand" default="0" target="BridgePortConfig" />
</stc:meta>