<stc:meta xmlns:stc="urn:www.spirentcom.com:XMLSchema.xsd" id="0x88000000" package="routing" plugin="synce" version="0.0.0-0">
    <stc:idlDef idlDepends="" idlImplements="../../rtgcore/idl/rtgcore_Autogen.idl" idlIncludes="../../../../framework/idl/result_Autogen.idl" idlName="synce" idlVersion="1" isInterface="true" />

    
    
    

    
    
    <stc:class baseClass="core.ProtocolConfig" canCreate="true" displayName="SyncE" id="0x88001000" idlMapped="na" ilMapped="na" isInternal="false" isReadOnly="false" isSingleton="false" name="SyncEthDeviceConfig" noSave="false" profile="synce">

         
        <stc:attribute id="0x88001001" internalIsEnum="false" internalType="string" name="none" type="framework.EventMessageAllTypes" value="SyncEthAllEvents" />
        <stc:attribute id="0x88001002" internalIsEnum="false" internalType="string" name="none" type="framework.EventMessageDefaultTypes" value="SyncEthDefaultEvents" />

        
        <stc:relation allowDuplicate="false" dstClassRef="SyncEthDeviceConfig" dstName="none" embedDstInIlClass="false" embedSrcInIlClass="false" id="0x88001003" isInternal="false" maxOccurs="1" minOccurs="0" name="ParentDevice" order="sequenced" srcClassRef="core.EmulatedDevice" srcName="none" type="framework.ParentChild" />

        
        <stc:enumeration idlMapped="true" ilMapped="true" isFlags="false" name="EnumClockState">
          <stc:enum displayName="Not Started" idlMapped="true" ilMapped="true" name="NONE" value="0" />
          <stc:enum displayName="Initializing" idlMapped="true" ilMapped="true" name="INITIALIZING" value="1" />
          <stc:enum displayName="Slave" idlMapped="true" ilMapped="true" name="SLAVE" value="2" />
          <stc:enum displayName="Master" idlMapped="true" ilMapped="true" name="MASTER" value="3" />
        </stc:enumeration>

        <stc:enumeration idlMapped="true" ilMapped="true" isFlags="false" name="EnumQualityLevelOption1">
          <stc:enum displayName="QL-PRC" idlMapped="true" ilMapped="true" name="QL_PRC" value="2" />
          <stc:enum displayName="QL-SSU-A" idlMapped="true" ilMapped="true" name="QL_SSU_A" value="4" />
          <stc:enum displayName="QL-SSU-B" idlMapped="true" ilMapped="true" name="QL_SSU_B" value="8" />
          <stc:enum displayName="QL-SEC" idlMapped="true" ilMapped="true" name="QL_SEC" value="11" />
          <stc:enum displayName="QL-DNU" idlMapped="true" ilMapped="true" name="QL_DNU" value="15" />
        </stc:enumeration>

        <stc:enumeration idlMapped="true" ilMapped="true" isFlags="false" name="EnumQualityLevelOption2">
          <stc:enum displayName="QL-STU" idlMapped="true" ilMapped="true" name="QL_STU" value="0" />
          <stc:enum displayName="QL-PRS" idlMapped="true" ilMapped="true" name="QL_PRS" value="1" />
          <stc:enum displayName="QL-TNC" idlMapped="true" ilMapped="true" name="QL_TNC" value="4" />
          <stc:enum displayName="QL-ST2" idlMapped="true" ilMapped="true" name="QL_ST2" value="7" />
          <stc:enum displayName="QL-ST3" idlMapped="true" ilMapped="true" name="QL_ST3" value="10" />
          <stc:enum displayName="QL-SMC" idlMapped="true" ilMapped="true" name="QL_SMC" value="12" />
          <stc:enum displayName="QL-ST3E" idlMapped="true" ilMapped="true" name="QL_ST3E" value="13" />
          <stc:enum displayName="QL-PROV" idlMapped="true" ilMapped="true" name="QL_PROV" value="14" />
          <stc:enum displayName="QL-DUS" idlMapped="true" ilMapped="true" name="QL_DUS" value="15" />
        </stc:enumeration>

        
        <stc:property category="state" collectionType="vector" databaseType="DEFAULT" default="NONE" displayName="Clock State" format="number" id="0x88001004" idlMapped="true" ilMapped="true" isComposite="false" isDataStream="false" isDeprecated="false" isInternal="false" isReadOnly="true" maxOccurs="1" minOccurs="1" name="ClockState" noSave="true" nullable="false" onModifyNotifyMode="queued" precision="" replaces="" type="u16">
          <stc:enumerationRef ref="EnumClockState" />
        </stc:property>

        <stc:property category="config" collectionType="vector" databaseType="DEFAULT" default="QL-PRS" displayName="Quality Level" format="number" id="0x88001005" idlMapped="true" ilMapped="true" isComposite="false" isDataStream="false" isDeprecated="false" isInternal="false" isReadOnly="false" maxOccurs="1" minOccurs="1" name="QualityLevel" noSave="false" nullable="false" onModifyNotifyMode="periodic" precision="" replaces="" type="string">
        </stc:property>

        <stc:property category="config" collectionType="vector" databaseType="DEFAULT" default="1.0" displayName="Rate (messages/sec)" format="number" id="0x88001006" idlMapped="true" ilMapped="true" isComposite="false" isDataStream="false" isDeprecated="false" isInternal="false" isReadOnly="false" maxOccurs="1" minOccurs="1" name="Rate" noSave="false" nullable="false" onModifyNotifyMode="periodic" precision="" replaces="" type="double">
        </stc:property>

        
        <stc:property category="config" collectionType="vector" databaseType="DEFAULT" default="false" displayName="Enable Event Log" format="number" id="0x88001007" idlMapped="true" ilMapped="true" isComposite="false" isDataStream="false" isDeprecated="false" isInternal="true" isReadOnly="false" maxOccurs="1" minOccurs="1" name="EnableEventLog" noSave="false" nullable="false" onModifyNotifyMode="periodic" precision="" replaces="" type="bool" />

    </stc:class>

    
    
    <stc:class baseClass="framework.Scriptable" canCreate="true" id="0x88002000" idlMapped="na" ilMapped="na" isInternal="false" isReadOnly="false" isSingleton="false" name="SyncEthPortConfig" noSave="false" profile="synce">

        
        <stc:relation allowDuplicate="false" dstClassRef="SyncEthPortConfig" dstName="none" embedDstInIlClass="false" embedSrcInIlClass="false" id="0x88002001" isInternal="false" maxOccurs="1" minOccurs="0" name="ParentPort" order="sequenced" srcClassRef="core.Port" srcName="none" type="framework.ParentChild" />

        
        <stc:enumeration idlMapped="true" ilMapped="true" isFlags="false" name="EnumOptionType">
            <stc:enum displayName="Option 1" idlMapped="true" ilMapped="true" name="OPTION1" value="0" />
            <stc:enum displayName="Option 2" idlMapped="true" ilMapped="true" name="OPTION2" value="1" />
        </stc:enumeration>

        
        <stc:property category="config" collectionType="vector" databaseType="DEFAULT" default="OPTION2" displayName="Option Type" format="number" id="0x88002002" idlMapped="true" ilMapped="true" isComposite="false" isDataStream="false" isDeprecated="false" isInternal="false" isReadOnly="false" maxOccurs="1" minOccurs="1" name="OptionType" noSave="false" nullable="false" onModifyNotifyMode="periodic" precision="" replaces="" type="u8">
            <stc:enumerationRef ref="EnumOptionType" />
        </stc:property>
    </stc:class>

    
    
    

    
    
    <stc:class baseClass="framework.Result" canCreate="true" id="0x88003000" idlMapped="na" ilMapped="na" isInternal="false" isReadOnly="false" isSingleton="false" name="SyncEthPortResults" noSave="false" profile="synce">

        
        <stc:relation allowDuplicate="false" dstClassRef="SyncEthPortResults" dstName="none" embedDstInIlClass="false" embedSrcInIlClass="false" id="0x88003001" isInternal="false" maxOccurs="unbounded" minOccurs="0" name="ParentSyncEthPortResultsRelation" order="sequenced" srcClassRef="SyncEthPortConfig" srcName="none" type="framework.ParentChild" />

        
        <stc:relation allowDuplicate="false" dstClassRef="SyncEthPortResults" dstName="none" embedDstInIlClass="false" embedSrcInIlClass="false" id="0x88003002" isInternal="false" maxOccurs="unbounded" minOccurs="0" name="ResultChildSyncEthPortResults" order="sequenced" srcClassRef="SyncEthPortConfig" srcName="none" type="framework.ResultChild" />

        <stc:property category="result" collectionType="vector" databaseType="DEFAULT" default="0" displayName="Tx Information Messages" format="number" id="0x88003003" idlMapped="true" ilMapped="true" isComposite="false" isDataStream="false" isDeprecated="false" isInternal="false" isReadOnly="true" maxOccurs="1" minOccurs="1" name="TxInfoMsgs" noSave="true" nullable="false" onModifyNotifyMode="periodic" precision="" replaces="" type="u32">
          <stc:attribute id="0x88003007" internalIsEnum="false" internalType="bool" name="none" type="core.ResultPropertyMarkForEotSave" value="true" />
          <stc:attribute id="0x88003008" internalIsEnum="false" internalType="bool" name="none" type="core.ResultPropertyIsDefaultForSubscription" value="true" />
          <stc:attribute id="0x88003009" internalIsEnum="false" internalType="string" name="none" type="core.ResultPropertyIlCounterpartName" value="TxHeartbeat" />
        </stc:property>
        <stc:property category="result" collectionType="vector" databaseType="DEFAULT" default="0" displayName="Tx Event Messages" format="number" id="0x88003004" idlMapped="true" ilMapped="true" isComposite="false" isDataStream="false" isDeprecated="false" isInternal="false" isReadOnly="true" maxOccurs="1" minOccurs="1" name="TxEvents" noSave="true" nullable="false" onModifyNotifyMode="periodic" precision="" replaces="" type="u32">
          <stc:attribute id="0x8800300A" internalIsEnum="false" internalType="bool" name="none" type="core.ResultPropertyMarkForEotSave" value="true" />
          <stc:attribute id="0x8800300B" internalIsEnum="false" internalType="bool" name="none" type="core.ResultPropertyIsDefaultForSubscription" value="true" />
          <stc:attribute id="0x8800300C" internalIsEnum="false" internalType="string" name="none" type="core.ResultPropertyIlCounterpartName" value="TxEvent" />
        </stc:property>

        <stc:property category="result" collectionType="vector" databaseType="DEFAULT" default="0" displayName="Rx Information Messages" format="number" id="0x88003005" idlMapped="true" ilMapped="true" isComposite="false" isDataStream="false" isDeprecated="false" isInternal="false" isReadOnly="true" maxOccurs="1" minOccurs="1" name="RxInfoMsgs" noSave="true" nullable="false" onModifyNotifyMode="periodic" precision="" replaces="" type="u32">
          <stc:attribute id="0x8800300D" internalIsEnum="false" internalType="bool" name="none" type="core.ResultPropertyMarkForEotSave" value="true" />
          <stc:attribute id="0x8800300E" internalIsEnum="false" internalType="bool" name="none" type="core.ResultPropertyIsDefaultForSubscription" value="true" />
          <stc:attribute id="0x8800300F" internalIsEnum="false" internalType="string" name="none" type="core.ResultPropertyIlCounterpartName" value="RxHeartbeat" />
        </stc:property>
        <stc:property category="result" collectionType="vector" databaseType="DEFAULT" default="0" displayName="Rx Event Messages" format="number" id="0x88003006" idlMapped="true" ilMapped="true" isComposite="false" isDataStream="false" isDeprecated="false" isInternal="false" isReadOnly="true" maxOccurs="1" minOccurs="1" name="RxEvents" noSave="true" nullable="false" onModifyNotifyMode="periodic" precision="" replaces="" type="u32">
          <stc:attribute id="0x88003010" internalIsEnum="false" internalType="bool" name="none" type="core.ResultPropertyMarkForEotSave" value="true" />
          <stc:attribute id="0x88003011" internalIsEnum="false" internalType="bool" name="none" type="core.ResultPropertyIsDefaultForSubscription" value="true" />
          <stc:attribute id="0x88003012" internalIsEnum="false" internalType="string" name="none" type="core.ResultPropertyIlCounterpartName" value="RxEvent" />
        </stc:property>
    </stc:class>

    <stc:class baseClass="framework.Result" canCreate="true" id="0x88004000" idlMapped="na" ilMapped="na" isInternal="false" isReadOnly="false" isSingleton="false" name="SyncEthOption1Results" noSave="false" profile="synce">

      
      <stc:relation allowDuplicate="false" dstClassRef="SyncEthOption1Results" dstName="none" embedDstInIlClass="false" embedSrcInIlClass="false" id="0x88004001" isInternal="false" maxOccurs="unbounded" minOccurs="0" name="ParentSyncEthPortResultsRelation" order="sequenced" srcClassRef="SyncEthPortConfig" srcName="none" type="framework.ParentChild" />

      
      <stc:relation allowDuplicate="false" dstClassRef="SyncEthOption1Results" dstName="none" embedDstInIlClass="false" embedSrcInIlClass="false" id="0x88004002" isInternal="false" maxOccurs="unbounded" minOccurs="0" name="ResultChildSyncEthPortResults" order="sequenced" srcClassRef="SyncEthPortConfig" srcName="none" type="framework.ResultChild" />

      
      <stc:relation allowDuplicate="false" dstClassRef="SyncEthOption1Results" dstName="none" embedDstInIlClass="false" embedSrcInIlClass="false" id="0x88004003" isInternal="false" maxOccurs="unbounded" minOccurs="0" name="ParentSyncEthDeviceResultsRelation" order="sequenced" srcClassRef="SyncEthDeviceConfig" srcName="none" type="framework.ParentChild" />

      
      <stc:relation allowDuplicate="false" dstClassRef="SyncEthOption1Results" dstName="none" embedDstInIlClass="false" embedSrcInIlClass="false" id="0x88004004" isInternal="false" maxOccurs="unbounded" minOccurs="0" name="ResultChildSyncEthDeviceResults" order="sequenced" srcClassRef="SyncEthDeviceConfig" srcName="none" type="framework.ResultChild" />

      <stc:property category="result" collectionType="vector" databaseType="DEFAULT" default="0" displayName="PcHandle" format="number" id="0x88004005" idlMapped="true" ilMapped="true" isComposite="false" isDataStream="false" isDeprecated="false" isInternal="true" isReadOnly="true" maxOccurs="1" minOccurs="1" name="PcHandle" noSave="true" nullable="false" onModifyNotifyMode="periodic" precision="" replaces="" type="u32">
          <stc:attribute id="0x88004012" internalIsEnum="false" internalType="bool" name="none" type="core.ResultPropertyMarkForEotSave" value="true" />
          <stc:attribute id="0x88004013" internalIsEnum="false" internalType="bool" name="none" type="core.ResultPropertyIsDefaultForSubscription" value="true" />
      </stc:property>
      <stc:property category="result" collectionType="vector" databaseType="DEFAULT" default="0" displayName="QL-PRC Tx Count" format="number" id="0x88004006" idlMapped="true" ilMapped="true" isComposite="false" isDataStream="false" isDeprecated="false" isInternal="false" isReadOnly="true" maxOccurs="1" minOccurs="1" name="TxQlPrcCount" noSave="true" nullable="false" onModifyNotifyMode="periodic" precision="" replaces="" type="u32">
          <stc:attribute id="0x88004014" internalIsEnum="false" internalType="string" name="none" type="core.ResultPropertyIlCounterpartName" value="TxQL2" />
          <stc:attribute id="0x88004015" internalIsEnum="false" internalType="bool" name="none" type="core.ResultPropertyMarkForEotSave" value="true" />
          <stc:attribute id="0x88004016" internalIsEnum="false" internalType="bool" name="none" type="core.ResultPropertyIsDefaultForSubscription" value="true" />
      </stc:property>
      <stc:property category="result" collectionType="vector" databaseType="DEFAULT" default="0" displayName="QL-SSU-A Tx Count" format="number" id="0x88004007" idlMapped="true" ilMapped="true" isComposite="false" isDataStream="false" isDeprecated="false" isInternal="false" isReadOnly="true" maxOccurs="1" minOccurs="1" name="TxQlSsuaCount" noSave="true" nullable="false" onModifyNotifyMode="periodic" precision="" replaces="" type="u32">
          <stc:attribute id="0x88004017" internalIsEnum="false" internalType="string" name="none" type="core.ResultPropertyIlCounterpartName" value="TxQL4" />
          <stc:attribute id="0x88004018" internalIsEnum="false" internalType="bool" name="none" type="core.ResultPropertyMarkForEotSave" value="true" />
          <stc:attribute id="0x88004019" internalIsEnum="false" internalType="bool" name="none" type="core.ResultPropertyIsDefaultForSubscription" value="true" />
      </stc:property>
      <stc:property category="result" collectionType="vector" databaseType="DEFAULT" default="0" displayName="QL-SSU-B Tx Count" format="number" id="0x88004008" idlMapped="true" ilMapped="true" isComposite="false" isDataStream="false" isDeprecated="false" isInternal="false" isReadOnly="true" maxOccurs="1" minOccurs="1" name="TxQlSsubCount" noSave="true" nullable="false" onModifyNotifyMode="periodic" precision="" replaces="" type="u32">
          <stc:attribute id="0x8800401A" internalIsEnum="false" internalType="string" name="none" type="core.ResultPropertyIlCounterpartName" value="TxQL8" />
          <stc:attribute id="0x8800401B" internalIsEnum="false" internalType="bool" name="none" type="core.ResultPropertyMarkForEotSave" value="true" />
          <stc:attribute id="0x8800401C" internalIsEnum="false" internalType="bool" name="none" type="core.ResultPropertyIsDefaultForSubscription" value="true" />
      </stc:property>
      <stc:property category="result" collectionType="vector" databaseType="DEFAULT" default="0" displayName="QL-SEC Tx Count" format="number" id="0x88004009" idlMapped="true" ilMapped="true" isComposite="false" isDataStream="false" isDeprecated="false" isInternal="false" isReadOnly="true" maxOccurs="1" minOccurs="1" name="TxQlSecCount" noSave="true" nullable="false" onModifyNotifyMode="periodic" precision="" replaces="" type="u32">
          <stc:attribute id="0x8800401D" internalIsEnum="false" internalType="string" name="none" type="core.ResultPropertyIlCounterpartName" value="TxQL11" />
          <stc:attribute id="0x8800401E" internalIsEnum="false" internalType="bool" name="none" type="core.ResultPropertyMarkForEotSave" value="true" />
          <stc:attribute id="0x8800401F" internalIsEnum="false" internalType="bool" name="none" type="core.ResultPropertyIsDefaultForSubscription" value="true" />
      </stc:property>
      <stc:property category="result" collectionType="vector" databaseType="DEFAULT" default="0" displayName="QL-DNU Tx Count" format="number" id="0x8800400A" idlMapped="true" ilMapped="true" isComposite="false" isDataStream="false" isDeprecated="false" isInternal="false" isReadOnly="true" maxOccurs="1" minOccurs="1" name="TxQlDnuCount" noSave="true" nullable="false" onModifyNotifyMode="periodic" precision="" replaces="" type="u32">
          <stc:attribute id="0x88004020" internalIsEnum="false" internalType="string" name="none" type="core.ResultPropertyIlCounterpartName" value="TxQL15" />
          <stc:attribute id="0x88004021" internalIsEnum="false" internalType="bool" name="none" type="core.ResultPropertyMarkForEotSave" value="true" />
          <stc:attribute id="0x88004022" internalIsEnum="false" internalType="bool" name="none" type="core.ResultPropertyIsDefaultForSubscription" value="true" />
      </stc:property>
      <stc:property category="result" collectionType="vector" databaseType="DEFAULT" default="0" displayName="QL Unsupported Tx Count" format="number" id="0x8800400B" idlMapped="true" ilMapped="true" isComposite="false" isDataStream="false" isDeprecated="false" isInternal="false" isReadOnly="true" maxOccurs="1" minOccurs="1" name="TxQlUnsupCount" noSave="true" nullable="false" onModifyNotifyMode="periodic" precision="" replaces="" type="u32">
          <stc:attribute id="0x88004023" internalIsEnum="false" internalType="string" name="none" type="core.ResultPropertyIlCounterpartName" value="(TxQL1 + TxQL3 + TxQL5 + TxQL6 + TxQL7 + TxQL9 + TxQL10 + TxQL12 + TxQL13 + TxQL14)" />
          <stc:attribute id="0x88004024" internalIsEnum="false" internalType="bool" name="none" type="core.ResultPropertyMarkForEotSave" value="true" />
          <stc:attribute id="0x88004025" internalIsEnum="false" internalType="bool" name="none" type="core.ResultPropertyIsDefaultForSubscription" value="true" />
      </stc:property>

      <stc:property category="result" collectionType="vector" databaseType="DEFAULT" default="0" displayName="QL-PRC Rx Count" format="number" id="0x8800400C" idlMapped="true" ilMapped="true" isComposite="false" isDataStream="false" isDeprecated="false" isInternal="false" isReadOnly="true" maxOccurs="1" minOccurs="1" name="RxQlPrcCount" noSave="true" nullable="false" onModifyNotifyMode="periodic" precision="" replaces="" type="u32">
          <stc:attribute id="0x88004026" internalIsEnum="false" internalType="string" name="none" type="core.ResultPropertyIlCounterpartName" value="RxQL2" />
          <stc:attribute id="0x88004027" internalIsEnum="false" internalType="bool" name="none" type="core.ResultPropertyMarkForEotSave" value="true" />
          <stc:attribute id="0x88004028" internalIsEnum="false" internalType="bool" name="none" type="core.ResultPropertyIsDefaultForSubscription" value="true" />
      </stc:property>
      <stc:property category="result" collectionType="vector" databaseType="DEFAULT" default="0" displayName="QL-SSU-A Rx Count" format="number" id="0x8800400D" idlMapped="true" ilMapped="true" isComposite="false" isDataStream="false" isDeprecated="false" isInternal="false" isReadOnly="true" maxOccurs="1" minOccurs="1" name="RxQlSsuaCount" noSave="true" nullable="false" onModifyNotifyMode="periodic" precision="" replaces="" type="u32">
          <stc:attribute id="0x88004029" internalIsEnum="false" internalType="string" name="none" type="core.ResultPropertyIlCounterpartName" value="RxQL4" />
          <stc:attribute id="0x8800402A" internalIsEnum="false" internalType="bool" name="none" type="core.ResultPropertyMarkForEotSave" value="true" />
          <stc:attribute id="0x8800402B" internalIsEnum="false" internalType="bool" name="none" type="core.ResultPropertyIsDefaultForSubscription" value="true" />
      </stc:property>
      <stc:property category="result" collectionType="vector" databaseType="DEFAULT" default="0" displayName="QL-SSU-B Rx Count" format="number" id="0x8800400E" idlMapped="true" ilMapped="true" isComposite="false" isDataStream="false" isDeprecated="false" isInternal="false" isReadOnly="true" maxOccurs="1" minOccurs="1" name="RxQlSsubCount" noSave="true" nullable="false" onModifyNotifyMode="periodic" precision="" replaces="" type="u32">
          <stc:attribute id="0x8800402C" internalIsEnum="false" internalType="string" name="none" type="core.ResultPropertyIlCounterpartName" value="RxQL8" />
          <stc:attribute id="0x8800402D" internalIsEnum="false" internalType="bool" name="none" type="core.ResultPropertyMarkForEotSave" value="true" />
          <stc:attribute id="0x8800402E" internalIsEnum="false" internalType="bool" name="none" type="core.ResultPropertyIsDefaultForSubscription" value="true" />
      </stc:property>
      <stc:property category="result" collectionType="vector" databaseType="DEFAULT" default="0" displayName="QL-SEC Rx Count" format="number" id="0x8800400F" idlMapped="true" ilMapped="true" isComposite="false" isDataStream="false" isDeprecated="false" isInternal="false" isReadOnly="true" maxOccurs="1" minOccurs="1" name="RxQlSecCount" noSave="true" nullable="false" onModifyNotifyMode="periodic" precision="" replaces="" type="u32">
          <stc:attribute id="0x8800402F" internalIsEnum="false" internalType="string" name="none" type="core.ResultPropertyIlCounterpartName" value="RxQL11" />
          <stc:attribute id="0x88004030" internalIsEnum="false" internalType="bool" name="none" type="core.ResultPropertyMarkForEotSave" value="true" />
          <stc:attribute id="0x88004031" internalIsEnum="false" internalType="bool" name="none" type="core.ResultPropertyIsDefaultForSubscription" value="true" />
      </stc:property>
      <stc:property category="result" collectionType="vector" databaseType="DEFAULT" default="0" displayName="QL-DNU Rx Count" format="number" id="0x88004010" idlMapped="true" ilMapped="true" isComposite="false" isDataStream="false" isDeprecated="false" isInternal="false" isReadOnly="true" maxOccurs="1" minOccurs="1" name="RxQlDnuCount" noSave="true" nullable="false" onModifyNotifyMode="periodic" precision="" replaces="" type="u32">
          <stc:attribute id="0x88004032" internalIsEnum="false" internalType="string" name="none" type="core.ResultPropertyIlCounterpartName" value="RxQL15" />
          <stc:attribute id="0x88004033" internalIsEnum="false" internalType="bool" name="none" type="core.ResultPropertyMarkForEotSave" value="true" />
          <stc:attribute id="0x88004034" internalIsEnum="false" internalType="bool" name="none" type="core.ResultPropertyIsDefaultForSubscription" value="true" />
      </stc:property>
      <stc:property category="result" collectionType="vector" databaseType="DEFAULT" default="0" displayName="QL Unsupported Rx Count" format="number" id="0x88004011" idlMapped="true" ilMapped="true" isComposite="false" isDataStream="false" isDeprecated="false" isInternal="false" isReadOnly="true" maxOccurs="1" minOccurs="1" name="RxQlUnsupCount" noSave="true" nullable="false" onModifyNotifyMode="periodic" precision="" replaces="" type="u32">
          <stc:attribute id="0x88004035" internalIsEnum="false" internalType="string" name="none" type="core.ResultPropertyIlCounterpartName" value="(RxQL1 + RxQL3 + RxQL5 + RxQL6 + RxQL7 + RxQL9 + RxQL10 + RxQL12 + RxQL13 + RxQL14)" />
          <stc:attribute id="0x88004036" internalIsEnum="false" internalType="bool" name="none" type="core.ResultPropertyMarkForEotSave" value="true" />
          <stc:attribute id="0x88004037" internalIsEnum="false" internalType="bool" name="none" type="core.ResultPropertyIsDefaultForSubscription" value="true" />
      </stc:property>
    </stc:class>

    <stc:class baseClass="framework.Result" canCreate="true" id="0x88005000" idlMapped="na" ilMapped="na" isInternal="false" isReadOnly="false" isSingleton="false" name="SyncEthOption2Results" noSave="false" profile="synce">

      
      <stc:relation allowDuplicate="false" dstClassRef="SyncEthOption2Results" dstName="none" embedDstInIlClass="false" embedSrcInIlClass="false" id="0x88005001" isInternal="false" maxOccurs="unbounded" minOccurs="0" name="ParentSyncEthPortResultsRelation" order="sequenced" srcClassRef="SyncEthPortConfig" srcName="none" type="framework.ParentChild" />

      
      <stc:relation allowDuplicate="false" dstClassRef="SyncEthOption2Results" dstName="none" embedDstInIlClass="false" embedSrcInIlClass="false" id="0x88005002" isInternal="false" maxOccurs="unbounded" minOccurs="0" name="ResultChildSyncEthPortResults" order="sequenced" srcClassRef="SyncEthPortConfig" srcName="none" type="framework.ResultChild" />

      
      <stc:relation allowDuplicate="false" dstClassRef="SyncEthOption2Results" dstName="none" embedDstInIlClass="false" embedSrcInIlClass="false" id="0x88005003" isInternal="false" maxOccurs="unbounded" minOccurs="0" name="ParentSyncEthDeviceResultsRelation" order="sequenced" srcClassRef="SyncEthDeviceConfig" srcName="none" type="framework.ParentChild" />

      
      <stc:relation allowDuplicate="false" dstClassRef="SyncEthOption2Results" dstName="none" embedDstInIlClass="false" embedSrcInIlClass="false" id="0x88005004" isInternal="false" maxOccurs="unbounded" minOccurs="0" name="ResultChildSyncEthDeviceResults" order="sequenced" srcClassRef="SyncEthDeviceConfig" srcName="none" type="framework.ResultChild" />

      <stc:property category="result" collectionType="vector" databaseType="DEFAULT" default="0" displayName="PcHandle" format="number" id="0x88005005" idlMapped="true" ilMapped="true" isComposite="false" isDataStream="false" isDeprecated="false" isInternal="true" isReadOnly="true" maxOccurs="1" minOccurs="1" name="PcHandle" noSave="true" nullable="false" onModifyNotifyMode="periodic" precision="" replaces="" type="u32">
        <stc:attribute id="0x8800501A" internalIsEnum="false" internalType="bool" name="none" type="core.ResultPropertyMarkForEotSave" value="true" />
        <stc:attribute id="0x8800501B" internalIsEnum="false" internalType="bool" name="none" type="core.ResultPropertyIsDefaultForSubscription" value="true" />
      </stc:property>
      <stc:property category="result" collectionType="vector" databaseType="DEFAULT" default="0" displayName="QL-STU Tx Count" format="number" id="0x88005006" idlMapped="true" ilMapped="true" isComposite="false" isDataStream="false" isDeprecated="false" isInternal="false" isReadOnly="true" maxOccurs="1" minOccurs="1" name="TxQlStuCount" noSave="true" nullable="false" onModifyNotifyMode="periodic" precision="" replaces="" type="u32">
          <stc:attribute id="0x8800501C" internalIsEnum="false" internalType="string" name="none" type="core.ResultPropertyIlCounterpartName" value="TxQL0" />
          <stc:attribute id="0x8800501D" internalIsEnum="false" internalType="bool" name="none" type="core.ResultPropertyMarkForEotSave" value="true" />
          <stc:attribute id="0x8800501E" internalIsEnum="false" internalType="bool" name="none" type="core.ResultPropertyIsDefaultForSubscription" value="true" />
      </stc:property>
      <stc:property category="result" collectionType="vector" databaseType="DEFAULT" default="0" displayName="QL-PRS Tx Count" format="number" id="0x88005007" idlMapped="true" ilMapped="true" isComposite="false" isDataStream="false" isDeprecated="false" isInternal="false" isReadOnly="true" maxOccurs="1" minOccurs="1" name="TxQlPrsCount" noSave="true" nullable="false" onModifyNotifyMode="periodic" precision="" replaces="" type="u32">
          <stc:attribute id="0x8800501F" internalIsEnum="false" internalType="string" name="none" type="core.ResultPropertyIlCounterpartName" value="TxQL1" />
          <stc:attribute id="0x88005020" internalIsEnum="false" internalType="bool" name="none" type="core.ResultPropertyMarkForEotSave" value="true" />
          <stc:attribute id="0x88005021" internalIsEnum="false" internalType="bool" name="none" type="core.ResultPropertyIsDefaultForSubscription" value="true" />
      </stc:property>
      <stc:property category="result" collectionType="vector" databaseType="DEFAULT" default="0" displayName="QL-TNC Tx Count" format="number" id="0x88005008" idlMapped="true" ilMapped="true" isComposite="false" isDataStream="false" isDeprecated="false" isInternal="false" isReadOnly="true" maxOccurs="1" minOccurs="1" name="TxQlTncCount" noSave="true" nullable="false" onModifyNotifyMode="periodic" precision="" replaces="" type="u32">
          <stc:attribute id="0x88005022" internalIsEnum="false" internalType="string" name="none" type="core.ResultPropertyIlCounterpartName" value="TxQL4" />
          <stc:attribute id="0x88005023" internalIsEnum="false" internalType="bool" name="none" type="core.ResultPropertyMarkForEotSave" value="true" />
          <stc:attribute id="0x88005024" internalIsEnum="false" internalType="bool" name="none" type="core.ResultPropertyIsDefaultForSubscription" value="true" />
      </stc:property>
      <stc:property category="result" collectionType="vector" databaseType="DEFAULT" default="0" displayName="QL-ST2 Tx Count" format="number" id="0x88005009" idlMapped="true" ilMapped="true" isComposite="false" isDataStream="false" isDeprecated="false" isInternal="false" isReadOnly="true" maxOccurs="1" minOccurs="1" name="TxQlSt2Count" noSave="true" nullable="false" onModifyNotifyMode="periodic" precision="" replaces="" type="u32">
          <stc:attribute id="0x88005025" internalIsEnum="false" internalType="string" name="none" type="core.ResultPropertyIlCounterpartName" value="TxQL7" />
          <stc:attribute id="0x88005026" internalIsEnum="false" internalType="bool" name="none" type="core.ResultPropertyMarkForEotSave" value="true" />
          <stc:attribute id="0x88005027" internalIsEnum="false" internalType="bool" name="none" type="core.ResultPropertyIsDefaultForSubscription" value="true" />
      </stc:property>
      <stc:property category="result" collectionType="vector" databaseType="DEFAULT" default="0" displayName="QL-ST3 Tx Count" format="number" id="0x8800500A" idlMapped="true" ilMapped="true" isComposite="false" isDataStream="false" isDeprecated="false" isInternal="false" isReadOnly="true" maxOccurs="1" minOccurs="1" name="TxQlSt3Count" noSave="true" nullable="false" onModifyNotifyMode="periodic" precision="" replaces="" type="u32">
          <stc:attribute id="0x88005028" internalIsEnum="false" internalType="string" name="none" type="core.ResultPropertyIlCounterpartName" value="TxQL10" />
          <stc:attribute id="0x88005029" internalIsEnum="false" internalType="bool" name="none" type="core.ResultPropertyMarkForEotSave" value="true" />
          <stc:attribute id="0x8800502A" internalIsEnum="false" internalType="bool" name="none" type="core.ResultPropertyIsDefaultForSubscription" value="true" />
      </stc:property>
      <stc:property category="result" collectionType="vector" databaseType="DEFAULT" default="0" displayName="QL-SMC Tx Count" format="number" id="0x8800500B" idlMapped="true" ilMapped="true" isComposite="false" isDataStream="false" isDeprecated="false" isInternal="false" isReadOnly="true" maxOccurs="1" minOccurs="1" name="TxQlSmcCount" noSave="true" nullable="false" onModifyNotifyMode="periodic" precision="" replaces="" type="u32">
          <stc:attribute id="0x8800502B" internalIsEnum="false" internalType="string" name="none" type="core.ResultPropertyIlCounterpartName" value="TxQL12" />
          <stc:attribute id="0x8800502C" internalIsEnum="false" internalType="bool" name="none" type="core.ResultPropertyMarkForEotSave" value="true" />
          <stc:attribute id="0x8800502D" internalIsEnum="false" internalType="bool" name="none" type="core.ResultPropertyIsDefaultForSubscription" value="true" />
      </stc:property>
      <stc:property category="result" collectionType="vector" databaseType="DEFAULT" default="0" displayName="QL-ST3E Tx Count" format="number" id="0x8800500C" idlMapped="true" ilMapped="true" isComposite="false" isDataStream="false" isDeprecated="false" isInternal="false" isReadOnly="true" maxOccurs="1" minOccurs="1" name="TxQlSt3eCount" noSave="true" nullable="false" onModifyNotifyMode="periodic" precision="" replaces="" type="u32">
          <stc:attribute id="0x8800502E" internalIsEnum="false" internalType="string" name="none" type="core.ResultPropertyIlCounterpartName" value="TxQL13" />
          <stc:attribute id="0x8800502F" internalIsEnum="false" internalType="bool" name="none" type="core.ResultPropertyMarkForEotSave" value="true" />
          <stc:attribute id="0x88005030" internalIsEnum="false" internalType="bool" name="none" type="core.ResultPropertyIsDefaultForSubscription" value="true" />
      </stc:property>
      <stc:property category="result" collectionType="vector" databaseType="DEFAULT" default="0" displayName="QL-PROV Tx Count" format="number" id="0x8800500D" idlMapped="true" ilMapped="true" isComposite="false" isDataStream="false" isDeprecated="false" isInternal="false" isReadOnly="true" maxOccurs="1" minOccurs="1" name="TxQlProvCount" noSave="true" nullable="false" onModifyNotifyMode="periodic" precision="" replaces="" type="u32">
          <stc:attribute id="0x88005031" internalIsEnum="false" internalType="string" name="none" type="core.ResultPropertyIlCounterpartName" value="TxQL14" />
          <stc:attribute id="0x88005032" internalIsEnum="false" internalType="bool" name="none" type="core.ResultPropertyMarkForEotSave" value="true" />
          <stc:attribute id="0x88005033" internalIsEnum="false" internalType="bool" name="none" type="core.ResultPropertyIsDefaultForSubscription" value="true" />
      </stc:property>
      <stc:property category="result" collectionType="vector" databaseType="DEFAULT" default="0" displayName="QL-DUS Tx Count" format="number" id="0x8800500E" idlMapped="true" ilMapped="true" isComposite="false" isDataStream="false" isDeprecated="false" isInternal="false" isReadOnly="true" maxOccurs="1" minOccurs="1" name="TxQlDusCount" noSave="true" nullable="false" onModifyNotifyMode="periodic" precision="" replaces="" type="u32">
          <stc:attribute id="0x88005034" internalIsEnum="false" internalType="string" name="none" type="core.ResultPropertyIlCounterpartName" value="TxQL15" />
          <stc:attribute id="0x88005035" internalIsEnum="false" internalType="bool" name="none" type="core.ResultPropertyMarkForEotSave" value="true" />
          <stc:attribute id="0x88005036" internalIsEnum="false" internalType="bool" name="none" type="core.ResultPropertyIsDefaultForSubscription" value="true" />
      </stc:property>
      <stc:property category="result" collectionType="vector" databaseType="DEFAULT" default="0" displayName="QL Unsupported Tx Count" format="number" id="0x8800500F" idlMapped="true" ilMapped="true" isComposite="false" isDataStream="false" isDeprecated="false" isInternal="false" isReadOnly="true" maxOccurs="1" minOccurs="1" name="TxQlUnsupCount" noSave="true" nullable="false" onModifyNotifyMode="periodic" precision="" replaces="" type="u32">
          <stc:attribute id="0x88005037" internalIsEnum="false" internalType="string" name="none" type="core.ResultPropertyIlCounterpartName" value="(TxQL2 + TxQL3 + TxQL5 + TxQL6 + TxQL8 + TxQL9 + TxQL11)" />
          <stc:attribute id="0x88005038" internalIsEnum="false" internalType="bool" name="none" type="core.ResultPropertyMarkForEotSave" value="true" />
          <stc:attribute id="0x88005039" internalIsEnum="false" internalType="bool" name="none" type="core.ResultPropertyIsDefaultForSubscription" value="true" />
      </stc:property>

      <stc:property category="result" collectionType="vector" databaseType="DEFAULT" default="0" displayName="QL-STU Rx Count" format="number" id="0x88005010" idlMapped="true" ilMapped="true" isComposite="false" isDataStream="false" isDeprecated="false" isInternal="false" isReadOnly="true" maxOccurs="1" minOccurs="1" name="RxQlStuCount" noSave="true" nullable="false" onModifyNotifyMode="periodic" precision="" replaces="" type="u32">
          <stc:attribute id="0x8800503A" internalIsEnum="false" internalType="string" name="none" type="core.ResultPropertyIlCounterpartName" value="TxQL0" />
          <stc:attribute id="0x8800503B" internalIsEnum="false" internalType="bool" name="none" type="core.ResultPropertyMarkForEotSave" value="true" />
          <stc:attribute id="0x8800503C" internalIsEnum="false" internalType="bool" name="none" type="core.ResultPropertyIsDefaultForSubscription" value="true" />
      </stc:property>
      <stc:property category="result" collectionType="vector" databaseType="DEFAULT" default="0" displayName="QL-PRS Rx Count" format="number" id="0x88005011" idlMapped="true" ilMapped="true" isComposite="false" isDataStream="false" isDeprecated="false" isInternal="false" isReadOnly="true" maxOccurs="1" minOccurs="1" name="RxQlPrsCount" noSave="true" nullable="false" onModifyNotifyMode="periodic" precision="" replaces="" type="u32">
          <stc:attribute id="0x8800503D" internalIsEnum="false" internalType="string" name="none" type="core.ResultPropertyIlCounterpartName" value="RxQL1" />
          <stc:attribute id="0x8800503E" internalIsEnum="false" internalType="bool" name="none" type="core.ResultPropertyMarkForEotSave" value="true" />
          <stc:attribute id="0x8800503F" internalIsEnum="false" internalType="bool" name="none" type="core.ResultPropertyIsDefaultForSubscription" value="true" />
      </stc:property>
      <stc:property category="result" collectionType="vector" databaseType="DEFAULT" default="0" displayName="QL-TNC Rx Count" format="number" id="0x88005012" idlMapped="true" ilMapped="true" isComposite="false" isDataStream="false" isDeprecated="false" isInternal="false" isReadOnly="true" maxOccurs="1" minOccurs="1" name="RxQlTncCount" noSave="true" nullable="false" onModifyNotifyMode="periodic" precision="" replaces="" type="u32">
          <stc:attribute id="0x88005040" internalIsEnum="false" internalType="string" name="none" type="core.ResultPropertyIlCounterpartName" value="RxQL4" />
          <stc:attribute id="0x88005041" internalIsEnum="false" internalType="bool" name="none" type="core.ResultPropertyMarkForEotSave" value="true" />
          <stc:attribute id="0x88005042" internalIsEnum="false" internalType="bool" name="none" type="core.ResultPropertyIsDefaultForSubscription" value="true" />
      </stc:property>
      <stc:property category="result" collectionType="vector" databaseType="DEFAULT" default="0" displayName="QL-ST2 Rx Count" format="number" id="0x88005013" idlMapped="true" ilMapped="true" isComposite="false" isDataStream="false" isDeprecated="false" isInternal="false" isReadOnly="true" maxOccurs="1" minOccurs="1" name="RxQlSt2Count" noSave="true" nullable="false" onModifyNotifyMode="periodic" precision="" replaces="" type="u32">
          <stc:attribute id="0x88005043" internalIsEnum="false" internalType="string" name="none" type="core.ResultPropertyIlCounterpartName" value="RxQL7" />
          <stc:attribute id="0x88005044" internalIsEnum="false" internalType="bool" name="none" type="core.ResultPropertyMarkForEotSave" value="true" />
          <stc:attribute id="0x88005045" internalIsEnum="false" internalType="bool" name="none" type="core.ResultPropertyIsDefaultForSubscription" value="true" />
      </stc:property>
      <stc:property category="result" collectionType="vector" databaseType="DEFAULT" default="0" displayName="QL-ST3 Rx Count" format="number" id="0x88005014" idlMapped="true" ilMapped="true" isComposite="false" isDataStream="false" isDeprecated="false" isInternal="false" isReadOnly="true" maxOccurs="1" minOccurs="1" name="RxQlSt3Count" noSave="true" nullable="false" onModifyNotifyMode="periodic" precision="" replaces="" type="u32">
          <stc:attribute id="0x88005046" internalIsEnum="false" internalType="string" name="none" type="core.ResultPropertyIlCounterpartName" value="RxQL10" />
          <stc:attribute id="0x88005047" internalIsEnum="false" internalType="bool" name="none" type="core.ResultPropertyMarkForEotSave" value="true" />
          <stc:attribute id="0x88005048" internalIsEnum="false" internalType="bool" name="none" type="core.ResultPropertyIsDefaultForSubscription" value="true" />
      </stc:property>
      <stc:property category="result" collectionType="vector" databaseType="DEFAULT" default="0" displayName="QL-SMC Rx Count" format="number" id="0x88005015" idlMapped="true" ilMapped="true" isComposite="false" isDataStream="false" isDeprecated="false" isInternal="false" isReadOnly="true" maxOccurs="1" minOccurs="1" name="RxQlSmcCount" noSave="true" nullable="false" onModifyNotifyMode="periodic" precision="" replaces="" type="u32">
          <stc:attribute id="0x88005049" internalIsEnum="false" internalType="string" name="none" type="core.ResultPropertyIlCounterpartName" value="RxQL12" />
          <stc:attribute id="0x8800504A" internalIsEnum="false" internalType="bool" name="none" type="core.ResultPropertyMarkForEotSave" value="true" />
          <stc:attribute id="0x8800504B" internalIsEnum="false" internalType="bool" name="none" type="core.ResultPropertyIsDefaultForSubscription" value="true" />
      </stc:property>
      <stc:property category="result" collectionType="vector" databaseType="DEFAULT" default="0" displayName="QL-ST3E Rx Count" format="number" id="0x88005016" idlMapped="true" ilMapped="true" isComposite="false" isDataStream="false" isDeprecated="false" isInternal="false" isReadOnly="true" maxOccurs="1" minOccurs="1" name="RxQlSt3eCount" noSave="true" nullable="false" onModifyNotifyMode="periodic" precision="" replaces="" type="u32">
          <stc:attribute id="0x8800504C" internalIsEnum="false" internalType="string" name="none" type="core.ResultPropertyIlCounterpartName" value="RxQL13" />
          <stc:attribute id="0x8800504D" internalIsEnum="false" internalType="bool" name="none" type="core.ResultPropertyMarkForEotSave" value="true" />
          <stc:attribute id="0x8800504E" internalIsEnum="false" internalType="bool" name="none" type="core.ResultPropertyIsDefaultForSubscription" value="true" />
      </stc:property>
      <stc:property category="result" collectionType="vector" databaseType="DEFAULT" default="0" displayName="QL-PROV Rx Count" format="number" id="0x88005017" idlMapped="true" ilMapped="true" isComposite="false" isDataStream="false" isDeprecated="false" isInternal="false" isReadOnly="true" maxOccurs="1" minOccurs="1" name="RxQlProvCount" noSave="true" nullable="false" onModifyNotifyMode="periodic" precision="" replaces="" type="u32">
          <stc:attribute id="0x8800504F" internalIsEnum="false" internalType="string" name="none" type="core.ResultPropertyIlCounterpartName" value="RxQL14" />
          <stc:attribute id="0x88005050" internalIsEnum="false" internalType="bool" name="none" type="core.ResultPropertyMarkForEotSave" value="true" />
          <stc:attribute id="0x88005051" internalIsEnum="false" internalType="bool" name="none" type="core.ResultPropertyIsDefaultForSubscription" value="true" />
      </stc:property>
      <stc:property category="result" collectionType="vector" databaseType="DEFAULT" default="0" displayName="QL-DUS Rx Count" format="number" id="0x88005018" idlMapped="true" ilMapped="true" isComposite="false" isDataStream="false" isDeprecated="false" isInternal="false" isReadOnly="true" maxOccurs="1" minOccurs="1" name="RxQlDusCount" noSave="true" nullable="false" onModifyNotifyMode="periodic" precision="" replaces="" type="u32">
          <stc:attribute id="0x88005052" internalIsEnum="false" internalType="string" name="none" type="core.ResultPropertyIlCounterpartName" value="RxQL15" />
          <stc:attribute id="0x88005053" internalIsEnum="false" internalType="bool" name="none" type="core.ResultPropertyMarkForEotSave" value="true" />
          <stc:attribute id="0x88005054" internalIsEnum="false" internalType="bool" name="none" type="core.ResultPropertyIsDefaultForSubscription" value="true" />
      </stc:property>
      <stc:property category="result" collectionType="vector" databaseType="DEFAULT" default="0" displayName="QL Unsupported Rx Count" format="number" id="0x88005019" idlMapped="true" ilMapped="true" isComposite="false" isDataStream="false" isDeprecated="false" isInternal="false" isReadOnly="true" maxOccurs="1" minOccurs="1" name="RxQlUnsupCount" noSave="true" nullable="false" onModifyNotifyMode="periodic" precision="" replaces="" type="u32">
          <stc:attribute id="0x88005055" internalIsEnum="false" internalType="string" name="none" type="core.ResultPropertyIlCounterpartName" value="(RxQL2 + RxQL3 + RxQL5 + RxQL6 + RxQL8 + RxQL9 + RxQL11)" />
          <stc:attribute id="0x88005056" internalIsEnum="false" internalType="bool" name="none" type="core.ResultPropertyMarkForEotSave" value="true" />
          <stc:attribute id="0x88005057" internalIsEnum="false" internalType="bool" name="none" type="core.ResultPropertyIsDefaultForSubscription" value="true" />
      </stc:property>
    </stc:class>

    
    <stc:class baseClass="framework.Result" canCreate="true" id="0x88006000" idlMapped="na" ilMapped="na" isInternal="false" isReadOnly="false" isSingleton="false" name="SyncEthDeviceResults" noSave="false" profile="synce">

        
        <stc:relation allowDuplicate="false" dstClassRef="SyncEthDeviceResults" dstName="none" embedDstInIlClass="false" embedSrcInIlClass="false" id="0x88006001" isInternal="false" maxOccurs="unbounded" minOccurs="0" name="ParentSyncEthDeviceResultsRelation" order="sequenced" srcClassRef="SyncEthDeviceConfig" srcName="none" type="framework.ParentChild" />

        
        <stc:relation allowDuplicate="false" dstClassRef="SyncEthDeviceResults" dstName="none" embedDstInIlClass="false" embedSrcInIlClass="false" id="0x88006002" isInternal="false" maxOccurs="unbounded" minOccurs="0" name="ResultChildSyncEthDeviceResults" order="sequenced" srcClassRef="SyncEthDeviceConfig" srcName="none" type="framework.ResultChild" />

        <stc:property category="result" collectionType="vector" databaseType="DEFAULT" default="0" displayName="PcHandle" format="number" id="0x88006003" idlMapped="true" ilMapped="true" isComposite="false" isDataStream="false" isDeprecated="false" isInternal="true" isReadOnly="true" maxOccurs="1" minOccurs="1" name="PcHandle" noSave="true" nullable="false" onModifyNotifyMode="periodic" precision="" replaces="" type="u32">
          <stc:attribute id="0x8800600F" internalIsEnum="false" internalType="bool" name="none" type="core.ResultPropertyMarkForEotSave" value="true" />
          <stc:attribute id="0x88006010" internalIsEnum="false" internalType="bool" name="none" type="core.ResultPropertyIsDefaultForSubscription" value="true" />
        </stc:property>
        <stc:property category="result" collectionType="vector" databaseType="DEFAULT" default="0" displayName="Tx QL Number" format="number" id="0x88006004" idlMapped="true" ilMapped="true" isComposite="false" isDataStream="false" isDeprecated="false" isInternal="false" isReadOnly="true" maxOccurs="1" minOccurs="1" name="TxQlNum" noSave="true" nullable="false" onModifyNotifyMode="periodic" precision="" replaces="" type="u8">
          <stc:attribute id="0x88006011" internalIsEnum="false" internalType="bool" name="none" type="core.ResultPropertyMarkForEotSave" value="true" />
          <stc:attribute id="0x88006012" internalIsEnum="false" internalType="bool" name="none" type="core.ResultPropertyIsDefaultForSubscription" value="true" />
          <stc:attribute id="0x88006013" internalIsEnum="false" internalType="string" name="none" type="core.ResultPropertyIlCounterpartName" value="LastTxQL" />
        </stc:property>
        <stc:property category="result" collectionType="vector" databaseType="DEFAULT" default="" displayName="Tx QL" format="number" id="0x88006005" idlMapped="true" ilMapped="true" isComposite="false" isDataStream="false" isDeprecated="false" isInternal="false" isReadOnly="true" maxOccurs="1" minOccurs="1" name="TxQl" noSave="true" nullable="false" onModifyNotifyMode="periodic" precision="" replaces="" type="string">
          <stc:attribute id="0x88006014" internalIsEnum="false" internalType="bool" name="none" type="core.ResultPropertyMarkForEotSave" value="true" />
          <stc:attribute id="0x88006015" internalIsEnum="false" internalType="bool" name="none" type="core.ResultPropertyIsDefaultForSubscription" value="true" />
          <stc:attribute id="0x88006016" internalIsEnum="false" internalType="bool" name="none" type="core.ResultPropertyMarkAsBllProperty" value="true" />
        </stc:property>
        <stc:property category="result" collectionType="vector" databaseType="DEFAULT" default="0" displayName="Rx QL Number" format="number" id="0x88006006" idlMapped="true" ilMapped="true" isComposite="false" isDataStream="false" isDeprecated="false" isInternal="false" isReadOnly="true" maxOccurs="1" minOccurs="1" name="RxQlNum" noSave="true" nullable="false" onModifyNotifyMode="periodic" precision="" replaces="" type="u8">
          <stc:attribute id="0x88006017" internalIsEnum="false" internalType="bool" name="none" type="core.ResultPropertyMarkForEotSave" value="true" />
          <stc:attribute id="0x88006018" internalIsEnum="false" internalType="bool" name="none" type="core.ResultPropertyIsDefaultForSubscription" value="true" />
          <stc:attribute id="0x88006019" internalIsEnum="false" internalType="string" name="none" type="core.ResultPropertyIlCounterpartName" value="LastRxRemoteQL" />
        </stc:property>
        <stc:property category="result" collectionType="vector" databaseType="DEFAULT" default="" displayName="Rx QL" format="number" id="0x88006007" idlMapped="true" ilMapped="true" isComposite="false" isDataStream="false" isDeprecated="false" isInternal="false" isReadOnly="true" maxOccurs="1" minOccurs="1" name="RxQl" noSave="true" nullable="false" onModifyNotifyMode="periodic" precision="" replaces="" type="string">
          <stc:attribute id="0x8800601A" internalIsEnum="false" internalType="bool" name="none" type="core.ResultPropertyMarkForEotSave" value="true" />
          <stc:attribute id="0x8800601B" internalIsEnum="false" internalType="bool" name="none" type="core.ResultPropertyIsDefaultForSubscription" value="true" />
          <stc:attribute id="0x8800601C" internalIsEnum="false" internalType="bool" name="none" type="core.ResultPropertyMarkAsBllProperty" value="true" />
        </stc:property>

        

        <stc:property category="result" collectionType="vector" databaseType="DEFAULT" default="0" displayName="Tx Information Messages" format="number" id="0x88006008" idlMapped="true" ilMapped="true" isComposite="false" isDataStream="false" isDeprecated="false" isInternal="false" isReadOnly="true" maxOccurs="1" minOccurs="1" name="TxInfoMsgs" noSave="true" nullable="false" onModifyNotifyMode="periodic" precision="" replaces="" type="u32">
          <stc:attribute id="0x8800601D" internalIsEnum="false" internalType="bool" name="none" type="core.ResultPropertyMarkForEotSave" value="true" />
          <stc:attribute id="0x8800601E" internalIsEnum="false" internalType="bool" name="none" type="core.ResultPropertyIsDefaultForSubscription" value="true" />
          <stc:attribute id="0x8800601F" internalIsEnum="false" internalType="string" name="none" type="core.ResultPropertyIlCounterpartName" value="TxHeartbeat" />
        </stc:property>
        <stc:property category="result" collectionType="vector" databaseType="DEFAULT" default="0" displayName="Tx Event Messages" format="number" id="0x88006009" idlMapped="true" ilMapped="true" isComposite="false" isDataStream="false" isDeprecated="false" isInternal="false" isReadOnly="true" maxOccurs="1" minOccurs="1" name="TxEvents" noSave="true" nullable="false" onModifyNotifyMode="periodic" precision="" replaces="" type="u32">
          <stc:attribute id="0x88006020" internalIsEnum="false" internalType="bool" name="none" type="core.ResultPropertyMarkForEotSave" value="true" />
          <stc:attribute id="0x88006021" internalIsEnum="false" internalType="bool" name="none" type="core.ResultPropertyIsDefaultForSubscription" value="true" />
          <stc:attribute id="0x88006022" internalIsEnum="false" internalType="string" name="none" type="core.ResultPropertyIlCounterpartName" value="TxEvent" />
        </stc:property>
        <stc:property category="result" collectionType="vector" databaseType="DEFAULT" default="0" displayName="Rx Information Messages" format="number" id="0x8800600A" idlMapped="true" ilMapped="true" isComposite="false" isDataStream="false" isDeprecated="false" isInternal="false" isReadOnly="true" maxOccurs="1" minOccurs="1" name="RxInfoMsgs" noSave="true" nullable="false" onModifyNotifyMode="periodic" precision="" replaces="" type="u32">
          <stc:attribute id="0x88006023" internalIsEnum="false" internalType="bool" name="none" type="core.ResultPropertyMarkForEotSave" value="true" />
          <stc:attribute id="0x88006024" internalIsEnum="false" internalType="bool" name="none" type="core.ResultPropertyIsDefaultForSubscription" value="true" />
          <stc:attribute id="0x88006025" internalIsEnum="false" internalType="string" name="none" type="core.ResultPropertyIlCounterpartName" value="RxHeartbeat" />
        </stc:property>
        <stc:property category="result" collectionType="vector" databaseType="DEFAULT" default="0" displayName="Rx Event Messages" format="number" id="0x8800600B" idlMapped="true" ilMapped="true" isComposite="false" isDataStream="false" isDeprecated="false" isInternal="false" isReadOnly="true" maxOccurs="1" minOccurs="1" name="RxEvents" noSave="true" nullable="false" onModifyNotifyMode="periodic" precision="" replaces="" type="u32">
          <stc:attribute id="0x88006026" internalIsEnum="false" internalType="bool" name="none" type="core.ResultPropertyMarkForEotSave" value="true" />
          <stc:attribute id="0x88006027" internalIsEnum="false" internalType="bool" name="none" type="core.ResultPropertyIsDefaultForSubscription" value="true" />
          <stc:attribute id="0x88006028" internalIsEnum="false" internalType="string" name="none" type="core.ResultPropertyIlCounterpartName" value="RxEvent" />
        </stc:property>

        <stc:property category="result" collectionType="vector" databaseType="DEFAULT" default="0" displayName="Rx Min Info Inter-arrival Time" format="number" id="0x8800600C" idlMapped="true" ilMapped="true" isComposite="false" isDataStream="false" isDeprecated="false" isInternal="false" isReadOnly="true" maxOccurs="1" minOccurs="1" name="RxMinInfoMsgInterarrivalTime" noSave="true" nullable="false" onModifyNotifyMode="periodic" precision="" replaces="" type="double">
          <stc:attribute id="0x88006029" internalIsEnum="false" internalType="bool" name="none" type="core.ResultPropertyMarkForEotSave" value="true" />
          <stc:attribute id="0x8800602A" internalIsEnum="false" internalType="bool" name="none" type="core.ResultPropertyIsDefaultForSubscription" value="true" />
          <stc:attribute id="0x8800602B" internalIsEnum="false" internalType="string" name="none" type="core.ResultPropertyIlCounterpartName" value="(MinRxHeartbeatInterval/1000000000.0)" />
        </stc:property>
        <stc:property category="result" collectionType="vector" databaseType="DEFAULT" default="0" displayName="Rx Max Info Inter-arrival Time" format="number" id="0x8800600D" idlMapped="true" ilMapped="true" isComposite="false" isDataStream="false" isDeprecated="false" isInternal="false" isReadOnly="true" maxOccurs="1" minOccurs="1" name="RxMaxInfoMsgInterarrivalTime" noSave="true" nullable="false" onModifyNotifyMode="periodic" precision="" replaces="" type="double">
          <stc:attribute id="0x8800602C" internalIsEnum="false" internalType="bool" name="none" type="core.ResultPropertyMarkForEotSave" value="true" />
          <stc:attribute id="0x8800602D" internalIsEnum="false" internalType="bool" name="none" type="core.ResultPropertyIsDefaultForSubscription" value="true" />
          <stc:attribute id="0x8800602E" internalIsEnum="false" internalType="string" name="none" type="core.ResultPropertyIlCounterpartName" value="(MaxRxHeartbeatInterval/1000000000.0)" />
        </stc:property>
        <stc:property category="result" collectionType="vector" databaseType="DEFAULT" default="0" displayName="Rx Avg Info Inter-arrival Time" format="number" id="0x8800600E" idlMapped="true" ilMapped="true" isComposite="false" isDataStream="false" isDeprecated="false" isInternal="false" isReadOnly="true" maxOccurs="1" minOccurs="1" name="RxAvgInfoMsgInterarrivalTime" noSave="true" nullable="false" onModifyNotifyMode="periodic" precision="" replaces="" type="double">
          <stc:attribute id="0x8800602F" internalIsEnum="false" internalType="bool" name="none" type="core.ResultPropertyMarkForEotSave" value="true" />
          <stc:attribute id="0x88006030" internalIsEnum="false" internalType="bool" name="none" type="core.ResultPropertyIsDefaultForSubscription" value="true" />
          <stc:attribute id="0x88006031" internalIsEnum="false" internalType="string" name="none" type="core.ResultPropertyIlCounterpartName" value="(AvgRxHeartbeatIntervalNumer / AvgRxHeartbeatIntervalDenom/1000000000.0)" />
        </stc:property>
    </stc:class>

  

  <stc:class baseClass="core.ConfigurePortLoggingCommand" canCreate="true" id="0x88007000" idlMapped="na" ilMapped="na" isInternal="false" isReadOnly="false" isSingleton="false" name="ConfigSyncEthIlLoggingCommand" noSave="false" profile="synce">

    <stc:attribute id="0x88007001" internalIsEnum="false" internalType="string" name="none" type="core.LogType" value="synce" />
  </stc:class>

  <stc:class baseClass="core.GetPortLoggingConfigCommand" canCreate="true" id="0x88008000" idlMapped="na" ilMapped="na" isInternal="false" isReadOnly="false" isSingleton="false" name="GetSyncEthLoggingConfigCommand" noSave="false" profile="synce">

    <stc:attribute id="0x88008001" internalIsEnum="false" internalType="string" name="none" type="core.LogType" value="synce" />
  </stc:class>

  
  
  
    <stc:class baseClass="routing.rtgcore.RoutingStateSummary" canCreate="true" id="0x88009000" idlMapped="na" ilMapped="na" isInternal="false" isReadOnly="false" isSingleton="false" name="SyncEthStateSummary" noSave="false" profile="synceSummary">

      <stc:relation allowDuplicate="false" dstClassRef="SyncEthStateSummary" dstName="none" embedDstInIlClass="false" embedSrcInIlClass="false" id="0x88009001" isInternal="false" maxOccurs="1" minOccurs="0" name="SummaryParentProject" order="sequenced" srcClassRef="framework.Project" srcName="none" type="framework.ParentChild" />
      <stc:relation allowDuplicate="false" dstClassRef="SyncEthStateSummary" dstName="none" embedDstInIlClass="false" embedSrcInIlClass="false" id="0x88009002" isInternal="false" maxOccurs="1" minOccurs="0" name="ProjectSummaryResult" order="sequenced" srcClassRef="framework.Project" srcName="none" type="framework.ResultChild" />
      <stc:relation allowDuplicate="false" dstClassRef="SyncEthStateSummary" dstName="none" embedDstInIlClass="false" embedSrcInIlClass="false" id="0x88009003" isInternal="false" maxOccurs="1" minOccurs="0" name="SummaryParentPort" order="sequenced" srcClassRef="core.Port" srcName="none" type="framework.ParentChild" />
      <stc:relation allowDuplicate="false" dstClassRef="SyncEthStateSummary" dstName="none" embedDstInIlClass="false" embedSrcInIlClass="false" id="0x88009004" isInternal="false" maxOccurs="1" minOccurs="0" name="PortSummaryResult" order="sequenced" srcClassRef="core.Port" srcName="none" type="framework.ResultChild" />

	    <stc:property category="result" collectionType="vector" databaseType="DEFAULT" default="0" displayName="Disabled Count" format="number" id="0x88009005" idlMapped="true" ilMapped="true" isComposite="false" isDataStream="false" isDeprecated="false" isInternal="false" isReadOnly="true" maxOccurs="1" minOccurs="1" name="DisabledCount" noSave="true" nullable="false" onModifyNotifyMode="periodic" precision="" replaces="" type="u64" />
	    <stc:property category="result" collectionType="vector" databaseType="DEFAULT" default="0" displayName="Master Count" format="number" id="0x88009006" idlMapped="true" ilMapped="true" isComposite="false" isDataStream="false" isDeprecated="false" isInternal="false" isReadOnly="true" maxOccurs="1" minOccurs="1" name="MasterCount" noSave="true" nullable="false" onModifyNotifyMode="periodic" precision="" replaces="" type="u64" />
	    <stc:property category="result" collectionType="vector" databaseType="DEFAULT" default="0" displayName="Slave Count" format="number" id="0x88009007" idlMapped="true" ilMapped="true" isComposite="false" isDataStream="false" isDeprecated="false" isInternal="false" isReadOnly="true" maxOccurs="1" minOccurs="1" name="SlaveCount" noSave="true" nullable="false" onModifyNotifyMode="periodic" precision="" replaces="" type="u64" />

    </stc:class>

    
    <stc:class baseClass="framework.Command" canCreate="false" id="0x8800A000" idlMapped="na" ilMapped="na" isInternal="false" isReadOnly="false" isSingleton="false" name="SyncEthCommand" noSave="false" profile="synce">
      <stc:attribute id="0x8800A001" internalIsEnum="false" internalType="bool" name="none" type="core.RequireApplyToIL" value="true" />
      <stc:relation allowDuplicate="false" dstClassRef="SyncEthCommand" dstName="none" embedDstInIlClass="false" embedSrcInIlClass="false" id="0x8800A002" isInternal="false" maxOccurs="unbounded" minOccurs="0" name="ParentProject" order="sequenced" srcClassRef="framework.Project" srcName="none" type="framework.ParentChild" />
      <stc:property category="input" collectionType="vector" databaseType="DEFAULT" default="0" displayName="SyncE Node List" format="number" id="0x8800A003" idlMapped="true" ilMapped="true" isComposite="false" isDataStream="false" isDeprecated="false" isInternal="false" isReadOnly="false" maxOccurs="unbounded" minOccurs="0" name="NodeList" noSave="false" nullable="false" onModifyNotifyMode="none" precision="" replaces="" type="handle" />
    </stc:class>

    <stc:class baseClass="SyncEthCommand" canCreate="true" displayName="Configure SyncE" id="0x8800B000" idlMapped="na" ilMapped="na" isInternal="false" isReadOnly="false" isSingleton="false" name="SyncEthConfigChangeCommand" noSave="false" profile="synce">
      <stc:attribute id="0x8800B001" internalIsEnum="false" internalType="bool" name="none" type="core.Sequenceable" value="true" />
      <stc:attribute id="0x8800B002" internalIsEnum="false" internalType="bool" name="none" type="core.RequirePostApplyToIL" value="true" />
      <stc:attribute id="0x8800B003" internalIsEnum="false" internalType="string" name="none" type="framework.CommandCategory" value="Carrier Ethernet//SyncE" />
      <stc:attribute id="0x8800B004" internalIsEnum="false" internalType="string" name="none" type="framework.CommandDescription" value="Configure SyncE" />

      <stc:property category="config" collectionType="vector" databaseType="DEFAULT" default="" displayName="Quality Level" format="number" id="0x8800B005" idlMapped="true" ilMapped="true" isComposite="false" isDataStream="false" isDeprecated="false" isInternal="false" isReadOnly="false" maxOccurs="1" minOccurs="1" name="QualityLevel" noSave="false" nullable="false" onModifyNotifyMode="periodic" precision="" replaces="" type="string">
      </stc:property>

      <stc:property category="config" collectionType="vector" databaseType="DEFAULT" default="1.0" displayName="Rate (messages/sec)" format="number" id="0x8800B006" idlMapped="true" ilMapped="true" isComposite="false" isDataStream="false" isDeprecated="false" isInternal="false" isReadOnly="false" maxOccurs="1" minOccurs="1" name="Rate" noSave="false" nullable="false" onModifyNotifyMode="periodic" precision="" replaces="" type="double">
      </stc:property>
    </stc:class>

    
    <stc:commandTarget command="SyncEthConfigChangeCommand" default="1" target="SyncEthDeviceConfig" />

</stc:meta>