<stc:meta xmlns:stc="urn:www.spirentcom.com:XMLSchema.xsd" id="0x9B000000" package="routing" plugin="spsdnwizard" version="0.0.0-0">
  
  
  
  
  <stc:class baseClass="routing.rtgwizard.RtgTestGenParams" canCreate="true" id="0x9B001000" idlMapped="na" ilMapped="na" isInternal="false" isReadOnly="false" isSingleton="false" name="PcepIgpRouteGenParams" noSave="false" profile="spsdnwizard">
    
    <stc:relation allowDuplicate="false" dstClassRef="PcepIgpRouteGenParams" dstName="none" embedDstInIlClass="false" embedSrcInIlClass="false" id="0x9B001001" isInternal="false" maxOccurs="unbounded" minOccurs="0" name="ParentProject" order="sequenced" srcClassRef="framework.Project" srcName="none" type="framework.ParentChild" />
    
    <stc:relation allowDuplicate="false" dstClassRef="PcepRouteForIgpGenParams" dstName="none" embedDstInIlClass="false" embedSrcInIlClass="false" id="0x9B001002" isInternal="false" maxOccurs="1" minOccurs="1" name="PcepPart" order="sequenced" srcClassRef="PcepIgpRouteGenParams" srcName="none" type="framework.ParentChild" />
    
    <stc:relation allowDuplicate="false" dstClassRef="IgpRouteGenParams" dstName="none" embedDstInIlClass="false" embedSrcInIlClass="false" id="0x9B001003" isInternal="false" maxOccurs="1" minOccurs="1" name="IgpPart" order="sequenced" srcClassRef="PcepIgpRouteGenParams" srcName="none" type="framework.ParentChild" />

    
    <stc:enumeration idlMapped="true" ilMapped="true" isFlags="false" name="EnumIpVersion">
          <stc:enum displayName="IPv4" idlMapped="true" ilMapped="true" name="IPV4" value="1" />
          <stc:enum displayName="IPv6" idlMapped="true" ilMapped="true" name="IPV6" value="2" />
    </stc:enumeration>
    
    <stc:enumeration idlMapped="true" ilMapped="true" isFlags="false" name="EnumIgpProtocol">
          <stc:enum displayName="ISIS" idlMapped="true" ilMapped="true" name="ISIS" value="1" />
          <stc:enum displayName="OSPF" idlMapped="true" ilMapped="true" name="OSPF" value="2" />
    </stc:enumeration>
    
    <stc:enumeration idlMapped="true" ilMapped="true" isFlags="false" name="EnumMpls">
		  <stc:enum displayName="None" idlMapped="true" ilMapped="true" name="NONE" value="1" />
      <stc:enum displayName="RSVP" idlMapped="true" ilMapped="true" name="RSVP" value="2" />
      <stc:enum displayName="Segment Routing" idlMapped="true" ilMapped="true" name="SR" value="3" />
    </stc:enumeration>
    
    <stc:enumeration idlMapped="true" ilMapped="true" isFlags="false" name="EnumIgpTopology">
          <stc:enum displayName="Simple Grid" idlMapped="true" ilMapped="true" name="SIMPLE_GRID" value="1" />
    </stc:enumeration>
    
    <stc:enumeration idlMapped="true" ilMapped="true" isFlags="false" name="EnumPortType">
        <stc:enum displayName="Ethernet" idlMapped="true" ilMapped="true" name="ETHERNET" value="0" />
        <stc:enum displayName="POS" idlMapped="true" ilMapped="true" name="POS" value="1" />
        <stc:enum displayName="ATM" idlMapped="true" ilMapped="true" name="ATM" value="2" />
        <stc:enum displayName="FC" idlMapped="true" ilMapped="true" name="FC" value="3" />
        <stc:enum displayName="IEEE 802.11" idlMapped="true" ilMapped="true" name="IEEE80211" value="4" />
    </stc:enumeration>
    
    
    <stc:property category="config" collectionType="vector" databaseType="DEFAULT" default="SIMPLE_GRID" displayName="Topology" format="number" id="0x9B001004" idlMapped="true" ilMapped="true" isComposite="false" isDataStream="false" isDeprecated="false" isInternal="false" isReadOnly="false" maxOccurs="1" minOccurs="1" name="Topology" noSave="false" nullable="false" onModifyNotifyMode="periodic" precision="" replaces="" type="u8">
      <stc:enumerationRef ref="EnumIgpTopology" />
    </stc:property>

    <stc:property category="config" collectionType="vector" databaseType="DEFAULT" default="4" displayName="Number of columns in grid" format="number" id="0x9B001005" idlMapped="true" ilMapped="true" isComposite="false" isDataStream="false" isDeprecated="false" isInternal="false" isReadOnly="false" maxOccurs="1" minOccurs="1" name="NumColumns" noSave="false" nullable="false" onModifyNotifyMode="periodic" precision="" replaces="" type="u16">
	  <stc:condition operator="equal" property="Topology" type="applicable" value="EnumIgpTopology.SimpleGrid" />
      <stc:numericValidation errorMsg="Please enter a valid number" maxInclusive="10000" minInclusive="1" />
    </stc:property>

    <stc:property category="config" collectionType="vector" databaseType="DEFAULT" default="4" displayName="Number of rows in grid" format="number" id="0x9B001006" idlMapped="true" ilMapped="true" isComposite="false" isDataStream="false" isDeprecated="false" isInternal="false" isReadOnly="false" maxOccurs="1" minOccurs="1" name="NumRows" noSave="false" nullable="false" onModifyNotifyMode="periodic" precision="" replaces="" type="u16">
	  <stc:condition operator="equal" property="Topology" type="applicable" value="EnumIgpTopology.SimpleGrid" />
      <stc:numericValidation errorMsg="Please enter a valid number" maxInclusive="10000" minInclusive="1" />
    </stc:property>
    
    <stc:property category="config" collectionType="vector" databaseType="DEFAULT" default="IPV4" displayName="IP Version" format="number" id="0x9B001007" idlMapped="true" ilMapped="true" isComposite="false" isDataStream="false" isDeprecated="false" isInternal="false" isReadOnly="false" maxOccurs="1" minOccurs="1" name="IpVersion" noSave="false" nullable="false" onModifyNotifyMode="periodic" precision="" replaces="" type="u8">
        <stc:enumerationRef ref="EnumIpVersion" />
    </stc:property>

    <stc:property category="config" collectionType="vector" databaseType="DEFAULT" default="ISIS" displayName="IGP Protocol" format="number" id="0x9B001008" idlMapped="true" ilMapped="true" isComposite="false" isDataStream="false" isDeprecated="false" isInternal="false" isReadOnly="false" maxOccurs="1" minOccurs="1" name="IgpProtocols" noSave="false" nullable="false" onModifyNotifyMode="periodic" precision="" replaces="" type="u8">
        <stc:enumerationRef ref="EnumIgpProtocol" />
    </stc:property>
    
    <stc:property category="config" collectionType="vector" databaseType="DEFAULT" default="NONE" displayName="Mpls" format="number" id="0x9B001009" idlMapped="true" ilMapped="true" isComposite="false" isDataStream="false" isDeprecated="false" isInternal="false" isReadOnly="false" maxOccurs="1" minOccurs="1" name="Mpls" noSave="false" nullable="false" onModifyNotifyMode="periodic" precision="" replaces="" type="u8">
        <stc:enumerationRef ref="EnumMpls" />
    </stc:property>

    <stc:property category="config" collectionType="vector" databaseType="DEFAULT" default="ETHERNET" displayName="Port Type" format="number" id="0x9B00100A" idlMapped="true" ilMapped="true" isComposite="false" isDataStream="false" isDeprecated="false" isInternal="false" isReadOnly="false" maxOccurs="1" minOccurs="1" name="PortType" noSave="false" nullable="false" onModifyNotifyMode="periodic" precision="" replaces="" type="u8">
        <stc:enumerationRef ref="EnumPortType" />
    </stc:property>
    
    <stc:property category="config" collectionType="vector" databaseType="DEFAULT" default="0" displayName="Handles of Port" format="number" id="0x9B00100B" idlMapped="true" ilMapped="true" isComposite="false" isDataStream="false" isDeprecated="false" isInternal="false" isReadOnly="false" maxOccurs="unbounded" minOccurs="0" name="PortList" noSave="false" nullable="false" onModifyNotifyMode="periodic" precision="" replaces="" type="handle" />
    
  </stc:class>

  
  
  
  <stc:class baseClass="framework.Scriptable" canCreate="true" id="0x9B002000" idlMapped="na" ilMapped="na" isInternal="false" isReadOnly="false" isSingleton="false" name="PcepIgpSegmentRoutingParams" noSave="false" profile="spsdnwizard">

    
    <stc:enumeration idlMapped="true" ilMapped="true" isFlags="false" name="EnumValueType">
      <stc:enum displayName="20-bit Label" idlMapped="true" ilMapped="true" name="LABEL" value="3" />
      <stc:enum displayName="32-bit SID" idlMapped="true" ilMapped="true" name="SID" value="4" />
    </stc:enumeration>
    
    
    
    <stc:property category="config" collectionType="vector" databaseType="DEFAULT" default="LABEL" displayName="Value Type" format="number" id="0x9B002001" idlMapped="true" ilMapped="true" isComposite="false" isDataStream="false" isDeprecated="false" isInternal="false" isReadOnly="false" maxOccurs="1" minOccurs="1" name="SidLabelType" noSave="false" nullable="false" onModifyNotifyMode="periodic" precision="" replaces="" type="u8">
      <stc:enumerationRef ref="EnumValueType" />
    </stc:property>

    <stc:property category="config" collectionType="vector" databaseType="DEFAULT" default="16000" displayName="SidLabelRangeTlv SID Base" format="number" id="0x9B002002" idlMapped="true" ilMapped="true" isComposite="false" isDataStream="false" isDeprecated="false" isInternal="false" isReadOnly="false" maxOccurs="1" minOccurs="1" name="SidLabelBase" noSave="false" nullable="false" onModifyNotifyMode="periodic" precision="" replaces="" type="u32" />

    <stc:property category="config" collectionType="vector" databaseType="DEFAULT" default="80000" displayName="SidLabelRangeTlv SID Range" format="number" id="0x9B002003" idlMapped="true" ilMapped="true" isComposite="false" isDataStream="false" isDeprecated="false" isInternal="false" isReadOnly="false" maxOccurs="1" minOccurs="1" name="SidLabelRange" noSave="false" nullable="false" onModifyNotifyMode="periodic" precision="" replaces="" type="u32" />

    <stc:property category="config" collectionType="vector" databaseType="DEFAULT" default="0" displayName="Algorithm" format="number" id="0x9B002004" idlMapped="true" ilMapped="true" isComposite="false" isDataStream="false" isDeprecated="false" isInternal="false" isReadOnly="false" maxOccurs="1" minOccurs="1" name="Algorithms" noSave="false" nullable="false" onModifyNotifyMode="periodic" precision="" replaces="" type="string">
      <stc:regExpValidation errorMsg="Algorithm must be integer and separated by comma, e.g. 1,2,3" pattern="(^\d+)(\,\d+)*" />
    </stc:property>

    
    <stc:property category="config" collectionType="vector" databaseType="DEFAULT" default="100" displayName="PrefixSidSubTlv Index" format="number" id="0x9B002005" idlMapped="true" ilMapped="true" isComposite="false" isDataStream="false" isDeprecated="false" isInternal="false" isReadOnly="false" maxOccurs="1" minOccurs="1" name="NodePrefixSid" noSave="false" nullable="false" onModifyNotifyMode="periodic" precision="" replaces="" type="u32" />
    
    <stc:property category="config" collectionType="vector" databaseType="DEFAULT" default="1" displayName="PrefixSidSubTlv Index Step" format="number" id="0x9B002006" idlMapped="true" ilMapped="true" isComposite="false" isDataStream="false" isDeprecated="false" isInternal="false" isReadOnly="false" maxOccurs="1" minOccurs="1" name="NodePrefixSidStep" noSave="false" nullable="false" onModifyNotifyMode="periodic" precision="" replaces="" type="u32" />

    <stc:property category="config" collectionType="vector" databaseType="DEFAULT" default="10000" displayName="PrefixSidSubTlv Index Step per port" format="number" id="0x9B002007" idlMapped="true" ilMapped="true" isComposite="false" isDataStream="false" isDeprecated="false" isInternal="false" isReadOnly="false" maxOccurs="1" minOccurs="1" name="NodePrefixSidPortStep" noSave="false" nullable="false" onModifyNotifyMode="periodic" precision="" replaces="" type="u32" />

    
    <stc:property category="config" collectionType="vector" databaseType="DEFAULT" default="9001" displayName="AdjSidSubTlv Adj-SID" format="number" id="0x9B002008" idlMapped="true" ilMapped="true" isComposite="false" isDataStream="false" isDeprecated="false" isInternal="false" isReadOnly="false" maxOccurs="1" minOccurs="1" name="AdjSid" noSave="false" nullable="false" onModifyNotifyMode="periodic" precision="" replaces="" type="u32" />
    
    <stc:property category="config" collectionType="vector" databaseType="DEFAULT" default="1" displayName="AdjSidSubTlv Adj-SID Step" format="number" id="0x9B002009" idlMapped="true" ilMapped="true" isComposite="false" isDataStream="false" isDeprecated="false" isInternal="false" isReadOnly="false" maxOccurs="1" minOccurs="1" name="AdjSidStep" noSave="false" nullable="false" onModifyNotifyMode="periodic" precision="" replaces="" type="u32" />

    <stc:property category="config" collectionType="vector" databaseType="DEFAULT" default="10000" displayName="AdjSidSubTlv Adj-SID Step per port" format="number" id="0x9B00200A" idlMapped="true" ilMapped="true" isComposite="false" isDataStream="false" isDeprecated="false" isInternal="false" isReadOnly="false" maxOccurs="1" minOccurs="1" name="AdjSidPortStep" noSave="false" nullable="false" onModifyNotifyMode="periodic" precision="" replaces="" type="u32" />

  </stc:class>
  
  <stc:class baseClass="framework.Scriptable" canCreate="true" id="0x9B003000" idlMapped="na" ilMapped="na" isInternal="false" isReadOnly="false" isSingleton="false" name="IgpRouteGenParams" noSave="false" profile="spsdnwizard">
    
    
    <stc:relation allowDuplicate="false" dstClassRef="routing.rtgcore.TeParams" dstName="none" embedDstInIlClass="false" embedSrcInIlClass="false" id="0x9B003001" isInternal="false" maxOccurs="1" minOccurs="1" name="TeParams" order="sequenced" srcClassRef="IgpRouteGenParams" srcName="none" type="framework.ParentChild" />

    
    <stc:relation allowDuplicate="false" dstClassRef="PcepIgpSegmentRoutingParams" dstName="none" embedDstInIlClass="false" embedSrcInIlClass="false" id="0x9B003002" isInternal="false" maxOccurs="1" minOccurs="1" name="SRParams" order="sequenced" srcClassRef="IgpRouteGenParams" srcName="none" type="framework.ParentChild" />
    
    
    <stc:enumeration idlMapped="true" ilMapped="true" isFlags="false" name="EnumEmulatedNetworkType">
        <stc:enum displayName="P2P" idlMapped="true" ilMapped="true" name="P2P" value="1" />
    </stc:enumeration>

    
    <stc:property category="config" collectionType="vector" databaseType="DEFAULT" default="true" displayName="Emulated Enable TeParams" format="number" id="0x9B003003" idlMapped="true" ilMapped="true" isComposite="false" isDataStream="false" isDeprecated="false" isInternal="false" isReadOnly="false" maxOccurs="1" minOccurs="1" name="EmulatedEnableTe" noSave="false" nullable="false" onModifyNotifyMode="periodic" precision="" replaces="" type="bool">
    </stc:property>
    
    <stc:property category="config" collectionType="vector" databaseType="DEFAULT" default="true" displayName="Emulated Enable Sub-Interface" format="number" id="0x9B003004" idlMapped="true" ilMapped="true" isComposite="false" isDataStream="false" isDeprecated="false" isInternal="false" isReadOnly="false" maxOccurs="1" minOccurs="1" name="EmulatedEnableVlan" noSave="false" nullable="false" onModifyNotifyMode="periodic" precision="" replaces="" type="bool" />
    
    <stc:property category="config" collectionType="vector" databaseType="DEFAULT" default="100" displayName="Emulated VLAN ID" format="number" id="0x9B003005" idlMapped="true" ilMapped="true" isComposite="false" isDataStream="false" isDeprecated="false" isInternal="false" isReadOnly="false" maxOccurs="1" minOccurs="1" name="EmulatedVlanId" noSave="false" nullable="false" onModifyNotifyMode="periodic" precision="" replaces="" type="u16">
		  <stc:numericValidation errorMsg="Please enter a valid number" maxInclusive="4095" minInclusive="1" />
    </stc:property>
    
    <stc:property category="config" collectionType="vector" databaseType="DEFAULT" default="1" displayName="Emulated VLAN Step" format="number" id="0x9B003006" idlMapped="true" ilMapped="true" isComposite="false" isDataStream="false" isDeprecated="false" isInternal="false" isReadOnly="false" maxOccurs="1" minOccurs="1" name="EmulatedVlanStep" noSave="false" nullable="false" onModifyNotifyMode="periodic" precision="" replaces="" type="u16">
      <stc:numericValidation errorMsg="Please enter a valid number" maxInclusive="4095" minInclusive="0" />  
    </stc:property>

    
    <stc:property category="config" collectionType="vector" databaseType="DEFAULT" default="110.1.1.1" displayName="Emulated IPv4 address" format="number" id="0x9B003007" idlMapped="true" ilMapped="true" isComposite="false" isDataStream="false" isDeprecated="false" isInternal="false" isReadOnly="false" maxOccurs="1" minOccurs="1" name="EmulatedIpv4AddrStart" noSave="false" nullable="false" onModifyNotifyMode="periodic" precision="" replaces="" type="ip" />
    
    <stc:property category="config" collectionType="vector" databaseType="DEFAULT" default="0.0.0.2" displayName="Emulated IPv4 address Step per Port/Vlan" format="number" id="0x9B003008" idlMapped="true" ilMapped="true" isComposite="false" isDataStream="false" isDeprecated="false" isInternal="false" isReadOnly="false" maxOccurs="1" minOccurs="1" name="EmulatedIpv4AddrPortStep" noSave="false" nullable="false" onModifyNotifyMode="periodic" precision="" replaces="" type="ip" />
    
    <stc:property category="config" collectionType="vector" databaseType="DEFAULT" default="24" displayName="Emulated IPv4 address Prefix Length" format="number" id="0x9B003009" idlMapped="true" ilMapped="true" isComposite="false" isDataStream="false" isDeprecated="false" isInternal="false" isReadOnly="false" maxOccurs="1" minOccurs="1" name="EmulatedIpv4AddrPrefixLength" noSave="false" nullable="false" onModifyNotifyMode="periodic" precision="" replaces="" type="u8">
          <stc:numericValidation errorMsg="Please enter a valid number" maxInclusive="32" minInclusive="0" />
    </stc:property>
    
    <stc:property category="config" collectionType="vector" databaseType="DEFAULT" default="110.1.1.2" displayName="Emulated IPv4 DUT" format="number" id="0x9B00300A" idlMapped="true" ilMapped="true" isComposite="false" isDataStream="false" isDeprecated="false" isInternal="false" isReadOnly="false" maxOccurs="1" minOccurs="1" name="EmulatedIpv4GateWayStart" noSave="false" nullable="false" onModifyNotifyMode="periodic" precision="" replaces="" type="ip" />
    
    <stc:property category="config" collectionType="vector" databaseType="DEFAULT" default="0.0.0.2" displayName="Emulated IPv4 DUT Step per Port/Vlan" format="number" id="0x9B00300B" idlMapped="true" ilMapped="true" isComposite="false" isDataStream="false" isDeprecated="false" isInternal="false" isReadOnly="false" maxOccurs="1" minOccurs="1" name="EmulatedIpv4GateWayPortStep" noSave="false" nullable="false" onModifyNotifyMode="periodic" precision="" replaces="" type="ip" />

    
    <stc:property category="config" collectionType="vector" databaseType="DEFAULT" default="2000::1" displayName="Emulated IPv6 address" format="number" id="0x9B00300C" idlMapped="true" ilMapped="true" isComposite="false" isDataStream="false" isDeprecated="false" isInternal="false" isReadOnly="false" maxOccurs="1" minOccurs="1" name="EmulatedIpv6AddrStart" noSave="false" nullable="false" onModifyNotifyMode="periodic" precision="" replaces="" type="ipv6" />

    <stc:property category="config" collectionType="vector" databaseType="DEFAULT" default="0::1:0" displayName="Emulated IPv6 address Step per Port/Vlan" format="number" id="0x9B00300D" idlMapped="true" ilMapped="true" isComposite="false" isDataStream="false" isDeprecated="false" isInternal="false" isReadOnly="false" maxOccurs="1" minOccurs="1" name="EmulatedIpv6AddrPortStep" noSave="false" nullable="false" onModifyNotifyMode="periodic" precision="" replaces="" type="ipv6" />

    <stc:property category="config" collectionType="vector" databaseType="DEFAULT" default="64" displayName="Emulated IPv6 address Prefix Length" format="number" id="0x9B00300E" idlMapped="true" ilMapped="true" isComposite="false" isDataStream="false" isDeprecated="false" isInternal="false" isReadOnly="false" maxOccurs="1" minOccurs="1" name="EmulatedIpv6AddrPrefixLength" noSave="false" nullable="false" onModifyNotifyMode="periodic" precision="" replaces="" type="u8">
      <stc:numericValidation errorMsg="Please enter a valid number" maxInclusive="128" minInclusive="0" />
    </stc:property>

    <stc:property category="config" collectionType="vector" databaseType="DEFAULT" default="2000::2" displayName="Emulated IPv6 DUT" format="number" id="0x9B00300F" idlMapped="true" ilMapped="true" isComposite="false" isDataStream="false" isDeprecated="false" isInternal="false" isReadOnly="false" maxOccurs="1" minOccurs="1" name="EmulatedIpv6GateWayStart" noSave="false" nullable="false" onModifyNotifyMode="periodic" precision="" replaces="" type="ipv6" />
    
    <stc:property category="config" collectionType="vector" databaseType="DEFAULT" default="0::1:0" displayName="Emulated IPv6 DUT Step per Port/Vlan" format="number" id="0x9B003010" idlMapped="true" ilMapped="true" isComposite="false" isDataStream="false" isDeprecated="false" isInternal="false" isReadOnly="false" maxOccurs="1" minOccurs="1" name="EmulatedIpv6GateWayPortStep" noSave="false" nullable="false" onModifyNotifyMode="periodic" precision="" replaces="" type="ipv6" />
    
    <stc:property category="config" collectionType="vector" databaseType="DEFAULT" default="49001" displayName="Emulated Area" format="number" id="0x9B003011" idlMapped="true" ilMapped="true" isComposite="false" isDataStream="false" isDeprecated="false" isInternal="false" isReadOnly="false" maxOccurs="1" minOccurs="1" name="EmulatedArea" noSave="false" nullable="false" onModifyNotifyMode="periodic" precision="" replaces="" type="string">
        <stc:regExpValidation errorMsg="Area must contain 2 - 28 HEX values" pattern="^[a-fA-F0-9]{2,28}$" />
      </stc:property>

    <stc:property category="config" collectionType="vector" databaseType="DEFAULT" default="0.0.0.0" displayName="Emulated OSPF Area" format="number" id="0x9B003012" idlMapped="true" ilMapped="true" isComposite="false" isDataStream="false" isDeprecated="false" isInternal="false" isReadOnly="false" maxOccurs="1" minOccurs="1" name="OspfArea" noSave="false" nullable="false" onModifyNotifyMode="periodic" precision="" replaces="" type="ip" />
    
    <stc:property category="config" collectionType="vector" databaseType="DEFAULT" default="P2P" displayName="Emulated Network Type" format="number" id="0x9B003013" idlMapped="true" ilMapped="true" isComposite="false" isDataStream="false" isDeprecated="false" isInternal="false" isReadOnly="false" maxOccurs="1" minOccurs="1" name="EmulatedNetworkType" noSave="false" nullable="false" onModifyNotifyMode="periodic" precision="" replaces="" type="u8">
      <stc:enumerationRef ref="EnumEmulatedNetworkType" />
    </stc:property>
    
    <stc:property category="config" collectionType="vector" databaseType="DEFAULT" default="00:00:10:94:00:01" displayName="Emulated Router System ID" format="number" id="0x9B003014" idlMapped="true" ilMapped="true" isComposite="false" isDataStream="false" isDeprecated="false" isInternal="false" isReadOnly="false" maxOccurs="1" minOccurs="1" name="EmulatedSystemIdStart" noSave="false" nullable="false" onModifyNotifyMode="periodic" precision="" replaces="" type="mac">
    </stc:property>
    
    <stc:property category="config" collectionType="vector" databaseType="DEFAULT" default="00:00:00:00:00:01" displayName="Emulated Router System ID Step Per Port/Vlan" format="number" id="0x9B003015" idlMapped="true" ilMapped="true" isComposite="false" isDataStream="false" isDeprecated="false" isInternal="false" isReadOnly="false" maxOccurs="1" minOccurs="1" name="EmulatedSystemIdPortStep" noSave="false" nullable="false" onModifyNotifyMode="periodic" precision="" replaces="" type="mac">
    </stc:property>

    <stc:property category="config" collectionType="vector" databaseType="DEFAULT" default="00:20:10:00:00:01" displayName="Emulated DUT System ID" format="number" id="0x9B003016" idlMapped="true" ilMapped="true" isComposite="false" isDataStream="false" isDeprecated="false" isInternal="false" isReadOnly="false" maxOccurs="1" minOccurs="1" name="DutSystemIdStart" noSave="false" nullable="false" onModifyNotifyMode="periodic" precision="" replaces="" type="mac">
    </stc:property>

    <stc:property category="config" collectionType="vector" databaseType="DEFAULT" default="00:00:00:00:00:01" displayName="Emulated DUT System ID Step Per Port/Vlan" format="number" id="0x9B003017" idlMapped="true" ilMapped="true" isComposite="false" isDataStream="false" isDeprecated="false" isInternal="false" isReadOnly="false" maxOccurs="1" minOccurs="1" name="DutSystemIdPortStep" noSave="false" nullable="false" onModifyNotifyMode="periodic" precision="" replaces="" type="mac">
    </stc:property>

    
    <stc:property category="config" collectionType="vector" databaseType="DEFAULT" default="3.1.1.1" displayName="Simulated IPv4 Router ID" format="number" id="0x9B003018" idlMapped="true" ilMapped="true" isComposite="false" isDataStream="false" isDeprecated="false" isInternal="false" isReadOnly="false" maxOccurs="1" minOccurs="1" name="SimulatedIpv4RouterIdStart" noSave="false" nullable="false" onModifyNotifyMode="periodic" precision="" replaces="" type="ip" />
    
    <stc:property category="config" collectionType="vector" databaseType="DEFAULT" default="0.0.0.1" displayName="Simulated IPv4 Router ID Step Per Device" format="number" id="0x9B003019" idlMapped="true" ilMapped="true" isComposite="false" isDataStream="false" isDeprecated="false" isInternal="false" isReadOnly="false" maxOccurs="1" minOccurs="1" name="SimulatedIpv4RouterIdDeviceStep" noSave="false" nullable="false" onModifyNotifyMode="periodic" precision="" replaces="" type="ip" />
    
    <stc:property category="config" collectionType="vector" databaseType="DEFAULT" default="0.1.0.0" displayName="Simulated IPv4 Router ID Step Per Vlan" format="number" id="0x9B00301A" idlMapped="true" ilMapped="true" isComposite="false" isDataStream="false" isDeprecated="false" isInternal="false" isReadOnly="false" maxOccurs="1" minOccurs="1" name="SimulatedIpv4RouterIdVlanStep" noSave="false" nullable="false" onModifyNotifyMode="periodic" precision="" replaces="" type="ip" />
    
    <stc:property category="config" collectionType="vector" databaseType="DEFAULT" default="32" displayName="Simulated IPv4 Router ID Prefix Length" format="number" id="0x9B00301B" idlMapped="true" ilMapped="true" isComposite="false" isDataStream="false" isDeprecated="false" isInternal="false" isReadOnly="false" maxOccurs="1" minOccurs="1" name="SimulatedIpv4RouterIdPrefixLength" noSave="false" nullable="false" onModifyNotifyMode="periodic" precision="" replaces="" type="u8">
          <stc:numericValidation errorMsg="Please enter a valid number" maxInclusive="32" minInclusive="0" />
    </stc:property>

    <stc:property category="config" collectionType="vector" databaseType="DEFAULT" default="30.1.1.1" displayName="Simulated IPv4 Interface Address" format="number" id="0x9B00301C" idlMapped="true" ilMapped="true" isComposite="false" isDataStream="false" isDeprecated="false" isInternal="false" isReadOnly="false" maxOccurs="1" minOccurs="1" name="SimulatedIpv4InterfaceIpStart" noSave="false" nullable="false" onModifyNotifyMode="periodic" precision="" replaces="" type="ip" />

    <stc:property category="config" collectionType="vector" databaseType="DEFAULT" default="0.1.0.0" displayName="Simulated IPv4 Interface IP Step Per Vlan" format="number" id="0x9B00301D" idlMapped="true" ilMapped="true" isComposite="false" isDataStream="false" isDeprecated="false" isInternal="false" isReadOnly="false" maxOccurs="1" minOccurs="1" name="SimulatedIpv4InterfaceIpVlanStep" noSave="false" nullable="false" onModifyNotifyMode="periodic" precision="" replaces="" type="ip" />

    <stc:property category="config" collectionType="vector" databaseType="DEFAULT" default="24" displayName="Simulated IPv4 Interface IP Prefix Length" format="number" id="0x9B00301E" idlMapped="true" ilMapped="true" isComposite="false" isDataStream="false" isDeprecated="false" isInternal="false" isReadOnly="false" maxOccurs="1" minOccurs="1" name="SimulatedIpv4InterfaceIpPrefixLength" noSave="false" nullable="false" onModifyNotifyMode="periodic" precision="" replaces="" type="u8">
      <stc:numericValidation errorMsg="Please enter a valid number" maxInclusive="32" minInclusive="0" />
    </stc:property>

    
    <stc:property category="config" collectionType="vector" databaseType="DEFAULT" default="3000::1" displayName="Simulated IPv6 Router ID" format="number" id="0x9B00301F" idlMapped="true" ilMapped="true" isComposite="false" isDataStream="false" isDeprecated="false" isInternal="false" isReadOnly="false" maxOccurs="1" minOccurs="1" name="SimulatedIpv6RouterIdStart" noSave="false" nullable="false" onModifyNotifyMode="periodic" precision="" replaces="" type="ipv6" />

    <stc:property category="config" collectionType="vector" databaseType="DEFAULT" default="::1" displayName="Simulated IPv6 Router ID Step Per Device" format="number" id="0x9B003020" idlMapped="true" ilMapped="true" isComposite="false" isDataStream="false" isDeprecated="false" isInternal="false" isReadOnly="false" maxOccurs="1" minOccurs="1" name="SimulatedIpv6RouterIdDeviceStep" noSave="false" nullable="false" onModifyNotifyMode="periodic" precision="" replaces="" type="ipv6" />

    <stc:property category="config" collectionType="vector" databaseType="DEFAULT" default="0::1:0" displayName="Simulated IPv6 Router ID Step Per Vlan" format="number" id="0x9B003021" idlMapped="true" ilMapped="true" isComposite="false" isDataStream="false" isDeprecated="false" isInternal="false" isReadOnly="false" maxOccurs="1" minOccurs="1" name="SimulatedIpv6RouterIdVlanStep" noSave="false" nullable="false" onModifyNotifyMode="periodic" precision="" replaces="" type="ipv6" />

    <stc:property category="config" collectionType="vector" databaseType="DEFAULT" default="64" displayName="Simulated IPv6 Router ID Prefix Length" format="number" id="0x9B003022" idlMapped="true" ilMapped="true" isComposite="false" isDataStream="false" isDeprecated="false" isInternal="false" isReadOnly="false" maxOccurs="1" minOccurs="1" name="SimulatedIpv6RouterIdPrefixLength" noSave="false" nullable="false" onModifyNotifyMode="periodic" precision="" replaces="" type="u8">
      <stc:numericValidation errorMsg="Please enter a valid number" maxInclusive="128" minInclusive="0" />
    </stc:property>

    <stc:property category="config" collectionType="vector" databaseType="DEFAULT" default="3001::1" displayName="Simulated IPv6 Interface IP" format="number" id="0x9B003023" idlMapped="true" ilMapped="true" isComposite="false" isDataStream="false" isDeprecated="false" isInternal="false" isReadOnly="false" maxOccurs="1" minOccurs="1" name="SimulatedIpv6InterfaceIpStart" noSave="false" nullable="false" onModifyNotifyMode="periodic" precision="" replaces="" type="ipv6" />

    <stc:property category="config" collectionType="vector" databaseType="DEFAULT" default="0::1:0" displayName="Simulated IPv6 Interface IP Step Per Vlan" format="number" id="0x9B003024" idlMapped="true" ilMapped="true" isComposite="false" isDataStream="false" isDeprecated="false" isInternal="false" isReadOnly="false" maxOccurs="1" minOccurs="1" name="SimulatedIpv6InterfaceIpVlanStep" noSave="false" nullable="false" onModifyNotifyMode="periodic" precision="" replaces="" type="ipv6" />

    <stc:property category="config" collectionType="vector" databaseType="DEFAULT" default="64" displayName="Simulated IPv6 Interface IP Prefix Length" format="number" id="0x9B003025" idlMapped="true" ilMapped="true" isComposite="false" isDataStream="false" isDeprecated="false" isInternal="false" isReadOnly="false" maxOccurs="1" minOccurs="1" name="SimulatedIpv6InterfaceIpPrefixLength" noSave="false" nullable="false" onModifyNotifyMode="periodic" precision="" replaces="" type="u8">
      <stc:numericValidation errorMsg="Please enter a valid number" maxInclusive="128" minInclusive="0" />
    </stc:property>
    
    <stc:property category="config" collectionType="vector" databaseType="DEFAULT" default="10:00:00:00:00:01" displayName="Simulated System ID" format="number" id="0x9B003026" idlMapped="true" ilMapped="true" isComposite="false" isDataStream="false" isDeprecated="false" isInternal="false" isReadOnly="false" maxOccurs="1" minOccurs="1" name="SimulatedSystemIdStart" noSave="false" nullable="false" onModifyNotifyMode="periodic" precision="" replaces="" type="mac">
    </stc:property>
    
    <stc:property category="config" collectionType="vector" databaseType="DEFAULT" default="00:00:00:00:00:01" displayName="Simulated System ID Step Per Device" format="number" id="0x9B003027" idlMapped="true" ilMapped="true" isComposite="false" isDataStream="false" isDeprecated="false" isInternal="false" isReadOnly="false" maxOccurs="1" minOccurs="1" name="SimulatedSystemIdDeviceStep" noSave="false" nullable="false" onModifyNotifyMode="periodic" precision="" replaces="" type="mac">
    </stc:property>
    
    <stc:property category="config" collectionType="vector" databaseType="DEFAULT" default="00:01:00:00:00:00" displayName="Simulated System ID Step Per Vlan" format="number" id="0x9B003028" idlMapped="true" ilMapped="true" isComposite="false" isDataStream="false" isDeprecated="false" isInternal="false" isReadOnly="false" maxOccurs="1" minOccurs="1" name="SimulatedSystemIdVlanStep" noSave="false" nullable="false" onModifyNotifyMode="periodic" precision="" replaces="" type="mac">
    </stc:property>
  </stc:class> 

  <stc:class baseClass="framework.Scriptable" canCreate="false" id="0x9B004000" idlMapped="na" ilMapped="na" isInternal="false" isReadOnly="false" isSingleton="false" name="PcepRouteBaseGenParams" noSave="false" profile="spsdnwizard">

    
    
    <stc:property category="config" collectionType="vector" databaseType="DEFAULT" default="110.1.1.100" displayName="IPv4 SDN Controller" format="number" id="0x9B004001" idlMapped="true" ilMapped="true" isComposite="false" isDataStream="false" isDeprecated="false" isInternal="false" isReadOnly="false" maxOccurs="1" minOccurs="1" name="Ipv4SdnController" noSave="false" nullable="false" onModifyNotifyMode="periodic" precision="" replaces="" type="ip" />

    
    <stc:property category="config" collectionType="vector" databaseType="DEFAULT" default="2000::1000" displayName="IPv6 SDN Controller" format="number" id="0x9B004002" idlMapped="true" ilMapped="true" isComposite="false" isDataStream="false" isDeprecated="false" isInternal="false" isReadOnly="false" maxOccurs="1" minOccurs="1" name="Ipv6SdnController" noSave="false" nullable="false" onModifyNotifyMode="periodic" precision="" replaces="" type="ipv6" />

    <stc:property category="config" collectionType="vector" databaseType="DEFAULT" default="1" displayName="LSP Count Per Device" format="number" id="0x9B004003" idlMapped="true" ilMapped="true" isComposite="false" isDataStream="false" isDeprecated="false" isInternal="false" isReadOnly="false" maxOccurs="1" minOccurs="1" name="LspCountPerDevice" noSave="false" nullable="false" onModifyNotifyMode="periodic" precision="" replaces="" type="u16">
      <stc:numericValidation errorMsg="Please enter a valid number" maxInclusive="65535" minInclusive="1" />
    </stc:property>

    <stc:property category="config" collectionType="vector" databaseType="DEFAULT" default="1" displayName="LSP ID" format="number" id="0x9B004004" idlMapped="true" ilMapped="true" isComposite="false" isDataStream="false" isDeprecated="false" isInternal="false" isReadOnly="false" maxOccurs="1" minOccurs="1" name="LspId" noSave="false" nullable="false" onModifyNotifyMode="periodic" precision="" replaces="" type="u32">
      <stc:numericValidation errorMsg="Please enter a valid number" maxInclusive="65535" minInclusive="0" />
    </stc:property>

    <stc:property category="config" collectionType="vector" databaseType="DEFAULT" default="1" displayName="Step Per Device" format="number" id="0x9B004005" idlMapped="true" ilMapped="true" isComposite="false" isDataStream="false" isDeprecated="false" isInternal="false" isReadOnly="false" maxOccurs="1" minOccurs="1" name="LspIdDeviceStep" noSave="false" nullable="false" onModifyNotifyMode="periodic" precision="" replaces="" type="u32">
      <stc:numericValidation errorMsg="Please enter a valid number" maxInclusive="65535" minInclusive="0" />
    </stc:property>

    <stc:property category="config" collectionType="vector" databaseType="DEFAULT" default="1000" displayName="Step Per Vlan" format="number" id="0x9B004006" idlMapped="true" ilMapped="true" isComposite="false" isDataStream="false" isDeprecated="false" isInternal="false" isReadOnly="false" maxOccurs="1" minOccurs="1" name="LspIdVlanStep" noSave="false" nullable="false" onModifyNotifyMode="periodic" precision="" replaces="" type="u32">
      <stc:numericValidation errorMsg="Please enter a valid number" maxInclusive="65535" minInclusive="0" />
    </stc:property>

    <stc:property category="config" collectionType="vector" databaseType="DEFAULT" default="1" displayName="Tunnel ID" format="number" id="0x9B004007" idlMapped="true" ilMapped="true" isComposite="false" isDataStream="false" isDeprecated="false" isInternal="false" isReadOnly="false" maxOccurs="1" minOccurs="1" name="TunnelId" noSave="false" nullable="false" onModifyNotifyMode="periodic" precision="" replaces="" type="u32">
      <stc:numericValidation errorMsg="Please enter a valid number" maxInclusive="65535" minInclusive="0" />
    </stc:property>

    <stc:property category="config" collectionType="vector" databaseType="DEFAULT" default="1" displayName="Tunnel ID Step Per Device" format="number" id="0x9B004008" idlMapped="true" ilMapped="true" isComposite="false" isDataStream="false" isDeprecated="false" isInternal="false" isReadOnly="false" maxOccurs="1" minOccurs="1" name="TunnelIdDeviceStep" noSave="false" nullable="false" onModifyNotifyMode="periodic" precision="" replaces="" type="u32">
      <stc:numericValidation errorMsg="Please enter a valid number" maxInclusive="65535" minInclusive="0" />
    </stc:property>

    <stc:property category="config" collectionType="vector" databaseType="DEFAULT" default="1000" displayName="Tunnel ID Step Per Vlan" format="number" id="0x9B004009" idlMapped="true" ilMapped="true" isComposite="false" isDataStream="false" isDeprecated="false" isInternal="false" isReadOnly="false" maxOccurs="1" minOccurs="1" name="TunnelIdVlanStep" noSave="false" nullable="false" onModifyNotifyMode="periodic" precision="" replaces="" type="u32">
      <stc:numericValidation errorMsg="Please enter a valid number" maxInclusive="65535" minInclusive="0" />
    </stc:property>
  </stc:class>
  
  <stc:class baseClass="PcepRouteBaseGenParams" canCreate="true" id="0x9B005000" idlMapped="na" ilMapped="na" isInternal="false" isReadOnly="false" isSingleton="false" name="PcepRouteForIgpGenParams" noSave="false" profile="spsdnwizard">  
  
  </stc:class>
  
  <stc:class baseClass="routing.rtgwizard.RtgTestGenIpv4PortParams" canCreate="false" id="0x9B006000" idlMapped="na" ilMapped="na" isInternal="false" isReadOnly="false" isSingleton="false" name="AnycastSingleControlPortGenParams" noSave="false" profile="spsdnwizard">  
	  <stc:property category="config" collectionType="vector" databaseType="DEFAULT" default="00:10:94:00:00:01" displayName="MAC Address" format="number" id="0x9B006001" idlMapped="true" ilMapped="true" isComposite="false" isDataStream="false" isDeprecated="false" isInternal="false" isReadOnly="false" maxOccurs="1" minOccurs="1" name="MacAddress" noSave="false" nullable="false" onModifyNotifyMode="periodic" precision="" replaces="" type="mac" />
   
	  <stc:property category="config" collectionType="vector" databaseType="DEFAULT" default="0.0.0.0" displayName="IPv4 Router ID" format="number" id="0x9B006002" idlMapped="true" ilMapped="true" isComposite="false" isDataStream="false" isDeprecated="false" isInternal="false" isReadOnly="false" maxOccurs="1" minOccurs="1" name="Ipv4RouterId" noSave="false" nullable="false" onModifyNotifyMode="periodic" precision="" replaces="" type="ip" />
	  <stc:property category="config" collectionType="vector" databaseType="DEFAULT" default="0.0.0.0" displayName="IPv4 Address" format="number" id="0x9B006003" idlMapped="true" ilMapped="true" isComposite="false" isDataStream="false" isDeprecated="false" isInternal="false" isReadOnly="false" maxOccurs="1" minOccurs="1" name="Ipv4Address" noSave="false" nullable="false" onModifyNotifyMode="periodic" precision="" replaces="" type="ip" />
  </stc:class>

   <stc:class baseClass="AnycastSingleControlPortGenParams" canCreate="true" id="0x9B007000" idlMapped="na" ilMapped="na" isInternal="false" isReadOnly="false" isSingleton="false" name="AnycastSingleControlLeftPortGenParams" noSave="false" profile="spsdnwizard">
  </stc:class>

  <stc:class baseClass="AnycastSingleControlPortGenParams" canCreate="true" id="0x9B008000" idlMapped="na" ilMapped="na" isInternal="false" isReadOnly="false" isSingleton="false" name="AnycastSingleControlRightPortGenParams" noSave="false" profile="spsdnwizard">
  </stc:class>
  <stc:class baseClass="AnycastSingleControlRightPortGenParams" canCreate="true" id="0x9B009000" idlMapped="na" ilMapped="na" isInternal="false" isReadOnly="false" isSingleton="false" name="AnycastSingleControl1stRightPortGenParams" noSave="false" profile="spsdnwizard">
  </stc:class>
  <stc:class baseClass="AnycastSingleControlLeftPortGenParams" canCreate="true" id="0x9B00A000" idlMapped="na" ilMapped="na" isInternal="false" isReadOnly="false" isSingleton="false" name="AnycastSingleControl1stLeftPortGenParams" noSave="false" profile="spsdnwizard">
  </stc:class>

  <stc:class baseClass="AnycastSingleControlRightPortGenParams" canCreate="true" id="0x9B00B000" idlMapped="na" ilMapped="na" isInternal="false" isReadOnly="false" isSingleton="false" name="AnycastSingleControl2ndRightPortGenParams" noSave="false" profile="spsdnwizard">
  </stc:class>
  
  <stc:class baseClass="AnycastSingleControlLeftPortGenParams" canCreate="true" id="0x9B00C000" idlMapped="na" ilMapped="na" isInternal="false" isReadOnly="false" isSingleton="false" name="AnycastSingleControl2ndLeftPortGenParams" noSave="false" profile="spsdnwizard">
  </stc:class>
  
  <stc:class baseClass="routing.rtgwizard.RtgTestGenParams" canCreate="true" id="0x9B00D000" idlMapped="na" ilMapped="na" isInternal="false" isReadOnly="false" isSingleton="false" name="SrAnycastSingleControlGenParams" noSave="false" profile="spsdnwizard">
    
		<stc:relation allowDuplicate="false" dstClassRef="SrAnycastSingleControlGenParams" dstName="none" embedDstInIlClass="false" embedSrcInIlClass="false" id="0x9B00D001" isInternal="false" maxOccurs="unbounded" minOccurs="0" name="ParentProject" order="sequenced" srcClassRef="framework.Project" srcName="none" type="framework.ParentChild" />
	  <stc:relation allowDuplicate="false" dstClassRef="routing.rtgcore.TeParams" dstName="none" embedDstInIlClass="false" embedSrcInIlClass="false" id="0x9B00D002" isInternal="false" maxOccurs="1" minOccurs="1" name="TeParams" order="sequenced" srcClassRef="SrAnycastSingleControlGenParams" srcName="none" type="framework.ParentChild" />
	  
	  <stc:relation allowDuplicate="false" dstClassRef="AnycastSingleControlPortGenParams" dstName="none" embedDstInIlClass="false" embedSrcInIlClass="false" id="0x9B00D003" isInternal="false" maxOccurs="unbounded" minOccurs="0" name="PortParams" order="sequenced" srcClassRef="SrAnycastSingleControlGenParams" srcName="none" type="framework.ParentChild" />
      
	  <stc:relation allowDuplicate="false" dstClassRef="AnycastSingleControlIsisIgpRouteGenParams" dstName="none" embedDstInIlClass="false" embedSrcInIlClass="false" id="0x9B00D004" isInternal="false" maxOccurs="1" minOccurs="1" name="IgpParams" order="sequenced" srcClassRef="SrAnycastSingleControlGenParams" srcName="none" type="framework.ParentChild" />
	  <stc:relation allowDuplicate="false" dstClassRef="AnycastSingleControlSrGenParams" dstName="none" embedDstInIlClass="false" embedSrcInIlClass="false" id="0x9B00D005" isInternal="false" maxOccurs="1" minOccurs="1" name="SrParams" order="sequenced" srcClassRef="SrAnycastSingleControlGenParams" srcName="none" type="framework.ParentChild" />
	  <stc:relation allowDuplicate="false" dstClassRef="AnycastSingleControlSrRoutesGenParams" dstName="none" embedDstInIlClass="false" embedSrcInIlClass="false" id="0x9B00D006" isInternal="false" maxOccurs="1" minOccurs="1" name="SrRoutesParams" order="sequenced" srcClassRef="SrAnycastSingleControlGenParams" srcName="none" type="framework.ParentChild" />
	  <stc:relation allowDuplicate="false" dstClassRef="AnycastSingleControlTrafficGenParams" dstName="none" embedDstInIlClass="false" embedSrcInIlClass="false" id="0x9B00D007" isInternal="false" maxOccurs="1" minOccurs="1" name="TrafficParams" order="sequenced" srcClassRef="SrAnycastSingleControlGenParams" srcName="none" type="framework.ParentChild" />
	  
	  <stc:enumeration idlMapped="true" ilMapped="true" isFlags="false" name="EnumAnycastIpVersion">
          <stc:enum displayName="IPv4" idlMapped="true" ilMapped="true" name="IPV4" value="1" />
      </stc:enumeration>
	  <stc:enumeration idlMapped="true" ilMapped="true" isFlags="false" name="EnumAnycastProtocol">
          <stc:enum displayName="ISIS" idlMapped="true" ilMapped="true" name="ISIS" value="1" />
    </stc:enumeration>
	  
	  <stc:property category="config" collectionType="vector" databaseType="DEFAULT" default="IPV4" displayName="IP Version" format="number" id="0x9B00D008" idlMapped="true" ilMapped="true" isComposite="false" isDataStream="false" isDeprecated="false" isInternal="false" isReadOnly="false" maxOccurs="1" minOccurs="1" name="IpVersion" noSave="false" nullable="false" onModifyNotifyMode="periodic" precision="" replaces="" type="u8">
			<stc:enumerationRef ref="EnumAnycastIpVersion" />
	  </stc:property>
	  <stc:property category="config" collectionType="vector" databaseType="DEFAULT" default="ISIS" displayName="IGP Protocol" format="number" id="0x9B00D009" idlMapped="true" ilMapped="true" isComposite="false" isDataStream="false" isDeprecated="false" isInternal="false" isReadOnly="false" maxOccurs="1" minOccurs="1" name="IgpProtocols" noSave="false" nullable="false" onModifyNotifyMode="periodic" precision="" replaces="" type="u8">
			<stc:enumerationRef ref="EnumAnycastProtocol" />
	  </stc:property>
	  <stc:property category="config" collectionType="vector" databaseType="DEFAULT" default="false" displayName="Enable TeParams" format="number" id="0x9B00D00A" idlMapped="true" ilMapped="true" isComposite="false" isDataStream="false" isDeprecated="false" isInternal="false" isReadOnly="false" maxOccurs="1" minOccurs="1" name="EnableTe" noSave="false" nullable="false" onModifyNotifyMode="periodic" precision="" replaces="" type="bool">
	  </stc:property>
	  <stc:property category="config" collectionType="vector" databaseType="DEFAULT" default="true" displayName="Enable Traffic" format="number" id="0x9B00D00B" idlMapped="true" ilMapped="true" isComposite="false" isDataStream="false" isDeprecated="false" isInternal="false" isReadOnly="false" maxOccurs="1" minOccurs="1" name="EnableTraffic" noSave="false" nullable="false" onModifyNotifyMode="periodic" precision="" replaces="" type="bool">
	  </stc:property>
  </stc:class>
  
    
  <stc:class baseClass="framework.Scriptable" canCreate="false" id="0x9B00E000" idlMapped="na" ilMapped="na" isInternal="false" isReadOnly="false" isSingleton="false" name="AnycastSingleControlIgpRouteGenParams" noSave="false" profile="spsdnwizard">
  </stc:class> 
  
  <stc:class baseClass="AnycastSingleControlIgpRouteGenParams" canCreate="true" id="0x9B00F000" idlMapped="na" ilMapped="na" isInternal="false" isReadOnly="false" isSingleton="false" name="AnycastSingleControlIsisIgpRouteGenParams" noSave="false" profile="spsdnwizard">
	<stc:enumeration idlMapped="true" ilMapped="true" isFlags="false" name="EnumIsisLevel">
      <stc:enum displayName="L1" idlMapped="true" ilMapped="true" name="LEVEL1" value="1" />
      <stc:enum displayName="L2" idlMapped="true" ilMapped="true" name="LEVEL2" value="2" />
      <stc:enum displayName="L1/L2" idlMapped="true" ilMapped="true" name="LEVEL1_AND_2" value="3" />
    </stc:enumeration>
	<stc:enumeration idlMapped="true" ilMapped="true" isFlags="false" name="EnumIsisNetworkType">
      <stc:enum displayName="P2P" idlMapped="true" ilMapped="true" name="P2P" value="1" />
    </stc:enumeration>
	
	<stc:property category="config" collectionType="vector" databaseType="DEFAULT" default="LEVEL2" displayName="Level" format="number" id="0x9B00F001" idlMapped="true" ilMapped="true" isComposite="false" isDataStream="false" isDeprecated="false" isInternal="false" isReadOnly="false" maxOccurs="1" minOccurs="1" name="IsisLevel" noSave="false" nullable="false" onModifyNotifyMode="periodic" precision="" replaces="" type="u8">
      <stc:enumerationRef ref="EnumIsisLevel" />
    </stc:property>
	<stc:property category="config" collectionType="vector" databaseType="DEFAULT" default="P2P" displayName="Network Type" format="number" id="0x9B00F002" idlMapped="true" ilMapped="true" isComposite="false" isDataStream="false" isDeprecated="false" isInternal="false" isReadOnly="false" maxOccurs="1" minOccurs="1" name="IsisNetworkType" noSave="false" nullable="false" onModifyNotifyMode="periodic" precision="" replaces="" type="u8">
      <stc:enumerationRef ref="EnumIsisNetworkType" />
    </stc:property>
	<stc:property category="config" collectionType="vector" databaseType="DEFAULT" default="FF:00:00:00:00:11" displayName="DUT1 System ID" format="number" id="0x9B00F003" idlMapped="true" ilMapped="true" isComposite="false" isDataStream="false" isDeprecated="false" isInternal="false" isReadOnly="false" maxOccurs="1" minOccurs="1" name="CoreDomainDut1SystemId" noSave="false" nullable="false" onModifyNotifyMode="periodic" precision="" replaces="" type="mac" />
	<stc:property category="config" collectionType="vector" databaseType="DEFAULT" default="FF:00:00:00:00:22" displayName="DUT2 System ID" format="number" id="0x9B00F004" idlMapped="true" ilMapped="true" isComposite="false" isDataStream="false" isDeprecated="false" isInternal="false" isReadOnly="false" maxOccurs="1" minOccurs="1" name="CoreDomainDut2SystemId" noSave="false" nullable="false" onModifyNotifyMode="periodic" precision="" replaces="" type="mac" />
	<stc:property category="config" collectionType="vector" databaseType="DEFAULT" default="000001" displayName="Area ID" format="number" id="0x9B00F005" idlMapped="true" ilMapped="true" isComposite="false" isDataStream="false" isDeprecated="false" isInternal="false" isReadOnly="false" maxOccurs="1" minOccurs="1" name="IsisAreaId" noSave="false" nullable="false" onModifyNotifyMode="periodic" precision="" replaces="" type="string">
      <stc:regExpValidation errorMsg="Area must contain 2 - 28 HEX values" pattern="^[a-fA-F0-9]{2,28}$" />
    </stc:property>

	<stc:property category="config" collectionType="vector" databaseType="DEFAULT" default="10:00:00:00:00:05" displayName="Simulated Router System ID" format="number" id="0x9B00F006" idlMapped="true" ilMapped="true" isComposite="false" isDataStream="false" isDeprecated="false" isInternal="false" isReadOnly="false" maxOccurs="1" minOccurs="1" name="SrSimulatedSystemIdStart" noSave="false" nullable="false" onModifyNotifyMode="periodic" precision="" replaces="" type="mac" />
	<stc:property category="config" collectionType="vector" databaseType="DEFAULT" default="00:00:00:00:00:01" displayName="System ID Step" format="number" id="0x9B00F007" idlMapped="true" ilMapped="true" isComposite="false" isDataStream="false" isDeprecated="false" isInternal="false" isReadOnly="false" maxOccurs="1" minOccurs="1" name="SrSimulatedSystemIdStep" noSave="false" nullable="false" onModifyNotifyMode="periodic" precision="" replaces="" type="mac" />	
	<stc:property category="config" collectionType="vector" databaseType="DEFAULT" default="5.5.5.5" displayName="Simulated IPv4 Router ID" format="number" id="0x9B00F008" idlMapped="true" ilMapped="true" isComposite="false" isDataStream="false" isDeprecated="false" isInternal="false" isReadOnly="false" maxOccurs="1" minOccurs="1" name="SimulatedIpv4RouterIdStart" noSave="false" nullable="false" onModifyNotifyMode="periodic" precision="" replaces="" type="ip" />
	<stc:property category="config" collectionType="vector" databaseType="DEFAULT" default="1.1.1.1" displayName="Router ID Step" format="number" id="0x9B00F009" idlMapped="true" ilMapped="true" isComposite="false" isDataStream="false" isDeprecated="false" isInternal="false" isReadOnly="false" maxOccurs="1" minOccurs="1" name="SimulatedIpv4RouterIdStep" noSave="false" nullable="false" onModifyNotifyMode="periodic" precision="" replaces="" type="ip" />
	<stc:property category="config" collectionType="vector" databaseType="DEFAULT" default="100.0.1.0" displayName="Simulated Starting IP Address" format="number" id="0x9B00F00A" idlMapped="true" ilMapped="true" isComposite="false" isDataStream="false" isDeprecated="false" isInternal="false" isReadOnly="false" maxOccurs="1" minOccurs="1" name="SimulatedIpv4AddrStart" noSave="false" nullable="false" onModifyNotifyMode="periodic" precision="" replaces="" type="ip" />
	<stc:property category="config" collectionType="vector" databaseType="DEFAULT" default="24" displayName="Prefix length" format="number" id="0x9B00F00B" idlMapped="true" ilMapped="true" isComposite="false" isDataStream="false" isDeprecated="false" isInternal="false" isReadOnly="false" maxOccurs="1" minOccurs="1" name="SimulatedIpv4PrefixLength" noSave="false" nullable="false" onModifyNotifyMode="periodic" precision="" replaces="" type="u8">
      <stc:numericValidation errorMsg="Please enter a valid number" maxInclusive="32" minInclusive="0" />
    </stc:property>
  </stc:class>
  
  <stc:class baseClass="framework.Scriptable" canCreate="true" id="0x9B010000" idlMapped="na" ilMapped="na" isInternal="false" isReadOnly="false" isSingleton="false" name="AnycastSingleControlSrGenParams" noSave="false" profile="spsdnwizard">
		
	 <stc:enumeration idlMapped="true" ilMapped="true" isFlags="false" name="EnumIsisSidLabelType">
       <stc:enum displayName="20-bit Label" idlMapped="true" ilMapped="true" name="LABEL" value="3" />
       <stc:enum displayName="32-bit SID" idlMapped="true" ilMapped="true" name="SID" value="4" />
     </stc:enumeration>

     
     <stc:property category="config" collectionType="vector" databaseType="DEFAULT" default="LABEL" displayName="SID/Label Type" format="number" id="0x9B010001" idlMapped="true" ilMapped="true" isComposite="false" isDataStream="false" isDeprecated="false" isInternal="false" isReadOnly="false" maxOccurs="1" minOccurs="1" name="ValueType" noSave="false" nullable="false" onModifyNotifyMode="periodic" precision="" replaces="" type="u8">
            <stc:enumerationRef ref="EnumIsisSidLabelType" />
        </stc:property>
	 <stc:property category="config" collectionType="vector" databaseType="DEFAULT" default="0" displayName="Algorithm List" format="number" id="0x9B010002" idlMapped="true" ilMapped="true" isComposite="false" isDataStream="false" isDeprecated="false" isInternal="false" isReadOnly="false" maxOccurs="1" minOccurs="1" name="SrAlgorithms" noSave="false" nullable="false" onModifyNotifyMode="periodic" precision="" replaces="" type="string">
       <stc:regExpValidation errorMsg="Algorithm must be integer and separated by comma, e.g. 1,2,3" pattern="(^\d+)(\,\d+)*" />
     </stc:property>
	 <stc:property category="config" collectionType="vector" databaseType="DEFAULT" default="16000" displayName="Anycast SID/Label Base" format="number" id="0x9B010003" idlMapped="true" ilMapped="true" isComposite="false" isDataStream="false" isDeprecated="false" isInternal="false" isReadOnly="false" maxOccurs="1" minOccurs="1" name="AnycastSidLabelBase" noSave="false" nullable="false" onModifyNotifyMode="periodic" precision="" replaces="" type="u32">
	 </stc:property>
	 <stc:property category="config" collectionType="vector" databaseType="DEFAULT" default="110000" displayName="Anycast SID/Label Range" format="number" id="0x9B010004" idlMapped="true" ilMapped="true" isComposite="false" isDataStream="false" isDeprecated="false" isInternal="false" isReadOnly="false" maxOccurs="1" minOccurs="1" name="AnycastSidLabelRange" noSave="false" nullable="false" onModifyNotifyMode="periodic" precision="" replaces="" type="u32">
	  <stc:numericValidation errorMsg="Please enter a valid number" maxInclusive="16777215" minInclusive="1" />
	 </stc:property>
	 <stc:property category="config" collectionType="vector" databaseType="DEFAULT" default="101" displayName="Anycast Group1 SID/Label Index" format="number" id="0x9B010005" idlMapped="true" ilMapped="true" isComposite="false" isDataStream="false" isDeprecated="false" isInternal="false" isReadOnly="false" maxOccurs="1" minOccurs="1" name="AnycastSid1" noSave="false" nullable="false" onModifyNotifyMode="periodic" precision="" replaces="" type="u32">
	 </stc:property>
	 <stc:property category="config" collectionType="vector" databaseType="DEFAULT" default="192.1.1.1" displayName="Anycast Group1 IPv4 Address" format="number" id="0x9B010006" idlMapped="true" ilMapped="true" isComposite="false" isDataStream="false" isDeprecated="false" isInternal="false" isReadOnly="false" maxOccurs="1" minOccurs="1" name="AnycastIpv4Addr1" noSave="false" nullable="false" onModifyNotifyMode="periodic" precision="" replaces="" type="ip">
	 </stc:property>
	 <stc:property category="config" collectionType="vector" databaseType="DEFAULT" default="102" displayName="Anycast Group2 SID/Label Index" format="number" id="0x9B010007" idlMapped="true" ilMapped="true" isComposite="false" isDataStream="false" isDeprecated="false" isInternal="false" isReadOnly="false" maxOccurs="1" minOccurs="1" name="AnycastSid2" noSave="false" nullable="false" onModifyNotifyMode="periodic" precision="" replaces="" type="u32">
	 </stc:property>
	 <stc:property category="config" collectionType="vector" databaseType="DEFAULT" default="192.2.2.2" displayName="Anycast Group2 IPv4 Address" format="number" id="0x9B010008" idlMapped="true" ilMapped="true" isComposite="false" isDataStream="false" isDeprecated="false" isInternal="false" isReadOnly="false" maxOccurs="1" minOccurs="1" name="AnycastIpv4Addr2" noSave="false" nullable="false" onModifyNotifyMode="periodic" precision="" replaces="" type="ip">
	 </stc:property>
	  
	 <stc:property category="config" collectionType="vector" databaseType="DEFAULT" default="16000" displayName="SID/Label Base" format="number" id="0x9B010009" idlMapped="true" ilMapped="true" isComposite="false" isDataStream="false" isDeprecated="false" isInternal="false" isReadOnly="false" maxOccurs="1" minOccurs="1" name="SrSidLabelBase" noSave="false" nullable="false" onModifyNotifyMode="periodic" precision="" replaces="" type="u32" />
    <stc:property category="config" collectionType="vector" databaseType="DEFAULT" default="110000" displayName="SID/Label Range" format="number" id="0x9B01000A" idlMapped="true" ilMapped="true" isComposite="false" isDataStream="false" isDeprecated="false" isInternal="false" isReadOnly="false" maxOccurs="1" minOccurs="1" name="SrSidLabelRange" noSave="false" nullable="false" onModifyNotifyMode="periodic" precision="" replaces="" type="u32">
      <stc:numericValidation errorMsg="Please enter a valid number" maxInclusive="16777215" minInclusive="1" />
    </stc:property>
	<stc:property category="config" collectionType="vector" databaseType="DEFAULT" default="1" displayName="Node SID/Label Index" format="number" id="0x9B01000B" idlMapped="true" ilMapped="true" isComposite="false" isDataStream="false" isDeprecated="false" isInternal="false" isReadOnly="false" maxOccurs="1" minOccurs="1" name="SrSidLabelIndex" noSave="false" nullable="false" onModifyNotifyMode="periodic" precision="" replaces="" type="u32" />
	<stc:property category="config" collectionType="vector" databaseType="DEFAULT" default="1" displayName="Node SID/Label Index Step" format="number" id="0x9B01000C" idlMapped="true" ilMapped="true" isComposite="false" isDataStream="false" isDeprecated="false" isInternal="false" isReadOnly="false" maxOccurs="1" minOccurs="1" name="SrSidLabelStep" noSave="false" nullable="false" onModifyNotifyMode="periodic" precision="" replaces="" type="u32" />
    <stc:property category="config" collectionType="vector" databaseType="DEFAULT" default="9001" displayName="Adj SID/Label" format="number" id="0x9B01000D" idlMapped="true" ilMapped="true" isComposite="false" isDataStream="false" isDeprecated="false" isInternal="false" isReadOnly="false" maxOccurs="1" minOccurs="1" name="SrAdjSid" noSave="false" nullable="false" onModifyNotifyMode="periodic" precision="" replaces="" type="u32" />
    <stc:property category="config" collectionType="vector" databaseType="DEFAULT" default="1" displayName="Adj Sid/Label Step" format="number" id="0x9B01000E" idlMapped="true" ilMapped="true" isComposite="false" isDataStream="false" isDeprecated="false" isInternal="false" isReadOnly="false" maxOccurs="1" minOccurs="1" name="SrAdjSidStep" noSave="false" nullable="false" onModifyNotifyMode="periodic" precision="" replaces="" type="u32" />
  </stc:class>
  
  <stc:class baseClass="framework.Scriptable" canCreate="true" id="0x9B011000" idlMapped="na" ilMapped="na" isInternal="false" isReadOnly="false" isSingleton="false" name="AnycastSingleControlSrRoutesGenParams" noSave="false" profile="spsdnwizard">
	<stc:property category="config" collectionType="vector" databaseType="DEFAULT" default="1000" displayName="Prefix Count" format="number" id="0x9B011001" idlMapped="true" ilMapped="true" isComposite="false" isDataStream="false" isDeprecated="false" isInternal="false" isReadOnly="false" maxOccurs="1" minOccurs="1" name="LeftPrefixCount" noSave="false" nullable="false" onModifyNotifyMode="periodic" precision="" replaces="" type="u32" />
	<stc:property category="config" collectionType="vector" databaseType="DEFAULT" default="111.0.0.0" displayName="Starting IPv4 Address" format="number" id="0x9B011002" idlMapped="true" ilMapped="true" isComposite="false" isDataStream="false" isDeprecated="false" isInternal="false" isReadOnly="false" maxOccurs="1" minOccurs="1" name="LeftStartingIpv4Addr" noSave="false" nullable="false" onModifyNotifyMode="periodic" precision="" replaces="" type="ip">
	 </stc:property>
	<stc:property category="config" collectionType="vector" databaseType="DEFAULT" default="24" displayName="Prefix Length" format="number" id="0x9B011003" idlMapped="true" ilMapped="true" isComposite="false" isDataStream="false" isDeprecated="false" isInternal="false" isReadOnly="false" maxOccurs="1" minOccurs="1" name="LeftIpv4PrefixLength" noSave="false" nullable="false" onModifyNotifyMode="periodic" precision="" replaces="" type="u8" />
	<stc:property category="config" collectionType="vector" databaseType="DEFAULT" default="10001" displayName="Prefix SID/Label" format="number" id="0x9B011004" idlMapped="true" ilMapped="true" isComposite="false" isDataStream="false" isDeprecated="false" isInternal="false" isReadOnly="false" maxOccurs="1" minOccurs="1" name="LeftPrefixSidLabel" noSave="false" nullable="false" onModifyNotifyMode="periodic" precision="" replaces="" type="u32" />

	<stc:property category="config" collectionType="vector" databaseType="DEFAULT" default="1000" displayName="Prefix Count" format="number" id="0x9B011005" idlMapped="true" ilMapped="true" isComposite="false" isDataStream="false" isDeprecated="false" isInternal="false" isReadOnly="false" maxOccurs="1" minOccurs="1" name="RightPrefixCount" noSave="false" nullable="false" onModifyNotifyMode="periodic" precision="" replaces="" type="u32" />
	<stc:property category="config" collectionType="vector" databaseType="DEFAULT" default="222.0.0.0" displayName="Starting IPv4 Address" format="number" id="0x9B011006" idlMapped="true" ilMapped="true" isComposite="false" isDataStream="false" isDeprecated="false" isInternal="false" isReadOnly="false" maxOccurs="1" minOccurs="1" name="RightStartingIpv4Addr" noSave="false" nullable="false" onModifyNotifyMode="periodic" precision="" replaces="" type="ip">
	</stc:property>
	<stc:property category="config" collectionType="vector" databaseType="DEFAULT" default="24" displayName="Prefix Length" format="number" id="0x9B011007" idlMapped="true" ilMapped="true" isComposite="false" isDataStream="false" isDeprecated="false" isInternal="false" isReadOnly="false" maxOccurs="1" minOccurs="1" name="RightIpv4PrefixLength" noSave="false" nullable="false" onModifyNotifyMode="periodic" precision="" replaces="" type="u8">
      <stc:numericValidation errorMsg="Please enter a valid number" maxInclusive="32" minInclusive="0" />
    </stc:property>
	<stc:property category="config" collectionType="vector" databaseType="DEFAULT" default="20001" displayName="Prefix SID/Label" format="number" id="0x9B011008" idlMapped="true" ilMapped="true" isComposite="false" isDataStream="false" isDeprecated="false" isInternal="false" isReadOnly="false" maxOccurs="1" minOccurs="1" name="RightPrefixSidLabel" noSave="false" nullable="false" onModifyNotifyMode="periodic" precision="" replaces="" type="u32" />
  </stc:class>

  <stc:class baseClass="framework.Scriptable" canCreate="true" id="0x9B012000" idlMapped="na" ilMapped="na" isInternal="false" isReadOnly="false" isSingleton="false" name="AnycastSingleControlTrafficGenParams" noSave="false" profile="spsdnwizard">
	  <stc:property category="config" collectionType="vector" databaseType="DEFAULT" default="10" displayName="Load" format="number" id="0x9B012001" idlMapped="true" ilMapped="true" isComposite="false" isDataStream="false" isDeprecated="false" isInternal="false" isReadOnly="false" maxOccurs="1" minOccurs="1" name="Load" noSave="false" nullable="false" onModifyNotifyMode="periodic" precision="" replaces="" type="u32">
     <stc:numericValidation errorMsg="Please enter a valid number" maxInclusive="100" minInclusive="0" />
    </stc:property>
    <stc:property category="config" collectionType="vector" databaseType="DEFAULT" default="128" displayName="Frame Size" format="number" id="0x9B012002" idlMapped="true" ilMapped="true" isComposite="false" isDataStream="false" isDeprecated="false" isInternal="false" isReadOnly="false" maxOccurs="1" minOccurs="1" name="FrameSize" noSave="false" nullable="false" onModifyNotifyMode="periodic" precision="" replaces="" type="u16">
      <stc:numericValidation errorMsg="Please enter a valid number" maxInclusive="16383" minInclusive="12" />
    </stc:property>
    <stc:property category="config" collectionType="vector" databaseType="DEFAULT" default="16102" displayName="Left To Right Traffic Label List" format="number" id="0x9B012003" idlMapped="true" ilMapped="true" isComposite="false" isDataStream="false" isDeprecated="false" isInternal="false" isReadOnly="false" maxOccurs="1" minOccurs="1" name="LeftToRightTrafficLabelList" noSave="false" nullable="false" onModifyNotifyMode="periodic" precision="" replaces="" type="string">
      <stc:regExpValidation errorMsg="Left To Right Traffic Label List must be integer and separated by comma, e.g. 1,2,3, count must be no more than 7 and each label range is 0 - 1048575." pattern="^$|(^\d+)(\,\d+){0,6}" />
    </stc:property>
    <stc:property category="config" collectionType="vector" databaseType="DEFAULT" default="" displayName="Right To Left Traffic Label List" format="number" id="0x9B012004" idlMapped="true" ilMapped="true" isComposite="false" isDataStream="false" isDeprecated="false" isInternal="false" isReadOnly="false" maxOccurs="1" minOccurs="1" name="RightToLeftTrafficLabelList" noSave="false" nullable="false" onModifyNotifyMode="periodic" precision="" replaces="" type="string">
		 <stc:regExpValidation errorMsg="Left To Right Traffic Label List must be integer and separated by comma, e.g. 1,2,3, count must be no more than 7 and each label range is 0 - 1048575." pattern="^$|(^\d+)(\,\d+){0,6}" />
    </stc:property>
  </stc:class>		
</stc:meta>