<stc:meta xmlns:stc="urn:www.spirentcom.com:XMLSchema.xsd" id="0x92000000" package="base" plugin="stak" version="0.0.0-0">

  <stc:class baseClass="PassFailCommand" canCreate="true" displayName="Stak Command" id="0x92001000" idlMapped="na" ilMapped="na" isInternal="true" isReadOnly="false" isSingleton="false" name="StakCommand" noSave="false" profile="none">

    <stc:attribute id="0x92001001" internalIsEnum="false" internalType="string" name="none" type="framework.CommandDescription" value="Please describe me" />
    <stc:attribute id="0x92001002" internalIsEnum="false" internalType="string" name="none" type="framework.CommandCategory" value="Please categorize me" />

    <stc:property category="input" collectionType="vector" databaseType="DEFAULT" default="" displayName="Command Name" format="number" id="0x92001003" idlMapped="true" ilMapped="true" isComposite="false" isDataStream="false" isDeprecated="false" isInternal="false" isReadOnly="false" maxOccurs="1" minOccurs="1" name="CommandName" noSave="false" nullable="false" onModifyNotifyMode="none" precision="" replaces="" type="string">
      <stc:attribute id="0x92001005" internalIsEnum="false" internalType="string" name="none" type="framework.PropertyDescription" value="The STAK command to execute." />
    </stc:property>
    <stc:property category="input" collectionType="vector" databaseType="DEFAULT" default="spirent" displayName="Package Name" format="number" id="0x92001004" idlMapped="true" ilMapped="true" isComposite="false" isDataStream="false" isDeprecated="false" isInternal="false" isReadOnly="false" maxOccurs="1" minOccurs="1" name="PackageName" noSave="false" nullable="false" onModifyNotifyMode="none" precision="" replaces="" type="string">
      <stc:attribute id="0x92001006" internalIsEnum="false" internalType="string" name="none" type="framework.PropertyDescription" value="Package Name of the STAK command." />
    </stc:property>
  </stc:class>

  <stc:class baseClass="core.SequencerGroupCommand" canCreate="true" displayName="Stak Group Command" id="0x92002000" idlMapped="na" ilMapped="na" isInternal="true" isReadOnly="false" isSingleton="false" name="StakGroupCommand" noSave="false" profile="none">

    <stc:attribute id="0x92002001" internalIsEnum="false" internalType="string" name="none" type="framework.CommandDescription" value="Please describe me" />
    <stc:attribute id="0x92002002" internalIsEnum="false" internalType="string" name="none" type="framework.CommandCategory" value="Please categorize me" />

    <stc:property category="input" collectionType="vector" databaseType="DEFAULT" default="" displayName="Command Name" format="number" id="0x92002003" idlMapped="true" ilMapped="true" isComposite="false" isDataStream="false" isDeprecated="false" isInternal="false" isReadOnly="false" maxOccurs="1" minOccurs="1" name="CommandName" noSave="false" nullable="false" onModifyNotifyMode="none" precision="" replaces="" type="string">
      <stc:attribute id="0x92002005" internalIsEnum="false" internalType="string" name="none" type="framework.PropertyDescription" value="The STAK command to execute." />
    </stc:property>
    <stc:property category="input" collectionType="vector" databaseType="DEFAULT" default="spirent" displayName="Package Name" format="number" id="0x92002004" idlMapped="true" ilMapped="true" isComposite="false" isDataStream="false" isDeprecated="false" isInternal="false" isReadOnly="false" maxOccurs="1" minOccurs="1" name="PackageName" noSave="false" nullable="false" onModifyNotifyMode="none" precision="" replaces="" type="string">
      <stc:attribute id="0x92002006" internalIsEnum="false" internalType="string" name="none" type="framework.PropertyDescription" value="Package Name of the STAK command." />
    </stc:property>
  </stc:class>

 <stc:class baseClass="core.SequencerWhileCommand" canCreate="true" displayName="Stak While Command" id="0x92003000" idlMapped="na" ilMapped="na" isInternal="true" isReadOnly="false" isSingleton="false" name="StakWhileCommand" noSave="false" profile="none">

    <stc:attribute id="0x92003001" internalIsEnum="false" internalType="string" name="none" type="framework.CommandDescription" value="Please describe me" />
    <stc:attribute id="0x92003002" internalIsEnum="false" internalType="string" name="none" type="framework.CommandCategory" value="Please categorize me" />

    <stc:property category="input" collectionType="vector" databaseType="DEFAULT" default="" displayName="Command Name" format="number" id="0x92003003" idlMapped="true" ilMapped="true" isComposite="false" isDataStream="false" isDeprecated="false" isInternal="false" isReadOnly="false" maxOccurs="1" minOccurs="1" name="CommandName" noSave="false" nullable="false" onModifyNotifyMode="none" precision="" replaces="" type="string">
      <stc:attribute id="0x92003005" internalIsEnum="false" internalType="string" name="none" type="framework.PropertyDescription" value="The STAK command to execute." />
    </stc:property>
    <stc:property category="input" collectionType="vector" databaseType="DEFAULT" default="spirent" displayName="Package Name" format="number" id="0x92003004" idlMapped="true" ilMapped="true" isComposite="false" isDataStream="false" isDeprecated="false" isInternal="false" isReadOnly="false" maxOccurs="1" minOccurs="1" name="PackageName" noSave="false" nullable="false" onModifyNotifyMode="none" precision="" replaces="" type="string">
      <stc:attribute id="0x92003006" internalIsEnum="false" internalType="string" name="none" type="framework.PropertyDescription" value="Package Name of the STAK command." />
    </stc:property>
  </stc:class>

  <stc:class baseClass="framework.Scriptable" canCreate="true" displayName="Dynamic Scriptable" id="0x92004000" idlMapped="na" ilMapped="na" isInternal="true" isReadOnly="false" isSingleton="false" name="DynamicScriptable" noSave="false" profile="none">

  </stc:class>

</stc:meta>