<stc:meta xmlns:stc="urn:www.spirentcom.com:XMLSchema.xsd" id="0x84000000" package="routing" plugin="twamp" version="0.0.0-0">

  
  <stc:idlDef idlDepends="" idlImplements="../../../../framework/idl/ifSetup_Autogen.idl" idlIncludes="../../../../framework/idl/result_Autogen.idl" idlName="twamp" idlVersion="1" isInterface="true" />





  <stc:class baseClass="core.ProtocolConfig" canCreate="false" displayName="TWAMP" id="0x84001000" idlMapped="twamp" ilMapped="root" isInternal="false" isReadOnly="false" isSingleton="false" name="TwampProtocolConfig" noSave="false" profile="twamp">

    <stc:enumeration idlMapped="true" ilMapped="true" isFlags="true" name="EnumMode">
      <stc:enum displayName="Unauthenticated" idlMapped="true" ilMapped="true" name="UNAUTHENTICATED" value="0x01" />
    </stc:enumeration>
    
    <stc:enumeration idlMapped="true" ilMapped="true" isFlags="false" name="EnumIpVersion">
      <stc:enum displayName="IPv4" idlMapped="true" ilMapped="true" name="IPV4" value="0x00" />
      <stc:enum displayName="IPv6" idlMapped="true" ilMapped="true" name="IPV6" value="0x01" />
    </stc:enumeration>
    
    <stc:enumeration idlMapped="true" ilMapped="true" isFlags="false" name="EnumIpv6IfType">
      <stc:enum displayName="Link-Local" idlMapped="true" ilMapped="true" name="LINKLOCAL" value="0" />
      <stc:enum displayName="Global" idlMapped="true" ilMapped="true" name="GLOBAL" value="1" />
    </stc:enumeration>
    
    <stc:property category="config" collectionType="vector" databaseType="DEFAULT" default="0" displayName="Interface Handle List" format="number" id="0x84001001" idlMapped="true" ilMapped="true" isComposite="false" isDataStream="false" isDeprecated="false" isInternal="true" isReadOnly="false" maxOccurs="unbounded" minOccurs="0" name="IfHandleList" noSave="false" nullable="false" onModifyNotifyMode="periodic" precision="" replaces="" type="u32" />
    
    <stc:property category="config" collectionType="vector" databaseType="DEFAULT" default="IPV4" displayName="IP Layer Version" format="number" id="0x84001002" idlMapped="true" ilMapped="true" isComposite="false" isDataStream="false" isDeprecated="false" isInternal="false" isReadOnly="false" maxOccurs="1" minOccurs="1" name="IpVersion" noSave="false" nullable="false" onModifyNotifyMode="periodic" precision="" replaces="" type="u8">
      <stc:enumerationRef ref="EnumIpVersion" />
    </stc:property>

    <stc:property category="config" collectionType="vector" databaseType="DEFAULT" default="GLOBAL" displayName="Source IPv6 Address Type" format="number" id="0x84001003" idlMapped="false" ilMapped="false" isComposite="false" isDataStream="false" isDeprecated="false" isInternal="false" isReadOnly="false" maxOccurs="1" minOccurs="1" name="Ipv6IfType" noSave="false" nullable="false" onModifyNotifyMode="periodic" precision="" replaces="" type="u8">
      <stc:enumerationRef ref="EnumIpv6IfType" />
    </stc:property>
  </stc:class>

  
  <stc:class baseClass="TwampProtocolConfig" canCreate="true" displayName="TWAMP Server" id="0x84002000" idlMapped="twamp" ilMapped="default" isInternal="false" isReadOnly="false" isSingleton="false" name="TwampServerConfig" noSave="false" profile="twamp">

    <stc:attribute id="0x84002001" internalIsEnum="false" internalType="string" name="none" type="framework.EventMessageAllTypes" value="ProtocolAllEvents" />
    <stc:attribute id="0x84002002" internalIsEnum="false" internalType="string" name="none" type="framework.EventMessageDefaultTypes" value="ProtocolDefaultEvents" />

    
    <stc:relation allowDuplicate="false" dstClassRef="TwampServerConfig" dstName="none" embedDstInIlClass="false" embedSrcInIlClass="false" id="0x84002003" isInternal="false" maxOccurs="1" minOccurs="0" name="ParentRouter" order="sequenced" srcClassRef="core.EmulatedDevice" srcName="none" type="framework.ParentChild" />

    <stc:enumeration idlMapped="true" ilMapped="true" isFlags="false" name="EnumTwampServerState">
      <stc:enum displayName="Idle" idlMapped="true" ilMapped="true" name="IDLE" value="0" />
      <stc:enum displayName="Started" idlMapped="true" ilMapped="true" name="STARTED" value="1" />
    </stc:enumeration>

    <stc:property category="state" collectionType="vector" databaseType="DEFAULT" default="IDLE" displayName="State" format="number" id="0x84002004" idlMapped="false" ilMapped="false" isComposite="false" isDataStream="false" isDeprecated="false" isInternal="false" isReadOnly="true" maxOccurs="1" minOccurs="1" name="State" noSave="true" nullable="false" onModifyNotifyMode="queued" precision="" replaces="" type="u16">
      <stc:enumerationRef ref="EnumTwampServerState" />
    </stc:property>

    <stc:property category="config" collectionType="vector" databaseType="DEFAULT" default="900" displayName="Server Wait Time" format="number" id="0x84002005" idlMapped="true" ilMapped="true" isComposite="false" isDataStream="false" isDeprecated="false" isInternal="true" isReadOnly="false" maxOccurs="1" minOccurs="1" name="ServerWaitTime" noSave="false" nullable="false" onModifyNotifyMode="periodic" precision="" replaces="" type="u32">
      <stc:numericValidation errorMsg="Please enter a valid number" maxInclusive="1000" minInclusive="1" />
    </stc:property>

    <stc:property category="config" collectionType="vector" databaseType="DEFAULT" default="900" displayName="Reference Wait Time (sec)" format="number" id="0x84002006" idlMapped="true" ilMapped="true" isComposite="false" isDataStream="false" isDeprecated="false" isInternal="true" isReadOnly="false" maxOccurs="1" minOccurs="1" name="ReferenceWaitTime" noSave="false" nullable="false" onModifyNotifyMode="periodic" precision="" replaces="" type="u32">
      <stc:numericValidation errorMsg="Please enter a valid number" maxInclusive="1000" minInclusive="1" />
    </stc:property>

    <stc:property category="config" collectionType="vector" databaseType="DEFAULT" default="true" displayName="Willing To Participate" format="number" id="0x84002007" idlMapped="true" ilMapped="true" isComposite="false" isDataStream="false" isDeprecated="false" isInternal="false" isReadOnly="false" maxOccurs="1" minOccurs="1" name="WillingToParticipate" noSave="false" nullable="false" onModifyNotifyMode="periodic" precision="" replaces="" type="bool">
    </stc:property>

    <stc:property category="config" collectionType="vector" databaseType="DEFAULT" default="UNAUTHENTICATED" displayName="Mode" format="number" id="0x84002008" idlMapped="true" ilMapped="true" isComposite="false" isDataStream="false" isDeprecated="false" isInternal="false" isReadOnly="false" maxOccurs="1" minOccurs="1" name="Mode" noSave="false" nullable="false" onModifyNotifyMode="periodic" precision="" replaces="" type="u8">
      <stc:enumerationRef ref="TwampProtocolConfig.EnumMode" />
      <stc:condition operator="equal" property="WillingToParticipate" type="applicable" value="true" />
    </stc:property>

  </stc:class>

  
  <stc:class baseClass="TwampProtocolConfig" canCreate="true" displayName="TWAMP Client" id="0x84003000" idlMapped="twamp" ilMapped="default" isInternal="false" isReadOnly="false" isSingleton="false" name="TwampClientConfig" noSave="false" profile="twamp">

    <stc:attribute id="0x84003001" internalIsEnum="false" internalType="string" name="none" type="framework.EventMessageAllTypes" value="ProtocolAllEvents" />
    <stc:attribute id="0x84003002" internalIsEnum="false" internalType="string" name="none" type="framework.EventMessageDefaultTypes" value="ProtocolDefaultEvents" />

    
    <stc:relation allowDuplicate="false" dstClassRef="TwampClientConfig" dstName="none" embedDstInIlClass="false" embedSrcInIlClass="false" id="0x84003003" isInternal="false" maxOccurs="1" minOccurs="0" name="ParentRouter" order="sequenced" srcClassRef="core.EmulatedDevice" srcName="none" type="framework.ParentChild" />

    <stc:relation allowDuplicate="false" dstClassRef="TwampTestSession" dstName="none" embedDstInIlClass="false" embedSrcInIlClass="false" id="0x84003004" isInternal="false" maxOccurs="unbounded" minOccurs="0" name="ChildTestSession" order="sequenced" srcClassRef="TwampClientConfig" srcName="none" type="framework.ParentChild" />

    <stc:enumeration idlMapped="true" ilMapped="true" isFlags="false" name="EnumTwampClientState">
      <stc:enum displayName="Idle" idlMapped="true" ilMapped="true" name="IDLE" value="0" />
      <stc:enum displayName="Wait For Reconnect" idlMapped="true" ilMapped="true" name="WAIT_FOR_RECONNECT" value="1" />
      <stc:enum displayName="Connecting" idlMapped="true" ilMapped="true" name="CONNECT" value="2" />
      <stc:enum displayName="Established" idlMapped="true" ilMapped="true" name="ESTABLISHED" value="3" />
      <stc:enum displayName="Sessions Requested" idlMapped="true" ilMapped="true" name="SESSIONS_REQUESTED" value="4" />
    </stc:enumeration>

    <stc:enumeration idlMapped="true" ilMapped="true" isFlags="false" name="EnumScalabilityMode">
      <stc:enum displayName="Normal" idlMapped="true" ilMapped="true" name="NORMAL" value="0" />
      <stc:enum displayName="Discard Test Session Statistics" idlMapped="true" ilMapped="true" name="DISCARD_TEST_SESSION_STATISTICS" value="1" />
    </stc:enumeration>
    
    <stc:property category="state" collectionType="vector" databaseType="DEFAULT" default="IDLE" displayName="State" format="number" id="0x84003005" idlMapped="false" ilMapped="false" isComposite="false" isDataStream="false" isDeprecated="false" isInternal="false" isReadOnly="true" maxOccurs="1" minOccurs="1" name="State" noSave="true" nullable="false" onModifyNotifyMode="queued" precision="" replaces="" type="u16">
      <stc:enumerationRef ref="EnumTwampClientState" />
    </stc:property>

    <stc:property category="config" collectionType="vector" databaseType="DEFAULT" default="NORMAL" displayName="Scalability Mode" format="number" id="0x84003006" idlMapped="true" ilMapped="true" isComposite="false" isDataStream="false" isDeprecated="false" isInternal="false" isReadOnly="false" maxOccurs="1" minOccurs="1" name="ScalabilityMode" noSave="false" nullable="false" onModifyNotifyMode="periodic" precision="" replaces="" type="u8">
      <stc:enumerationRef ref="EnumScalabilityMode" />
    </stc:property>

    <stc:property category="config" collectionType="vector" databaseType="DEFAULT" default="null" displayName="Peer IPv4 Address" format="number" id="0x84003007" idlMapped="true" ilMapped="true" isComposite="false" isDataStream="false" isDeprecated="false" isInternal="false" isReadOnly="false" maxOccurs="1" minOccurs="1" name="PeerIpv4Addr" noSave="false" nullable="true" onModifyNotifyMode="periodic" precision="" replaces="" type="ip">
      <stc:condition operator="equal" property="IpVersion" type="applicable" value="EnumIpVersion.Ipv4" />
    </stc:property>

    <stc:property category="config" collectionType="vector" databaseType="DEFAULT" default="null" displayName="Peer IPv6 Address" format="number" id="0x84003008" idlMapped="true" ilMapped="true" isComposite="false" isDataStream="false" isDeprecated="false" isInternal="false" isReadOnly="false" maxOccurs="1" minOccurs="1" name="PeerIpv6Addr" noSave="false" nullable="true" onModifyNotifyMode="periodic" precision="" replaces="" type="ipv6">
      <stc:condition operator="equal" property="IpVersion" type="applicable" value="EnumIpVersion.Ipv6" />
    </stc:property>
    
    <stc:property category="config" collectionType="vector" databaseType="DEFAULT" default="30" displayName="Connection Retry Interval (secs)" format="number" id="0x84003009" idlMapped="true" ilMapped="true" isComposite="false" isDataStream="false" isDeprecated="false" isInternal="false" isReadOnly="false" maxOccurs="1" minOccurs="1" name="ConnectionRetryInterval" noSave="false" nullable="false" onModifyNotifyMode="periodic" precision="" replaces="" type="u16">
      <stc:numericValidation errorMsg="Please enter a valid number" maxInclusive="300" minInclusive="10" />
    </stc:property>
    
    <stc:property category="config" collectionType="vector" databaseType="DEFAULT" default="100" displayName="Connection Retry Count" format="number" id="0x8400300A" idlMapped="true" ilMapped="true" isComposite="false" isDataStream="false" isDeprecated="false" isInternal="false" isReadOnly="false" maxOccurs="1" minOccurs="1" name="ConnectionRetryCount" noSave="false" nullable="false" onModifyNotifyMode="periodic" precision="" replaces="" type="u32">
      <stc:numericValidation errorMsg="Please enter a valid number" maxInclusive="65535" minInclusive="0" />
    </stc:property>

    
    
    <stc:property category="config" collectionType="vector" databaseType="DEFAULT" default="UNAUTHENTICATED" displayName="Mode" format="number" id="0x8400300B" idlMapped="true" ilMapped="true" isComposite="false" isDataStream="false" isDeprecated="false" isInternal="true" isReadOnly="false" maxOccurs="1" minOccurs="1" name="Mode" noSave="false" nullable="false" onModifyNotifyMode="periodic" precision="" replaces="" type="u8">
      <stc:enumerationRef ref="TwampProtocolConfig.EnumMode" />
    </stc:property>

  </stc:class>


  
  
  
  <stc:class baseClass="framework.Scriptable" canCreate="true" id="0x84004000" idlMapped="twamp" ilMapped="root" isInternal="false" isReadOnly="false" isSingleton="false" name="TwampTestSession" noSave="false" profile="twamp">

    <stc:enumeration idlMapped="true" ilMapped="true" isFlags="false" name="EnumTwampTestSessionState">
      <stc:enum displayName="Idle" idlMapped="true" ilMapped="true" name="IDLE" value="0" />
      <stc:enum displayName="Requested" idlMapped="true" ilMapped="true" name="REQUESTED" value="1" />
      <stc:enum displayName="Accepted" idlMapped="true" ilMapped="true" name="ACCEPTED" value="2" />
      <stc:enum displayName="Rejected" idlMapped="true" ilMapped="true" name="REJECTED" value="3" />
      <stc:enum displayName="In Progress" idlMapped="true" ilMapped="true" name="INPROGRESS" value="4" />
    </stc:enumeration>

    <stc:enumeration idlMapped="true" ilMapped="true" isFlags="false" name="EnumDurationMode">
      <stc:enum displayName="Seconds" idlMapped="true" ilMapped="true" name="SECONDS" value="0" />
      <stc:enum displayName="Packets" idlMapped="true" ilMapped="true" name="PACKETS" value="1" />
      <stc:enum displayName="Continuous" idlMapped="true" ilMapped="true" name="CONTINUOUS" value="2" />
    </stc:enumeration>

    <stc:enumeration idlMapped="true" ilMapped="true" isFlags="false" name="EnumPaddingPattern">
      <stc:enum displayName="Random" idlMapped="true" ilMapped="true" name="RANDOM" value="0" />
      <stc:enum displayName="User defined" idlMapped="true" ilMapped="true" name="USER_DEFINED" value="1" />
    </stc:enumeration>

    
    <stc:property category="state" collectionType="vector" databaseType="DEFAULT" default="IDLE" displayName="State" format="number" id="0x84004001" idlMapped="false" ilMapped="false" isComposite="false" isDataStream="false" isDeprecated="false" isInternal="false" isReadOnly="true" maxOccurs="1" minOccurs="1" name="SessionState" noSave="true" nullable="false" onModifyNotifyMode="queued" precision="" replaces="" type="u16">
      <stc:enumerationRef ref="EnumTwampTestSessionState" />
    </stc:property>
    
    <stc:property category="config" collectionType="vector" databaseType="DEFAULT" default="123" displayName="Source UDP port" format="number" id="0x84004002" idlMapped="false" ilMapped="false" isComposite="false" isDataStream="false" isDeprecated="true" isInternal="false" isReadOnly="false" maxOccurs="1" minOccurs="1" name="SrcUdpPort" noSave="false" nullable="false" onModifyNotifyMode="periodic" precision="" replaces="" type="u16">
      <stc:numericValidation errorMsg="Please enter a valid number" maxInclusive="65535" minInclusive="1" />
    </stc:property>

    
    <stc:property category="config" collectionType="vector" databaseType="DEFAULT" default="5450" displayName="Source UDP port" format="number" id="0x84004003" idlMapped="false" ilMapped="false" isComposite="false" isDataStream="false" isDeprecated="false" isInternal="false" isReadOnly="false" maxOccurs="1" minOccurs="1" name="SessionSrcUdpPort" noSave="false" nullable="false" onModifyNotifyMode="periodic" precision="" replaces="" type="u16">
      <stc:numericValidation errorMsg="Please enter a valid number" maxInclusive="65535" minInclusive="1" />
    </stc:property>

    <stc:property category="config" collectionType="vector" databaseType="DEFAULT" default="123" displayName="Destination UDP port" format="number" id="0x84004004" idlMapped="false" ilMapped="false" isComposite="false" isDataStream="false" isDeprecated="true" isInternal="false" isReadOnly="false" maxOccurs="1" minOccurs="1" name="DstUdpPort" noSave="false" nullable="false" onModifyNotifyMode="periodic" precision="" replaces="" type="u16">
      <stc:numericValidation errorMsg="Please enter a valid number" maxInclusive="65535" minInclusive="1" />
    </stc:property>

    
    <stc:property category="config" collectionType="vector" databaseType="DEFAULT" default="5450" displayName="Destination UDP port" format="number" id="0x84004005" idlMapped="false" ilMapped="false" isComposite="false" isDataStream="false" isDeprecated="false" isInternal="false" isReadOnly="false" maxOccurs="1" minOccurs="1" name="SessionDstUdpPort" noSave="false" nullable="false" onModifyNotifyMode="periodic" precision="" replaces="" type="u16">
      <stc:numericValidation errorMsg="Please enter a valid number" maxInclusive="65535" minInclusive="1" />
    </stc:property>

    <stc:property category="config" collectionType="vector" databaseType="DEFAULT" default="5" displayName="Start Delay (sec)" format="number" id="0x84004006" idlMapped="true" ilMapped="true" isComposite="false" isDataStream="false" isDeprecated="false" isInternal="false" isReadOnly="false" maxOccurs="1" minOccurs="1" name="StartDelay" noSave="false" nullable="false" onModifyNotifyMode="periodic" precision="" replaces="" type="u32">
    </stc:property>

    <stc:property category="config" collectionType="vector" databaseType="DEFAULT" default="30" displayName="Timeout(sec)" format="number" id="0x84004007" idlMapped="true" ilMapped="true" isComposite="false" isDataStream="false" isDeprecated="false" isInternal="false" isReadOnly="false" maxOccurs="1" minOccurs="1" name="Timeout" noSave="false" nullable="false" onModifyNotifyMode="periodic" precision="" replaces="" type="u32">
    </stc:property>

    <stc:property category="config" collectionType="vector" databaseType="DEFAULT" default="SECONDS" displayName="Duration Mode" format="number" id="0x84004008" idlMapped="true" ilMapped="true" isComposite="false" isDataStream="false" isDeprecated="false" isInternal="false" isReadOnly="false" maxOccurs="1" minOccurs="1" name="DurationMode" noSave="false" nullable="false" onModifyNotifyMode="periodic" precision="" replaces="" type="u8">
      <stc:enumerationRef ref="EnumDurationMode" />
    </stc:property>

    <stc:property category="config" collectionType="vector" databaseType="DEFAULT" default="60" displayName="Duration" format="number" id="0x84004009" idlMapped="true" ilMapped="true" isComposite="false" isDataStream="false" isDeprecated="false" isInternal="false" isReadOnly="false" maxOccurs="1" minOccurs="1" name="Duration" noSave="false" nullable="false" onModifyNotifyMode="periodic" precision="" replaces="" type="u32">
      <stc:condition operator="equal" property="DurationMode" type="applicable" value="EnumDurationMode.Seconds" />
    </stc:property>

    <stc:property category="config" collectionType="vector" databaseType="DEFAULT" default="100" displayName="Packet Count" format="number" id="0x8400400A" idlMapped="true" ilMapped="true" isComposite="false" isDataStream="false" isDeprecated="false" isInternal="false" isReadOnly="false" maxOccurs="1" minOccurs="1" name="PacketCount" noSave="false" nullable="false" onModifyNotifyMode="periodic" precision="" replaces="" type="u32">
      <stc:condition operator="equal" property="DurationMode" type="applicable" value="EnumDurationMode.Packets" />
    </stc:property>

    <stc:property category="config" collectionType="vector" databaseType="DEFAULT" default="128" displayName="Padding Length" format="number" id="0x8400400B" idlMapped="true" ilMapped="true" isComposite="false" isDataStream="false" isDeprecated="false" isInternal="false" isReadOnly="false" maxOccurs="1" minOccurs="1" name="PaddingLength" noSave="false" nullable="false" onModifyNotifyMode="periodic" precision="" replaces="" type="u16">
      <stc:numericValidation errorMsg="Please enter a valid number" maxInclusive="9000" minInclusive="27" />
    </stc:property>

    <stc:property category="config" collectionType="vector" databaseType="DEFAULT" default="10" displayName="Frame Rate (F/Sec)" format="number" id="0x8400400C" idlMapped="true" ilMapped="true" isComposite="false" isDataStream="false" isDeprecated="false" isInternal="false" isReadOnly="false" maxOccurs="1" minOccurs="1" name="FrameRate" noSave="false" nullable="false" onModifyNotifyMode="periodic" precision="" replaces="" type="u32">
      <stc:numericValidation errorMsg="Please enter a valid number" maxInclusive="1000" minInclusive="1" />
    </stc:property>
    
    <stc:property category="config" collectionType="vector" databaseType="DEFAULT" default="0" displayName="Diffserv code Point" format="number" id="0x8400400D" idlMapped="true" ilMapped="true" isComposite="false" isDataStream="false" isDeprecated="false" isInternal="false" isReadOnly="false" maxOccurs="1" minOccurs="1" name="DSCP" noSave="false" nullable="false" onModifyNotifyMode="periodic" precision="" replaces="" type="u8">
      <stc:numericValidation errorMsg="Please enter a valid number" maxInclusive="63" minInclusive="0" />
    </stc:property>

    <stc:property category="config" collectionType="vector" databaseType="DEFAULT" default="RANDOM" displayName="Padding Pattern" format="number" id="0x8400400E" idlMapped="true" ilMapped="true" isComposite="false" isDataStream="false" isDeprecated="false" isInternal="false" isReadOnly="false" maxOccurs="1" minOccurs="1" name="PaddingPattern" noSave="false" nullable="false" onModifyNotifyMode="periodic" precision="" replaces="" type="u8">
      <stc:enumerationRef ref="EnumPaddingPattern" />
    </stc:property>

    <stc:property category="config" collectionType="vector" databaseType="DEFAULT" default="0x0000" displayName="User defined Padding Pattern" format="number" id="0x8400400F" idlMapped="true" ilMapped="true" isComposite="false" isDataStream="false" isDeprecated="false" isInternal="false" isReadOnly="false" maxOccurs="1" minOccurs="1" name="PaddingUserDefinedPattern" noSave="false" nullable="false" onModifyNotifyMode="periodic" precision="" replaces="" type="string">
      <stc:condition operator="equal" property="PaddingPattern" type="applicable" value="EnumPaddingPattern.UserDefined" />
    </stc:property>

    <stc:property category="config" collectionType="vector" databaseType="DEFAULT" default="NORMAL" displayName="Scalability Mode" format="number" id="0x84004010" idlMapped="true" ilMapped="true" isComposite="false" isDataStream="false" isDeprecated="false" isInternal="false" isReadOnly="false" maxOccurs="1" minOccurs="1" name="ScalabilityMode" noSave="false" nullable="false" onModifyNotifyMode="periodic" precision="" replaces="" type="u8">
      <stc:enumerationRef ref="TwampClientConfig.EnumScalabilityMode" />
    </stc:property>

    <stc:property category="config" collectionType="vector" databaseType="DEFAULT" default="255" displayName="Time To Live" format="number" id="0x84004011" idlMapped="true" ilMapped="true" isComposite="false" isDataStream="false" isDeprecated="false" isInternal="false" isReadOnly="false" maxOccurs="1" minOccurs="1" name="Ttl" noSave="false" nullable="false" onModifyNotifyMode="periodic" precision="" replaces="" type="u8">
      <stc:numericValidation errorMsg="Please enter a valid number" maxInclusive="255" minInclusive="1" />
    </stc:property>

    <stc:ilProperty collectionType="vector" maxOccurs="1" minOccurs="1" name="SrcUdpPort" type="u16" />
    <stc:ilProperty collectionType="vector" maxOccurs="1" minOccurs="1" name="DstUdpPort" type="u16" />

  </stc:class>


  
  
  
  <stc:class baseClass="framework.Result" canCreate="true" displayName="TwampClientResults" id="0x84005000" idlMapped="twamp" ilMapped="root" isInternal="false" isReadOnly="false" isSingleton="false" name="TwampClientResults" noSave="false" profile="twamp">

    
    <stc:relation allowDuplicate="false" dstClassRef="TwampClientResults" dstName="none" embedDstInIlClass="false" embedSrcInIlClass="false" id="0x84005001" isInternal="false" maxOccurs="unbounded" minOccurs="0" name="ParentTwampConfig" order="sequenced" srcClassRef="TwampClientConfig" srcName="none" type="framework.ParentChild" />

    <stc:relation allowDuplicate="false" dstClassRef="TwampClientResults" dstName="none" embedDstInIlClass="false" embedSrcInIlClass="false" id="0x84005002" isInternal="false" maxOccurs="unbounded" minOccurs="0" name="ResultParentTwampConfig" order="sequenced" srcClassRef="TwampClientConfig" srcName="none" type="framework.ResultChild" />

    <stc:relation allowDuplicate="false" dstClassRef="TwampClientResults" dstName="none" embedDstInIlClass="false" embedSrcInIlClass="false" id="0x84005003" isInternal="false" maxOccurs="unbounded" minOccurs="0" name="AggregatedParentPort" order="sequenced" srcClassRef="core.Port" srcName="none" type="framework.ParentChild" />

    <stc:relation allowDuplicate="false" dstClassRef="TwampClientResults" dstName="none" embedDstInIlClass="false" embedSrcInIlClass="false" id="0x84005004" isInternal="false" maxOccurs="unbounded" minOccurs="0" name="ResultAggregatedParentPort" order="sequenced" srcClassRef="core.Port" srcName="none" type="framework.ResultChild" />

    
    <stc:property category="result" collectionType="vector" databaseType="DEFAULT" default="0" displayName="Parent Protocol Config" format="number" id="0x84005005" idlMapped="false" ilMapped="false" isComposite="false" isDataStream="false" isDeprecated="false" isInternal="true" isReadOnly="true" maxOccurs="1" minOccurs="1" name="ParentProtocolConfig" noSave="true" nullable="false" onModifyNotifyMode="periodic" precision="" replaces="" type="u32">
      <stc:attribute id="0x8400500C" internalIsEnum="false" internalType="bool" name="none" type="core.ResultPropertyMarkForEotSave" value="true" />
      <stc:attribute id="0x8400500D" internalIsEnum="false" internalType="bool" name="none" type="core.ResultPropertyAddEotDbIndex" value="true" />
      <stc:attribute id="0x8400500E" internalIsEnum="false" internalType="string" name="none" type="core.ResultPropertyIlCounterpartName" value="PrimaryHandle" />
    </stc:property>


    
    <stc:property category="result" collectionType="vector" databaseType="DEFAULT" default="0" displayName="Tx Request Twamp Session Count" format="number" id="0x84005006" idlMapped="true" ilMapped="true" isComposite="false" isDataStream="false" isDeprecated="false" isInternal="false" isReadOnly="true" maxOccurs="1" minOccurs="1" name="TxReqTwSessionCount" noSave="true" nullable="false" onModifyNotifyMode="periodic" precision="" replaces="" type="u64">
      <stc:attribute id="0x8400500F" internalIsEnum="false" internalType="bool" name="none" type="core.ResultPropertyIsDefaultForSubscription" value="true" />
      <stc:attribute id="0x84005010" internalIsEnum="false" internalType="bool" name="none" type="core.ResultPropertyMarkForEotSave" value="true" />
    </stc:property>

    <stc:property category="result" collectionType="vector" databaseType="DEFAULT" default="0" displayName="Tx Start Session Count" format="number" id="0x84005007" idlMapped="true" ilMapped="true" isComposite="false" isDataStream="false" isDeprecated="false" isInternal="false" isReadOnly="true" maxOccurs="1" minOccurs="1" name="TxStartSessionCount" noSave="true" nullable="false" onModifyNotifyMode="periodic" precision="" replaces="" type="u64">
      <stc:attribute id="0x84005011" internalIsEnum="false" internalType="bool" name="none" type="core.ResultPropertyIsDefaultForSubscription" value="true" />
      <stc:attribute id="0x84005012" internalIsEnum="false" internalType="bool" name="none" type="core.ResultPropertyMarkForEotSave" value="true" />
    </stc:property>

    <stc:property category="result" collectionType="vector" databaseType="DEFAULT" default="0" displayName="Tx Stop Session Count" format="number" id="0x84005008" idlMapped="true" ilMapped="true" isComposite="false" isDataStream="false" isDeprecated="false" isInternal="false" isReadOnly="true" maxOccurs="1" minOccurs="1" name="TxStopSessionCount" noSave="true" nullable="false" onModifyNotifyMode="periodic" precision="" replaces="" type="u64">
      <stc:attribute id="0x84005013" internalIsEnum="false" internalType="bool" name="none" type="core.ResultPropertyIsDefaultForSubscription" value="true" />
      <stc:attribute id="0x84005014" internalIsEnum="false" internalType="bool" name="none" type="core.ResultPropertyMarkForEotSave" value="true" />
    </stc:property>

    <stc:property category="result" collectionType="vector" databaseType="DEFAULT" default="0" displayName="Rx Accept Session Count" format="number" id="0x84005009" idlMapped="true" ilMapped="true" isComposite="false" isDataStream="false" isDeprecated="false" isInternal="false" isReadOnly="true" maxOccurs="1" minOccurs="1" name="RxAcceptSessionCount" noSave="true" nullable="false" onModifyNotifyMode="periodic" precision="" replaces="" type="u64">
      <stc:attribute id="0x84005015" internalIsEnum="false" internalType="bool" name="none" type="core.ResultPropertyIsDefaultForSubscription" value="true" />
      <stc:attribute id="0x84005016" internalIsEnum="false" internalType="bool" name="none" type="core.ResultPropertyMarkForEotSave" value="true" />
    </stc:property>

    <stc:property category="result" collectionType="vector" databaseType="DEFAULT" default="0" displayName="Rx Failed Session Count" format="number" id="0x8400500A" idlMapped="true" ilMapped="true" isComposite="false" isDataStream="false" isDeprecated="false" isInternal="false" isReadOnly="true" maxOccurs="1" minOccurs="1" name="RxFailedSessionCount" noSave="true" nullable="false" onModifyNotifyMode="periodic" precision="" replaces="" type="u64">
      <stc:attribute id="0x84005017" internalIsEnum="false" internalType="bool" name="none" type="core.ResultPropertyIsDefaultForSubscription" value="true" />
      <stc:attribute id="0x84005018" internalIsEnum="false" internalType="bool" name="none" type="core.ResultPropertyMarkForEotSave" value="true" />
    </stc:property>

    <stc:property category="result" collectionType="vector" databaseType="DEFAULT" default="0" displayName="Rx Start Acknowledge Count" format="number" id="0x8400500B" idlMapped="true" ilMapped="true" isComposite="false" isDataStream="false" isDeprecated="false" isInternal="false" isReadOnly="true" maxOccurs="1" minOccurs="1" name="RxStartAckCount" noSave="true" nullable="false" onModifyNotifyMode="periodic" precision="" replaces="" type="u64">
      <stc:attribute id="0x84005019" internalIsEnum="false" internalType="bool" name="none" type="core.ResultPropertyIsDefaultForSubscription" value="true" />
      <stc:attribute id="0x8400501A" internalIsEnum="false" internalType="bool" name="none" type="core.ResultPropertyMarkForEotSave" value="true" />
    </stc:property>

    <stc:ilProperty collectionType="vector" maxOccurs="1" minOccurs="1" name="PrimaryHandle" type="u32" />
    <stc:ilProperty collectionType="vector" maxOccurs="1" minOccurs="1" name="State" type="u16" />


  </stc:class>

  
  
  
  
  <stc:class baseClass="framework.Result" canCreate="true" displayName="TwampServerResults" id="0x84006000" idlMapped="twamp" ilMapped="root" isInternal="false" isReadOnly="false" isSingleton="false" name="TwampServerResults" noSave="false" profile="twamp">

    
    <stc:relation allowDuplicate="false" dstClassRef="TwampServerResults" dstName="none" embedDstInIlClass="false" embedSrcInIlClass="false" id="0x84006001" isInternal="false" maxOccurs="unbounded" minOccurs="0" name="ParentTwampConfig" order="sequenced" srcClassRef="TwampServerConfig" srcName="none" type="framework.ParentChild" />

    <stc:relation allowDuplicate="false" dstClassRef="TwampServerResults" dstName="none" embedDstInIlClass="false" embedSrcInIlClass="false" id="0x84006002" isInternal="false" maxOccurs="unbounded" minOccurs="0" name="ResultParentTwampConfig" order="sequenced" srcClassRef="TwampServerConfig" srcName="none" type="framework.ResultChild" />

    <stc:relation allowDuplicate="false" dstClassRef="TwampServerResults" dstName="none" embedDstInIlClass="false" embedSrcInIlClass="false" id="0x84006003" isInternal="false" maxOccurs="unbounded" minOccurs="0" name="AggregatedParentPort" order="sequenced" srcClassRef="core.Port" srcName="none" type="framework.ParentChild" />

    <stc:relation allowDuplicate="false" dstClassRef="TwampServerResults" dstName="none" embedDstInIlClass="false" embedSrcInIlClass="false" id="0x84006004" isInternal="false" maxOccurs="unbounded" minOccurs="0" name="ResultAggregatedParentPort" order="sequenced" srcClassRef="core.Port" srcName="none" type="framework.ResultChild" />

    
    <stc:property category="result" collectionType="vector" databaseType="DEFAULT" default="0" displayName="Parent Protocol Config" format="number" id="0x84006005" idlMapped="false" ilMapped="false" isComposite="false" isDataStream="false" isDeprecated="false" isInternal="true" isReadOnly="true" maxOccurs="1" minOccurs="1" name="ParentProtocolConfig" noSave="true" nullable="false" onModifyNotifyMode="periodic" precision="" replaces="" type="u32"> 
      <stc:attribute id="0x8400600C" internalIsEnum="false" internalType="bool" name="none" type="core.ResultPropertyMarkForEotSave" value="true" />
      <stc:attribute id="0x8400600D" internalIsEnum="false" internalType="bool" name="none" type="core.ResultPropertyAddEotDbIndex" value="true" />
      <stc:attribute id="0x8400600E" internalIsEnum="false" internalType="string" name="none" type="core.ResultPropertyIlCounterpartName" value="PrimaryHandle" />
    </stc:property>

    
   

    <stc:property category="result" collectionType="vector" databaseType="DEFAULT" default="0" displayName="Tx Accept Session Count" format="number" id="0x84006006" idlMapped="true" ilMapped="true" isComposite="false" isDataStream="false" isDeprecated="false" isInternal="false" isReadOnly="true" maxOccurs="1" minOccurs="1" name="TxAcceptSessionCount" noSave="true" nullable="false" onModifyNotifyMode="periodic" precision="" replaces="" type="u64">
      <stc:attribute id="0x8400600F" internalIsEnum="false" internalType="bool" name="none" type="core.ResultPropertyIsDefaultForSubscription" value="true" />
      <stc:attribute id="0x84006010" internalIsEnum="false" internalType="bool" name="none" type="core.ResultPropertyMarkForEotSave" value="true" />
    </stc:property>

    <stc:property category="result" collectionType="vector" databaseType="DEFAULT" default="0" displayName="Tx Failed Session Count" format="number" id="0x84006007" idlMapped="true" ilMapped="true" isComposite="false" isDataStream="false" isDeprecated="false" isInternal="false" isReadOnly="true" maxOccurs="1" minOccurs="1" name="TxFailedSessionCount" noSave="true" nullable="false" onModifyNotifyMode="periodic" precision="" replaces="" type="u64">
      <stc:attribute id="0x84006011" internalIsEnum="false" internalType="bool" name="none" type="core.ResultPropertyIsDefaultForSubscription" value="true" />
      <stc:attribute id="0x84006012" internalIsEnum="false" internalType="bool" name="none" type="core.ResultPropertyMarkForEotSave" value="true" />
    </stc:property>

    <stc:property category="result" collectionType="vector" databaseType="DEFAULT" default="0" displayName="Tx Start Acknowledge Count" format="number" id="0x84006008" idlMapped="true" ilMapped="true" isComposite="false" isDataStream="false" isDeprecated="false" isInternal="false" isReadOnly="true" maxOccurs="1" minOccurs="1" name="TxStartAckCount" noSave="true" nullable="false" onModifyNotifyMode="periodic" precision="" replaces="" type="u64">
      <stc:attribute id="0x84006013" internalIsEnum="false" internalType="bool" name="none" type="core.ResultPropertyIsDefaultForSubscription" value="true" />
      <stc:attribute id="0x84006014" internalIsEnum="false" internalType="bool" name="none" type="core.ResultPropertyMarkForEotSave" value="true" />
    </stc:property>

    <stc:property category="result" collectionType="vector" databaseType="DEFAULT" default="0" displayName="Rx Request Twamp Session Count" format="number" id="0x84006009" idlMapped="true" ilMapped="true" isComposite="false" isDataStream="false" isDeprecated="false" isInternal="false" isReadOnly="true" maxOccurs="1" minOccurs="1" name="RxReqTwSessionCount" noSave="true" nullable="false" onModifyNotifyMode="periodic" precision="" replaces="" type="u64">
      <stc:attribute id="0x84006015" internalIsEnum="false" internalType="bool" name="none" type="core.ResultPropertyIsDefaultForSubscription" value="true" />
      <stc:attribute id="0x84006016" internalIsEnum="false" internalType="bool" name="none" type="core.ResultPropertyMarkForEotSave" value="true" />
    </stc:property>

    <stc:property category="result" collectionType="vector" databaseType="DEFAULT" default="0" displayName="Rx Start Session Count" format="number" id="0x8400600A" idlMapped="true" ilMapped="true" isComposite="false" isDataStream="false" isDeprecated="false" isInternal="false" isReadOnly="true" maxOccurs="1" minOccurs="1" name="RxStartSessionCount" noSave="true" nullable="false" onModifyNotifyMode="periodic" precision="" replaces="" type="u64">
      <stc:attribute id="0x84006017" internalIsEnum="false" internalType="bool" name="none" type="core.ResultPropertyIsDefaultForSubscription" value="true" />
      <stc:attribute id="0x84006018" internalIsEnum="false" internalType="bool" name="none" type="core.ResultPropertyMarkForEotSave" value="true" />
    </stc:property>

    <stc:property category="result" collectionType="vector" databaseType="DEFAULT" default="0" displayName="Rx Stop Session Count" format="number" id="0x8400600B" idlMapped="true" ilMapped="true" isComposite="false" isDataStream="false" isDeprecated="false" isInternal="false" isReadOnly="true" maxOccurs="1" minOccurs="1" name="RxStopSessionCount" noSave="true" nullable="false" onModifyNotifyMode="periodic" precision="" replaces="" type="u64">
      <stc:attribute id="0x84006019" internalIsEnum="false" internalType="bool" name="none" type="core.ResultPropertyIsDefaultForSubscription" value="true" />
      <stc:attribute id="0x8400601A" internalIsEnum="false" internalType="bool" name="none" type="core.ResultPropertyMarkForEotSave" value="true" />
    </stc:property>

    <stc:ilProperty collectionType="vector" maxOccurs="1" minOccurs="1" name="PrimaryHandle" type="u32" />
    <stc:ilProperty collectionType="vector" maxOccurs="1" minOccurs="1" name="State" type="u16" />

  </stc:class>

  
  
  

  <stc:class baseClass="framework.Result" canCreate="false" displayName="TwampBaseSessionResults" id="0x84007000" idlMapped="twamp" ilMapped="root" isInternal="false" isReadOnly="false" isSingleton="false" name="TwampBaseSessionResults" noSave="false" profile="twamp">
    
    <stc:property category="result" collectionType="vector" databaseType="DEFAULT" default="0" displayName="Minimum Latency" format="number" id="0x84007001" idlMapped="true" ilMapped="true" isComposite="false" isDataStream="false" isDeprecated="false" isInternal="false" isReadOnly="true" maxOccurs="1" minOccurs="1" name="MinLatency" noSave="true" nullable="false" onModifyNotifyMode="periodic" precision="" replaces="" type="double">
      <stc:attribute id="0x8400700A" internalIsEnum="false" internalType="bool" name="none" type="core.ResultPropertyIsDefaultForSubscription" value="true" />
      <stc:attribute id="0x8400700B" internalIsEnum="false" internalType="bool" name="none" type="core.ResultPropertyMarkForEotSave" value="true" />
      <stc:attribute id="0x8400700C" internalIsEnum="true" internalType="u8" name="none" type="core.BaseUnit" value="MICROSECONDS" />
    </stc:property>

    <stc:property category="result" collectionType="vector" databaseType="DEFAULT" default="0" displayName="Maximum Latency" format="number" id="0x84007002" idlMapped="true" ilMapped="true" isComposite="false" isDataStream="false" isDeprecated="false" isInternal="false" isReadOnly="true" maxOccurs="1" minOccurs="1" name="MaxLatency" noSave="true" nullable="false" onModifyNotifyMode="periodic" precision="" replaces="" type="double">
      <stc:attribute id="0x8400700D" internalIsEnum="false" internalType="bool" name="none" type="core.ResultPropertyIsDefaultForSubscription" value="true" />
      <stc:attribute id="0x8400700E" internalIsEnum="false" internalType="bool" name="none" type="core.ResultPropertyMarkForEotSave" value="true" />
      <stc:attribute id="0x8400700F" internalIsEnum="true" internalType="u8" name="none" type="core.BaseUnit" value="MICROSECONDS" />
    </stc:property>

    <stc:property category="result" collectionType="vector" databaseType="DEFAULT" default="0" displayName="Average Latency" format="number" id="0x84007003" idlMapped="true" ilMapped="true" isComposite="false" isDataStream="false" isDeprecated="false" isInternal="false" isReadOnly="true" maxOccurs="1" minOccurs="1" name="AvgLatency" noSave="true" nullable="false" onModifyNotifyMode="periodic" precision="" replaces="" type="double">
      <stc:attribute id="0x84007010" internalIsEnum="false" internalType="bool" name="none" type="core.ResultPropertyIsDefaultForSubscription" value="true" />
      <stc:attribute id="0x84007011" internalIsEnum="false" internalType="bool" name="none" type="core.ResultPropertyMarkForEotSave" value="true" />
      <stc:attribute id="0x84007012" internalIsEnum="true" internalType="u8" name="none" type="core.BaseUnit" value="MICROSECONDS" />
    </stc:property>

    <stc:property category="result" collectionType="vector" databaseType="DEFAULT" default="0" displayName="Minimum Jitter" format="number" id="0x84007004" idlMapped="true" ilMapped="true" isComposite="false" isDataStream="false" isDeprecated="false" isInternal="false" isReadOnly="true" maxOccurs="1" minOccurs="1" name="MinJitter" noSave="true" nullable="false" onModifyNotifyMode="periodic" precision="" replaces="" type="double">
      <stc:attribute id="0x84007013" internalIsEnum="false" internalType="bool" name="none" type="core.ResultPropertyIsDefaultForSubscription" value="true" />
      <stc:attribute id="0x84007014" internalIsEnum="false" internalType="bool" name="none" type="core.ResultPropertyMarkForEotSave" value="true" />
      <stc:attribute id="0x84007015" internalIsEnum="true" internalType="u8" name="none" type="core.BaseUnit" value="MICROSECONDS" />
    </stc:property>

    <stc:property category="result" collectionType="vector" databaseType="DEFAULT" default="0" displayName="Maximum Jitter" format="number" id="0x84007005" idlMapped="true" ilMapped="true" isComposite="false" isDataStream="false" isDeprecated="false" isInternal="false" isReadOnly="true" maxOccurs="1" minOccurs="1" name="MaxJitter" noSave="true" nullable="false" onModifyNotifyMode="periodic" precision="" replaces="" type="double">
      <stc:attribute id="0x84007016" internalIsEnum="false" internalType="bool" name="none" type="core.ResultPropertyIsDefaultForSubscription" value="true" />
      <stc:attribute id="0x84007017" internalIsEnum="false" internalType="bool" name="none" type="core.ResultPropertyMarkForEotSave" value="true" />
      <stc:attribute id="0x84007018" internalIsEnum="true" internalType="u8" name="none" type="core.BaseUnit" value="MICROSECONDS" />
    </stc:property>

    <stc:property category="result" collectionType="vector" databaseType="DEFAULT" default="0" displayName="Average Jitter" format="number" id="0x84007006" idlMapped="true" ilMapped="true" isComposite="false" isDataStream="false" isDeprecated="false" isInternal="false" isReadOnly="true" maxOccurs="1" minOccurs="1" name="AvgJitter" noSave="true" nullable="false" onModifyNotifyMode="periodic" precision="" replaces="" type="double">
      <stc:attribute id="0x84007019" internalIsEnum="false" internalType="bool" name="none" type="core.ResultPropertyIsDefaultForSubscription" value="true" />
      <stc:attribute id="0x8400701A" internalIsEnum="false" internalType="bool" name="none" type="core.ResultPropertyMarkForEotSave" value="true" />
      <stc:attribute id="0x8400701B" internalIsEnum="true" internalType="u8" name="none" type="core.BaseUnit" value="MICROSECONDS" />
    </stc:property>

    <stc:property category="result" collectionType="vector" databaseType="DEFAULT" default="0" displayName="Minimum Server Processing Time" format="number" id="0x84007007" idlMapped="true" ilMapped="true" isComposite="false" isDataStream="false" isDeprecated="false" isInternal="false" isReadOnly="true" maxOccurs="1" minOccurs="1" name="MinServerProcessingTime" noSave="true" nullable="false" onModifyNotifyMode="periodic" precision="" replaces="" type="double">
      <stc:attribute id="0x8400701C" internalIsEnum="false" internalType="bool" name="none" type="core.ResultPropertyIsDefaultForSubscription" value="true" />
      <stc:attribute id="0x8400701D" internalIsEnum="false" internalType="bool" name="none" type="core.ResultPropertyMarkForEotSave" value="true" />
      <stc:attribute id="0x8400701E" internalIsEnum="true" internalType="u8" name="none" type="core.BaseUnit" value="MICROSECONDS" />
    </stc:property>

    <stc:property category="result" collectionType="vector" databaseType="DEFAULT" default="0" displayName="Maximum Server Processing Time" format="number" id="0x84007008" idlMapped="true" ilMapped="true" isComposite="false" isDataStream="false" isDeprecated="false" isInternal="false" isReadOnly="true" maxOccurs="1" minOccurs="1" name="MaxServerProcessingTime" noSave="true" nullable="false" onModifyNotifyMode="periodic" precision="" replaces="" type="double">
      <stc:attribute id="0x8400701F" internalIsEnum="false" internalType="bool" name="none" type="core.ResultPropertyIsDefaultForSubscription" value="true" />
      <stc:attribute id="0x84007020" internalIsEnum="false" internalType="bool" name="none" type="core.ResultPropertyMarkForEotSave" value="true" />
      <stc:attribute id="0x84007021" internalIsEnum="true" internalType="u8" name="none" type="core.BaseUnit" value="MICROSECONDS" />
    </stc:property>

    <stc:property category="result" collectionType="vector" databaseType="DEFAULT" default="0" displayName="Average Server Processing Time" format="number" id="0x84007009" idlMapped="true" ilMapped="true" isComposite="false" isDataStream="false" isDeprecated="false" isInternal="false" isReadOnly="true" maxOccurs="1" minOccurs="1" name="AvgServerProcessingTime" noSave="true" nullable="false" onModifyNotifyMode="periodic" precision="" replaces="" type="double">
      <stc:attribute id="0x84007022" internalIsEnum="false" internalType="bool" name="none" type="core.ResultPropertyIsDefaultForSubscription" value="true" />
      <stc:attribute id="0x84007023" internalIsEnum="false" internalType="bool" name="none" type="core.ResultPropertyMarkForEotSave" value="true" />
      <stc:attribute id="0x84007024" internalIsEnum="true" internalType="u8" name="none" type="core.BaseUnit" value="MICROSECONDS" />
    </stc:property>
  </stc:class>
		
  
  
  

  <stc:class baseClass="TwampBaseSessionResults" canCreate="true" displayName="TwampTestSessionResults" id="0x84008000" idlMapped="twamp" ilMapped="default" isInternal="false" isReadOnly="false" isSingleton="false" name="TwampTestSessionResults" noSave="false" profile="twamp">

    
    <stc:relation allowDuplicate="false" dstClassRef="TwampTestSessionResults" dstName="none" embedDstInIlClass="false" embedSrcInIlClass="false" id="0x84008001" isInternal="false" maxOccurs="unbounded" minOccurs="0" name="ParentTwampConfig" order="sequenced" srcClassRef="TwampTestSession" srcName="none" type="framework.ParentChild" />

    <stc:relation allowDuplicate="false" dstClassRef="TwampTestSessionResults" dstName="none" embedDstInIlClass="false" embedSrcInIlClass="false" id="0x84008002" isInternal="false" maxOccurs="unbounded" minOccurs="0" name="ResultParentTwampConfig" order="sequenced" srcClassRef="TwampTestSession" srcName="none" type="framework.ResultChild" />

    
    <stc:property category="result" collectionType="vector" databaseType="DEFAULT" default="0" displayName="Parent Protocol Config" format="number" id="0x84008003" idlMapped="false" ilMapped="false" isComposite="false" isDataStream="false" isDeprecated="false" isInternal="true" isReadOnly="true" maxOccurs="1" minOccurs="1" name="ParentProtocolConfig" noSave="true" nullable="false" onModifyNotifyMode="periodic" precision="" replaces="" type="u32">
      <stc:attribute id="0x84008004" internalIsEnum="false" internalType="bool" name="none" type="core.ResultPropertyMarkForEotSave" value="true" />
      <stc:attribute id="0x84008005" internalIsEnum="false" internalType="bool" name="none" type="core.ResultPropertyAddEotDbIndex" value="true" />
      <stc:attribute id="0x84008006" internalIsEnum="false" internalType="string" name="none" type="core.ResultPropertyIlCounterpartName" value="PrimaryHandle" />
    </stc:property>

    <stc:ilProperty collectionType="vector" maxOccurs="1" minOccurs="1" name="PrimaryHandle" type="u32" />

  </stc:class>

  
  
  

  <stc:class baseClass="TwampBaseSessionResults" canCreate="true" displayName="TwampPortTestSessionResults" id="0x84009000" idlMapped="twamp" ilMapped="default" isInternal="false" isReadOnly="false" isSingleton="false" name="TwampPortTestSessionResults" noSave="false" profile="twamp">

    
    <stc:relation allowDuplicate="false" dstClassRef="TwampPortTestSessionResults" dstName="none" embedDstInIlClass="false" embedSrcInIlClass="false" id="0x84009001" isInternal="false" maxOccurs="unbounded" minOccurs="0" name="ParentTwampConfig" order="sequenced" srcClassRef="core.Port" srcName="none" type="framework.ParentChild" />

    <stc:relation allowDuplicate="false" dstClassRef="TwampPortTestSessionResults" dstName="none" embedDstInIlClass="false" embedSrcInIlClass="false" id="0x84009002" isInternal="false" maxOccurs="unbounded" minOccurs="0" name="ResultParentTwampConfig" order="sequenced" srcClassRef="core.Port" srcName="none" type="framework.ResultChild" />

    
    <stc:property category="result" collectionType="vector" databaseType="DEFAULT" default="0" displayName="Parent Protocol Config" format="number" id="0x84009003" idlMapped="false" ilMapped="false" isComposite="false" isDataStream="false" isDeprecated="false" isInternal="true" isReadOnly="true" maxOccurs="1" minOccurs="1" name="ParentProtocolConfig" noSave="true" nullable="false" onModifyNotifyMode="periodic" precision="" replaces="" type="u32">
      <stc:attribute id="0x84009004" internalIsEnum="false" internalType="bool" name="none" type="core.ResultPropertyMarkForEotSave" value="true" />
      <stc:attribute id="0x84009005" internalIsEnum="false" internalType="bool" name="none" type="core.ResultPropertyAddEotDbIndex" value="true" />
      <stc:attribute id="0x84009006" internalIsEnum="false" internalType="string" name="none" type="core.ResultPropertyIlCounterpartName" value="PrimaryHandle" />
    </stc:property>

    <stc:ilProperty collectionType="vector" maxOccurs="1" minOccurs="1" name="PrimaryHandle" type="u32" />

  </stc:class>

  
  
  
  <stc:class baseClass="framework.Command" canCreate="false" id="0x8400A000" idlMapped="na" ilMapped="na" isInternal="false" isReadOnly="false" isSingleton="false" name="TwampCommand" noSave="false" profile="twamp">
    <stc:attribute id="0x8400A001" internalIsEnum="false" internalType="bool" name="none" type="core.RequireApplyToIL" value="true" />
    <stc:property category="config" collectionType="vector" databaseType="DEFAULT" default="0" displayName="TWAMP Host/Session Handle List" format="number" id="0x8400A002" idlMapped="true" ilMapped="true" isComposite="false" isDataStream="false" isDeprecated="false" isInternal="false" isReadOnly="false" maxOccurs="unbounded" minOccurs="0" name="HandleList" noSave="false" nullable="false" onModifyNotifyMode="periodic" precision="" replaces="" type="handle" /> 
  </stc:class>

  <stc:class baseClass="TwampCommand" canCreate="true" displayName="Start TWAMP Hosts" id="0x8400B000" idlMapped="na" ilMapped="na" isInternal="false" isReadOnly="false" isSingleton="false" name="TwampStartHostsCommand" noSave="false" profile="twamp">

    <stc:attribute id="0x8400B001" internalIsEnum="false" internalType="bool" name="none" type="core.Sequenceable" value="true" />
    <stc:attribute id="0x8400B002" internalIsEnum="false" internalType="string" name="none" type="framework.CommandDescription" value="Start selected Twamp Clients/Servers." />
    <stc:attribute id="0x8400B003" internalIsEnum="false" internalType="string" name="none" type="framework.CommandCategory" value="Carrier Ethernet//TWAMP" />
  </stc:class>

  <stc:class baseClass="TwampCommand" canCreate="true" displayName="Stop TWAMP Hosts" id="0x8400C000" idlMapped="na" ilMapped="na" isInternal="false" isReadOnly="false" isSingleton="false" name="TwampStopHostsCommand" noSave="false" profile="twamp">

    <stc:attribute id="0x8400C001" internalIsEnum="false" internalType="bool" name="none" type="core.Sequenceable" value="true" />
    <stc:attribute id="0x8400C002" internalIsEnum="false" internalType="string" name="none" type="framework.CommandDescription" value="Stop selected Twamp Clients/Servers." />
    <stc:attribute id="0x8400C003" internalIsEnum="false" internalType="string" name="none" type="framework.CommandCategory" value="Carrier Ethernet//TWAMP" />
    </stc:class>

  
  
  
  <stc:class baseClass="TwampCommand" canCreate="true" displayName="Request TWAMP Session" id="0x8400D000" idlMapped="na" ilMapped="na" isInternal="false" isReadOnly="false" isSingleton="false" name="TwampRequestSessionsCommand" noSave="false" profile="twamp">

      <stc:attribute id="0x8400D001" internalIsEnum="false" internalType="bool" name="none" type="core.Sequenceable" value="true" />
      <stc:attribute id="0x8400D002" internalIsEnum="false" internalType="string" name="none" type="framework.CommandDescription" value="Send Request TWAMP on the selected Twamp Clients." />
      <stc:attribute id="0x8400D003" internalIsEnum="false" internalType="string" name="none" type="framework.CommandCategory" value="Carrier Ethernet//TWAMP" />
    </stc:class>
  
  <stc:class baseClass="TwampCommand" canCreate="true" displayName="Start TWAMP Test Session" id="0x8400E000" idlMapped="na" ilMapped="na" isInternal="false" isReadOnly="false" isSingleton="false" name="TwampStartSessionsCommand" noSave="false" profile="twamp">

    <stc:attribute id="0x8400E001" internalIsEnum="false" internalType="bool" name="none" type="core.Sequenceable" value="true" />
    <stc:attribute id="0x8400E002" internalIsEnum="false" internalType="string" name="none" type="framework.CommandDescription" value="Start the selected TWAMP Test Sessions." />
    <stc:attribute id="0x8400E003" internalIsEnum="false" internalType="string" name="none" type="framework.CommandCategory" value="Carrier Ethernet//TWAMP" />
    
    <stc:property category="config" collectionType="vector" databaseType="DEFAULT" default="30" displayName="Delay Time (secs)" format="number" id="0x8400E004" idlMapped="true" ilMapped="true" isComposite="false" isDataStream="false" isDeprecated="false" isInternal="false" isReadOnly="false" maxOccurs="1" minOccurs="1" name="DelayTime" noSave="false" nullable="false" onModifyNotifyMode="periodic" precision="" replaces="" type="u32" />
   </stc:class>

  <stc:class baseClass="TwampCommand" canCreate="true" displayName="Stop TWAMP Test Session" id="0x8400F000" idlMapped="na" ilMapped="na" isInternal="false" isReadOnly="false" isSingleton="false" name="TwampStopSessionsCommand" noSave="false" profile="twamp">

    <stc:attribute id="0x8400F001" internalIsEnum="false" internalType="bool" name="none" type="core.Sequenceable" value="true" />
    <stc:attribute id="0x8400F002" internalIsEnum="false" internalType="string" name="none" type="framework.CommandDescription" value="Stop the selected TWAMP Test Sessions." />
    <stc:attribute id="0x8400F003" internalIsEnum="false" internalType="string" name="none" type="framework.CommandCategory" value="Carrier Ethernet//TWAMP" />
  </stc:class>

  <stc:class baseClass="TwampCommand" canCreate="true" displayName="Pause TWAMP Test Packets" id="0x84010000" idlMapped="na" ilMapped="na" isInternal="false" isReadOnly="false" isSingleton="false" name="TwampPauseTestPacketsCommand" noSave="false" profile="twamp">

    <stc:attribute id="0x84010001" internalIsEnum="false" internalType="bool" name="none" type="core.Sequenceable" value="true" />
    <stc:attribute id="0x84010002" internalIsEnum="false" internalType="string" name="none" type="framework.CommandDescription" value="Pause the selected Twamp Test Session Packets." />
    <stc:attribute id="0x84010003" internalIsEnum="false" internalType="string" name="none" type="framework.CommandCategory" value="Carrier Ethernet//TWAMP" />
  </stc:class>

  <stc:class baseClass="TwampCommand" canCreate="true" displayName="Resume TWAMP Test Packets" id="0x84011000" idlMapped="na" ilMapped="na" isInternal="false" isReadOnly="false" isSingleton="false" name="TwampResumeTestPacketsCommand" noSave="false" profile="twamp">

    <stc:attribute id="0x84011001" internalIsEnum="false" internalType="bool" name="none" type="core.Sequenceable" value="true" />
    <stc:attribute id="0x84011002" internalIsEnum="false" internalType="string" name="none" type="framework.CommandDescription" value="Resume the selected Twamp Test Session Packets." />
    <stc:attribute id="0x84011003" internalIsEnum="false" internalType="string" name="none" type="framework.CommandCategory" value="Carrier Ethernet//TWAMP" />
  </stc:class>

  
  
  
  <stc:class baseClass="framework.Result" canCreate="true" id="0x84012000" idlMapped="na" ilMapped="na" isInternal="false" isReadOnly="false" isSingleton="false" name="TwampStateSummary" noSave="false" profile="twamp">

    <stc:relation allowDuplicate="false" dstClassRef="TwampStateSummary" dstName="none" embedDstInIlClass="false" embedSrcInIlClass="false" id="0x84012001" isInternal="false" maxOccurs="1" minOccurs="0" name="SummaryParentProject" order="sequenced" srcClassRef="framework.Project" srcName="none" type="framework.ParentChild" />
    <stc:relation allowDuplicate="false" dstClassRef="TwampStateSummary" dstName="none" embedDstInIlClass="false" embedSrcInIlClass="false" id="0x84012002" isInternal="false" maxOccurs="1" minOccurs="0" name="ProjectSummaryResult" order="sequenced" srcClassRef="framework.Project" srcName="none" type="framework.ResultChild" />
    <stc:relation allowDuplicate="false" dstClassRef="TwampStateSummary" dstName="none" embedDstInIlClass="false" embedSrcInIlClass="false" id="0x84012003" isInternal="false" maxOccurs="1" minOccurs="0" name="SummaryParentPort" order="sequenced" srcClassRef="core.Port" srcName="none" type="framework.ParentChild" />
    <stc:relation allowDuplicate="false" dstClassRef="TwampStateSummary" dstName="none" embedDstInIlClass="false" embedSrcInIlClass="false" id="0x84012004" isInternal="false" maxOccurs="1" minOccurs="0" name="PortSummaryResult" order="sequenced" srcClassRef="core.Port" srcName="none" type="framework.ResultChild" />
    
    <stc:property category="result" collectionType="vector" databaseType="DEFAULT" default="0" displayName="TWAMP Connections Up Count" format="number" id="0x84012005" idlMapped="true" ilMapped="true" isComposite="false" isDataStream="false" isDeprecated="false" isInternal="false" isReadOnly="true" maxOccurs="1" minOccurs="1" name="ConnectionsUpCount" noSave="true" nullable="false" onModifyNotifyMode="periodic" precision="" replaces="" type="u32">
    </stc:property>
    <stc:property category="result" collectionType="vector" databaseType="DEFAULT" default="0" displayName="TWAMP Connections Down Count" format="number" id="0x84012006" idlMapped="true" ilMapped="true" isComposite="false" isDataStream="false" isDeprecated="false" isInternal="false" isReadOnly="true" maxOccurs="1" minOccurs="1" name="ConnectionsDownCount" noSave="true" nullable="false" onModifyNotifyMode="periodic" precision="" replaces="" type="u32">
    </stc:property>
    <stc:property category="result" collectionType="vector" databaseType="DEFAULT" default="0" displayName="Idle Count" format="number" id="0x84012007" idlMapped="true" ilMapped="true" isComposite="false" isDataStream="false" isDeprecated="false" isInternal="false" isReadOnly="true" maxOccurs="1" minOccurs="1" name="IdleCount" noSave="true" nullable="false" onModifyNotifyMode="periodic" precision="" replaces="" type="u32">
    </stc:property>
    <stc:property category="result" collectionType="vector" databaseType="DEFAULT" default="0" displayName="Connect Count" format="number" id="0x84012008" idlMapped="true" ilMapped="true" isComposite="false" isDataStream="false" isDeprecated="false" isInternal="false" isReadOnly="true" maxOccurs="1" minOccurs="1" name="ConnectCount" noSave="true" nullable="false" onModifyNotifyMode="periodic" precision="" replaces="" type="u32">
    </stc:property>
    <stc:property category="result" collectionType="vector" databaseType="DEFAULT" default="0" displayName="Established Count" format="number" id="0x84012009" idlMapped="true" ilMapped="true" isComposite="false" isDataStream="false" isDeprecated="false" isInternal="false" isReadOnly="true" maxOccurs="1" minOccurs="1" name="EstablishedCount" noSave="true" nullable="false" onModifyNotifyMode="periodic" precision="" replaces="" type="u32">
    </stc:property>
    <stc:property category="result" collectionType="vector" databaseType="DEFAULT" default="0" displayName="Session Requested Count" format="number" id="0x8401200A" idlMapped="true" ilMapped="true" isComposite="false" isDataStream="false" isDeprecated="false" isInternal="false" isReadOnly="true" maxOccurs="1" minOccurs="1" name="SessionRequestedCount" noSave="true" nullable="false" onModifyNotifyMode="periodic" precision="" replaces="" type="u32">
    </stc:property>
  </stc:class>

  
	
	
  <stc:commandTarget command="TwampStartHostsCommand" default="0" target="TwampProtocolConfig" />
  <stc:commandTarget command="TwampStopHostsCommand" default="0" target="TwampProtocolConfig" />
  <stc:commandTarget command="TwampRequestSessionsCommand" default="0" target="TwampProtocolConfig" />
  <stc:commandTarget command="TwampStartSessionsCommand" default="0" target="TwampTestSession" />
  <stc:commandTarget command="TwampStopSessionsCommand" default="0" target="TwampProtocolConfig" />
  <stc:commandTarget command="TwampPauseTestPacketsCommand" default="0" target="TwampTestSession" />
  <stc:commandTarget command="TwampResumeTestPacketsCommand" default="0" target="TwampTestSession" />

</stc:meta>