<stc:meta xmlns:stc="urn:www.spirentcom.com:XMLSchema.xsd" id="0x2C000000" package="traffic" plugin="trafficcore" version="0.0.0-0">
 
 
    
 

   
  <stc:class baseClass="framework.Scriptable" canCreate="false" id="0x2C001000" idlMapped="na" ilMapped="na" isInternal="false" isReadOnly="false" isSingleton="false" name="ClientEmulationProfile" noSave="false" profile="trafficcore">
  
    
    <stc:relation allowDuplicate="false" dstClassRef="ClientEmulationProfile" dstName="none" embedDstInIlClass="false" embedSrcInIlClass="false" id="0x2C001001" isInternal="false" maxOccurs="unbounded" minOccurs="0" name="ParentProject" order="sequenced" srcClassRef="framework.Project" srcName="none" type="framework.ParentChild" />
	  
  </stc:class>
  
  
  <stc:class baseClass="framework.Scriptable" canCreate="false" id="0x2C002000" idlMapped="na" ilMapped="na" isInternal="false" isReadOnly="false" isSingleton="false" name="LoadProfile" noSave="false" profile="trafficcore">

    
    <stc:relation allowDuplicate="false" dstClassRef="LoadProfile" dstName="none" embedDstInIlClass="false" embedSrcInIlClass="false" id="0x2C002001" isInternal="false" maxOccurs="unbounded" minOccurs="0" name="ParentProject" order="sequenced" srcClassRef="framework.Project" srcName="none" type="framework.ParentChild" />

  </stc:class>

  
  <stc:class baseClass="framework.Scriptable" canCreate="false" id="0x2C003000" idlMapped="na" ilMapped="na" isInternal="false" isReadOnly="false" isSingleton="false" name="LoadPhase" noSave="false" profile="trafficcore">

  </stc:class>


</stc:meta>