<stc:meta xmlns:stc="urn:www.spirentcom.com:XMLSchema.xsd" id="0x90000000" package="v4v6transition" plugin="v4v6transition" version="0.0.0-0">

  

  <stc:idlDef idlDepends="" idlImplements="" idlIncludes="" idlName="v4v6transition" idlVersion="1" isInterface="false" />

  

  
  
  <stc:class baseClass="core.LinkGroup" canCreate="true" id="0x90001000" idlMapped="na" ilMapped="na" isInternal="false" isReadOnly="false" isSingleton="false" name="Ipv6TransitionLink" noSave="false" profile="v4v6transition">
  </stc:class>

  <stc:class baseClass="core.ProtocolConfig" canCreate="true" displayName="Dual Stack Lite" id="0x90002000" idlMapped="na" ilMapped="na" isInternal="false" isReadOnly="false" isSingleton="false" name="DualStackLiteConfig" noSave="false" profile="v4v6transition">
    
    <stc:relation allowDuplicate="false" dstClassRef="DualStackLiteConfig" dstName="none" embedDstInIlClass="false" embedSrcInIlClass="false" id="0x90002001" isInternal="false" maxOccurs="1" minOccurs="0" name="ParentDevice" order="sequenced" srcClassRef="core.EmulatedDevice" srcName="none" type="framework.ParentChild" />

    <stc:property category="config" collectionType="vector" databaseType="DEFAULT" default="2001::1" displayName="AFTR IPv6 Address" format="number" id="0x90002002" idlMapped="true" ilMapped="true" isComposite="false" isDataStream="false" isDeprecated="false" isInternal="false" isReadOnly="false" maxOccurs="1" minOccurs="1" name="AftrIpv6Address" noSave="false" nullable="false" onModifyNotifyMode="periodic" precision="" replaces="" type="ipv6" />

    <stc:property category="config" collectionType="vector" databaseType="DEFAULT" default="192.0.0.1" displayName="AFTR IPv4 Address" format="number" id="0x90002003" idlMapped="true" ilMapped="true" isComposite="false" isDataStream="false" isDeprecated="false" isInternal="false" isReadOnly="false" maxOccurs="1" minOccurs="1" name="AftrIpv4Address" noSave="false" nullable="false" onModifyNotifyMode="periodic" precision="" replaces="" type="ip" />

    
    <stc:property category="config" collectionType="vector" databaseType="DEFAULT" default="2001::1" displayName="Old AFTR IPv6 Address" format="number" id="0x90002004" idlMapped="true" ilMapped="true" isComposite="false" isDataStream="false" isDeprecated="true" isInternal="false" isReadOnly="false" maxOccurs="1" minOccurs="1" name="AftrAddress" noSave="false" nullable="false" onModifyNotifyMode="periodic" precision="" replaces="" type="ipv6" />
  </stc:class>

  <stc:class baseClass="core.Link" canCreate="true" id="0x90003000" idlMapped="na" ilMapped="na" isInternal="false" isReadOnly="false" isSingleton="false" name="DualStackLiteLink" noSave="false" profile="v4v6transition">
  </stc:class>


  <stc:class baseClass="core.ProtocolConfig" canCreate="true" displayName="Dual-Stack Lite" id="0x90004000" idlMapped="na" ilMapped="na" isInternal="false" isReadOnly="false" isSingleton="false" name="Ipv6RapidDeploymentConfig" noSave="false" profile="v4v6transition">
    
    <stc:relation allowDuplicate="false" dstClassRef="Ipv6RapidDeploymentConfig" dstName="none" embedDstInIlClass="false" embedSrcInIlClass="false" id="0x90004001" isInternal="false" maxOccurs="1" minOccurs="0" name="ParentDevice" order="sequenced" srcClassRef="core.EmulatedDevice" srcName="none" type="framework.ParentChild" />
    
    <stc:enumeration idlMapped="true" ilMapped="true" isFlags="false" name="EnumV6RapidDeploymentMode">
      <stc:enum displayName="6rd" idlMapped="true" ilMapped="true" name="SIX_RD" value="0" />
      <stc:enum displayName="6to4" idlMapped="true" ilMapped="true" name="SIX_TO_FOUR" value="1" />
    </stc:enumeration>
    
    <stc:property category="config" collectionType="vector" databaseType="DEFAULT" default="SIX_RD" displayName="Transition Mode" format="number" id="0x90004002" idlMapped="true" ilMapped="true" isComposite="false" isDataStream="false" isDeprecated="false" isInternal="false" isReadOnly="false" maxOccurs="1" minOccurs="1" name="TransitionMode" noSave="false" nullable="false" onModifyNotifyMode="periodic" precision="" replaces="" type="u8">
      <stc:enumerationRef ref="EnumV6RapidDeploymentMode" />
    </stc:property>

    <stc:property category="config" collectionType="vector" databaseType="DEFAULT" default="0" displayName="IPv4 Mask Length" format="number" id="0x90004003" idlMapped="true" ilMapped="true" isComposite="false" isDataStream="false" isDeprecated="false" isInternal="false" isReadOnly="false" maxOccurs="1" minOccurs="1" name="Ipv4MaskLength" noSave="false" nullable="false" onModifyNotifyMode="periodic" precision="" replaces="" type="u8">
      <stc:numericValidation errorMsg="Please enter a valid number" maxInclusive="32" minInclusive="0" />
    </stc:property>

    <stc:property category="config" collectionType="vector" databaseType="DEFAULT" default="0" displayName="Subnet ID" format="number" id="0x90004004" idlMapped="true" ilMapped="true" isComposite="false" isDataStream="false" isDeprecated="false" isInternal="false" isReadOnly="false" maxOccurs="1" minOccurs="1" name="SubnetInterfaceId" noSave="false" nullable="false" onModifyNotifyMode="periodic" precision="" replaces="" type="u32" />

    <stc:property category="config" collectionType="vector" databaseType="DEFAULT" default="0" displayName="Subnet ID Length" format="number" id="0x90004005" idlMapped="true" ilMapped="true" isComposite="false" isDataStream="false" isDeprecated="false" isInternal="false" isReadOnly="false" maxOccurs="1" minOccurs="1" name="SubnetInterfaceIdLength" noSave="false" nullable="false" onModifyNotifyMode="periodic" precision="" replaces="" type="u8" />
    
    <stc:property category="config" collectionType="vector" databaseType="DEFAULT" default="2002::" displayName="6rd Prefix" format="number" id="0x90004006" idlMapped="true" ilMapped="true" isComposite="false" isDataStream="false" isDeprecated="false" isInternal="false" isReadOnly="false" maxOccurs="1" minOccurs="1" name="RapidDeploymentPrefix" noSave="false" nullable="false" onModifyNotifyMode="periodic" precision="" replaces="" type="ipv6" />

    <stc:property category="config" collectionType="vector" databaseType="DEFAULT" default="32" displayName="6rd Prefix Length" format="number" id="0x90004007" idlMapped="true" ilMapped="true" isComposite="false" isDataStream="false" isDeprecated="false" isInternal="false" isReadOnly="false" maxOccurs="1" minOccurs="1" name="RapidDeploymentPrefixLength" noSave="false" nullable="false" onModifyNotifyMode="periodic" precision="" replaces="" type="u8">
      <stc:numericValidation errorMsg="Please enter a valid number" maxInclusive="128" minInclusive="16" />
    </stc:property>

    <stc:property category="config" collectionType="vector" databaseType="DEFAULT" default="192.85.1.1" displayName="Border Relay IPv4 Address" format="number" id="0x90004008" idlMapped="true" ilMapped="true" isComposite="false" isDataStream="false" isDeprecated="false" isInternal="false" isReadOnly="false" maxOccurs="1" minOccurs="1" name="DUTAddress" noSave="false" nullable="false" onModifyNotifyMode="periodic" precision="" replaces="" type="ip" />

    
    <stc:property category="config" collectionType="vector" databaseType="DEFAULT" default="0" displayName="CE Prefix Length" format="number" id="0x90004009" idlMapped="true" ilMapped="true" isComposite="false" isDataStream="false" isDeprecated="true" isInternal="false" isReadOnly="false" maxOccurs="1" minOccurs="1" name="CustomerEdgePrefixLength" noSave="false" nullable="false" onModifyNotifyMode="periodic" precision="" replaces="" type="u8">
      <stc:numericValidation errorMsg="Please enter a valid number" maxInclusive="32" minInclusive="0" />
    </stc:property>

  </stc:class>

  <stc:class baseClass="core.Link" canCreate="true" id="0x90005000" idlMapped="na" ilMapped="na" isInternal="false" isReadOnly="false" isSingleton="false" name="Ipv6RapidDeploymentLink" noSave="false" profile="v4v6transition">
  </stc:class>


</stc:meta>