<stc:meta xmlns:stc="urn:www.spirentcom.com:XMLSchema.xsd" id="0x8C000000" package="storage" plugin="vepa" version="0.0.0-0">

    
    
    <stc:idlDef idlDepends="" idlImplements="contentBase_1.idl" idlIncludes="" idlName="vepa" idlVersion="1" isInterface="true" />
    
    
    <stc:class baseClass="core.L2SwitchLink" canCreate="true" id="0x8C001000" idlMapped="na" ilMapped="na" isInternal="false" isReadOnly="false" isSingleton="false" name="VsiToStationLink" noSave="false" profile="vepa" />

    <stc:class baseClass="core.L2SwitchLink" canCreate="true" id="0x8C002000" idlMapped="na" ilMapped="na" isInternal="false" isReadOnly="false" isSingleton="false" name="StationToScompLink" noSave="false" profile="vepa" />
    
    
    <stc:class baseClass="common.contentcore.ContentBaseProtocolConfig" canCreate="false" displayName="VEPA" id="0x8C003000" idlMapped="vepa" ilMapped="default" isInternal="false" isReadOnly="false" isSingleton="false" name="VdpDeviceConfig" noSave="false" profile="vepa">
        <stc:relation allowDuplicate="false" dstClassRef="VdpDeviceConfig" dstName="none" embedDstInIlClass="false" embedSrcInIlClass="false" id="0x8C003001" isInternal="false" maxOccurs="1" minOccurs="0" name="ParentDevice" order="sequenced" srcClassRef="core.EmulatedDevice" srcName="none" type="framework.ParentChild" />
        
        
        <stc:enumeration idlEnumerationRef="vepa.1:vdpMode_t" idlMapped="true" ilMapped="true" isFlags="false" name="EnumDeviceMode">
            <stc:enum displayName="Station" idlEnumValueRef="STATION" idlMapped="true" ilMapped="true" name="STATION" value="1" />
            
        </stc:enumeration> 

        <stc:property category="config" collectionType="vector" databaseType="DEFAULT" default="STATION" displayName="Device Mode" format="number" id="0x8C003002" idlMapped="true" ilMapped="true" isComposite="false" isDataStream="false" isDeprecated="false" isInternal="false" isReadOnly="false" maxOccurs="1" minOccurs="1" name="DeviceMode" noSave="false" nullable="false" onModifyNotifyMode="periodic" precision="" replaces="" type="u8">
            <stc:enumerationRef ref="EnumDeviceMode" />
        </stc:property>
        <stc:property category="config" collectionType="vector" databaseType="DEFAULT" default="01:80:C2:00:00:00" displayName="ECP Destination MAC" format="number" id="0x8C003003" idlMapped="true" ilMapped="true" isComposite="false" isDataStream="false" isDeprecated="false" isInternal="false" isReadOnly="false" maxOccurs="1" minOccurs="1" name="EcpDstMac" noSave="false" nullable="false" onModifyNotifyMode="periodic" precision="" replaces="" type="mac" />
    </stc:class>
    
    
    <stc:class baseClass="VdpDeviceConfig" canCreate="true" displayName="Station" id="0x8C004000" idlMapped="na" ilMapped="na" isInternal="false" isReadOnly="false" isSingleton="false" name="VdpStationConfig" noSave="false" profile="vepa" />

    
    

    
    <stc:class baseClass="common.contentcore.ContentBaseProtocolConfig" canCreate="true" displayName="VSI Block" id="0x8C005000" idlMapped="vepa" ilMapped="default" isInternal="false" isReadOnly="false" isSingleton="false" name="VsiBlockConfig" noSave="false" profile="vepa">
        <stc:relation allowDuplicate="false" dstClassRef="VsiBlockConfig" dstName="none" embedDstInIlClass="false" embedSrcInIlClass="false" id="0x8C005001" isInternal="false" maxOccurs="1" minOccurs="0" name="ParentDevice" order="sequenced" srcClassRef="core.EmulatedDevice" srcName="none" type="framework.ParentChild" />
        
        
        <stc:enumeration idlEnumerationRef="vepa.1:vsiBlockState_t" idlMapped="true" ilMapped="true" isFlags="false" name="EnumState">
            <stc:enum displayName="De-Associated" idlEnumValueRef="DEASSOCIATED" idlMapped="true" ilMapped="true" name="DEASSOCIATED" value="0" />
            <stc:enum displayName="De-Associating" idlEnumValueRef="DEASSOCIATING" idlMapped="true" ilMapped="true" name="DEASSOCIATING" value="1" />
            <stc:enum displayName="Pre-Associating" idlEnumValueRef="PREASSOCIATING" idlMapped="true" ilMapped="true" name="PREASSOCIATING" value="2" />
            <stc:enum displayName="Pre-Associated" idlEnumValueRef="PREASSOCIATED" idlMapped="true" ilMapped="true" name="PREASSOCIATED" value="3" />
            <stc:enum displayName="Pre-Associating w/Resource Reservation" idlEnumValueRef="PREASSOCIATING_RR" idlMapped="true" ilMapped="true" name="PREASSOCIATING_RR" value="4" />
            <stc:enum displayName="Pre-Associated w/Resource Reservation" idlEnumValueRef="PREASSOCIATED_RR" idlMapped="true" ilMapped="true" name="PREASSOCIATED_RR" value="5" />
            <stc:enum displayName="Associating" idlEnumValueRef="ASSOCIATING" idlMapped="true" ilMapped="true" name="ASSOCIATING" value="6" />
            <stc:enum displayName="Associated" idlEnumValueRef="ASSOCIATED" idlMapped="true" ilMapped="true" name="ASSOCIATED" value="7" />
        </stc:enumeration>
        <stc:enumeration idlEnumerationRef="vepa.1:filterFormat_t" idlMapped="true" ilMapped="true" isFlags="false" name="EnumFilterInfo">
            <stc:enum displayName="VLAN" idlEnumValueRef="VLAN" idlMapped="true" ilMapped="true" name="VLAN" value="1" />
            <stc:enum displayName="MAC/VID" idlEnumValueRef="MAC_VID" idlMapped="true" ilMapped="true" name="MAC_VID" value="2" />
            <stc:enum displayName="GroupID/VID" idlEnumValueRef="GROUPID_VID" idlMapped="true" ilMapped="true" name="GROUPID_VID" value="3" />
            <stc:enum displayName="GroupID/MAC/VID" idlEnumValueRef="GROUPID_MAC_VID" idlMapped="true" ilMapped="true" name="GROUPID_MAC_VID" value="4" />
        </stc:enumeration>
        <stc:enumeration idlEnumerationRef="vepa.1:vsiIdFormat_t" idlMapped="true" ilMapped="true" isFlags="false" name="EnumVsiIdFormat">
            <stc:enum displayName="IPv4" idlEnumValueRef="IPV4" idlMapped="true" ilMapped="true" name="IPV4" value="1" />
            <stc:enum displayName="IPv6" idlEnumValueRef="IPV6" idlMapped="true" ilMapped="true" name="IPV6" value="2" />
            <stc:enum displayName="MAC" idlEnumValueRef="MAC" idlMapped="true" ilMapped="true" name="MAC" value="3" />
            <stc:enum displayName="Local" idlEnumValueRef="LOCAL" idlMapped="true" ilMapped="true" name="LOCAL" value="4" />
            <stc:enum displayName="UUID" idlEnumValueRef="UUID" idlMapped="true" ilMapped="true" name="UUID" value="5" />
        </stc:enumeration>

        
        <stc:property category="state" collectionType="vector" databaseType="DEFAULT" default="DEASSOCIATED" displayName="State" format="number" id="0x8C005002" idlMapped="true" ilMapped="true" isComposite="false" isDataStream="false" isDeprecated="false" isInternal="false" isReadOnly="true" maxOccurs="1" minOccurs="1" name="State" noSave="true" nullable="false" onModifyNotifyMode="queued" precision="" replaces="" type="u8">
            <stc:enumerationRef ref="EnumState" />
        </stc:property>
        <stc:property category="config" collectionType="vector" databaseType="DEFAULT" default="2002::2" displayName="VSI Manager ID" format="number" id="0x8C005003" idlMapped="true" ilMapped="true" isComposite="false" isDataStream="false" isDeprecated="false" isInternal="false" isReadOnly="false" maxOccurs="1" minOccurs="1" name="ManagerId" noSave="false" nullable="false" onModifyNotifyMode="periodic" precision="" replaces="" type="ipv6" />
        <stc:property category="config" collectionType="vector" databaseType="DEFAULT" default="UUID" displayName="VSI ID Format" format="number" id="0x8C005004" idlMapped="true" ilMapped="true" isComposite="false" isDataStream="false" isDeprecated="false" isInternal="false" isReadOnly="false" maxOccurs="1" minOccurs="1" name="VsiIdFormat" noSave="false" nullable="false" onModifyNotifyMode="periodic" precision="" replaces="" type="u8">
            <stc:enumerationRef ref="EnumVsiIdFormat" />
        </stc:property>
        
        <stc:property category="config" collectionType="vector" databaseType="DEFAULT" default="false" displayName="Get VSI ID From Interface Stack" format="number" id="0x8C005005" idlMapped="true" ilMapped="true" isComposite="false" isDataStream="false" isDeprecated="false" isInternal="true" isReadOnly="false" maxOccurs="1" minOccurs="1" name="GetVsiIdFromIf" noSave="false" nullable="false" onModifyNotifyMode="periodic" precision="" replaces="" type="bool" />
        <stc:property category="config" collectionType="vector" databaseType="DEFAULT" default="00000000000000000000000000001111" displayName="VSI ID (Local)" format="number" id="0x8C005006" idlMapped="true" ilMapped="true" isComposite="false" isDataStream="false" isDeprecated="false" isInternal="false" isReadOnly="false" maxOccurs="1" minOccurs="1" name="VsiIdLocal" noSave="false" nullable="false" onModifyNotifyMode="periodic" precision="" replaces="" type="string">
            <stc:condition operator="equal" property="GetVsiIdFromIf" type="applicable" value="false" />
            <stc:condition operator="equal" property="VsiIdFormat" type="applicable" value="EnumVsiIdFormat.Local" />
            <stc:regExpValidation errorMsg="VSI ID must be 16 bytes in hex format" pattern="^[a-fA-f0-9]{32}$" />
        </stc:property>
        <stc:property category="config" collectionType="vector" databaseType="DEFAULT" default="00000000000000000000000000000001" displayName="VSI ID Step (Local)" format="number" id="0x8C005007" idlMapped="true" ilMapped="true" isComposite="false" isDataStream="false" isDeprecated="false" isInternal="false" isReadOnly="false" maxOccurs="1" minOccurs="1" name="VsiIdLocalStep" noSave="false" nullable="false" onModifyNotifyMode="periodic" precision="" replaces="" type="string">
            <stc:condition operator="equal" property="GetVsiIdFromIf" type="applicable" value="false" />
            <stc:condition operator="equal" property="VsiIdFormat" type="applicable" value="EnumVsiIdFormat.Local" />
            <stc:regExpValidation errorMsg="VSI ID Step must be 16 bytes in hex format" pattern="^[a-fA-f0-9]{32}$" />
        </stc:property>
        <stc:property category="config" collectionType="vector" databaseType="DEFAULT" default="192.168.1.1" displayName="VSI ID (IPv4)" format="number" id="0x8C005008" idlMapped="true" ilMapped="true" isComposite="false" isDataStream="false" isDeprecated="false" isInternal="false" isReadOnly="false" maxOccurs="1" minOccurs="1" name="VsiIdIpv4" noSave="false" nullable="false" onModifyNotifyMode="periodic" precision="" replaces="" type="ip">
            <stc:condition operator="equal" property="GetVsiIdFromIf" type="applicable" value="false" />
            <stc:condition operator="equal" property="VsiIdFormat" type="applicable" value="EnumVsiIdFormat.Ipv4" />
        </stc:property>
        <stc:property category="config" collectionType="vector" databaseType="DEFAULT" default="0.0.0.1" displayName="VSI ID Step (IPv4)" format="number" id="0x8C005009" idlMapped="true" ilMapped="true" isComposite="false" isDataStream="false" isDeprecated="false" isInternal="false" isReadOnly="false" maxOccurs="1" minOccurs="1" name="VsiIdIpv4Step" noSave="false" nullable="false" onModifyNotifyMode="periodic" precision="" replaces="" type="ip">
            <stc:condition operator="equal" property="GetVsiIdFromIf" type="applicable" value="false" />
            <stc:condition operator="equal" property="VsiIdFormat" type="applicable" value="EnumVsiIdFormat.Ipv4" />
        </stc:property>
        <stc:property category="config" collectionType="vector" databaseType="DEFAULT" default="2001::1" displayName="VSI ID (IPv6)" format="number" id="0x8C00500A" idlMapped="true" ilMapped="true" isComposite="false" isDataStream="false" isDeprecated="false" isInternal="false" isReadOnly="false" maxOccurs="1" minOccurs="1" name="VsiIdIpv6" noSave="false" nullable="false" onModifyNotifyMode="periodic" precision="" replaces="" type="ipv6">
            <stc:condition operator="equal" property="GetVsiIdFromIf" type="applicable" value="false" />
            <stc:condition operator="equal" property="VsiIdFormat" type="applicable" value="EnumVsiIdFormat.Ipv6" />
        </stc:property>
        <stc:property category="config" collectionType="vector" databaseType="DEFAULT" default="::1" displayName="VSI ID Step (IPv6)" format="number" id="0x8C00500B" idlMapped="true" ilMapped="true" isComposite="false" isDataStream="false" isDeprecated="false" isInternal="false" isReadOnly="false" maxOccurs="1" minOccurs="1" name="VsiIdIpv6Step" noSave="false" nullable="false" onModifyNotifyMode="periodic" precision="" replaces="" type="ipv6">
            <stc:condition operator="equal" property="GetVsiIdFromIf" type="applicable" value="false" />
            <stc:condition operator="equal" property="VsiIdFormat" type="applicable" value="EnumVsiIdFormat.Ipv6" />
        </stc:property>
        <stc:property category="config" collectionType="vector" databaseType="DEFAULT" default="00-10-94-00-00-02" displayName="VSI ID (MAC)" format="number" id="0x8C00500C" idlMapped="true" ilMapped="true" isComposite="false" isDataStream="false" isDeprecated="false" isInternal="false" isReadOnly="false" maxOccurs="1" minOccurs="1" name="VsiIdMac" noSave="false" nullable="false" onModifyNotifyMode="periodic" precision="" replaces="" type="mac">
            <stc:condition operator="equal" property="GetVsiIdFromIf" type="applicable" value="false" />
            <stc:condition operator="equal" property="VsiIdFormat" type="applicable" value="EnumVsiIdFormat.Mac" />
        </stc:property>
        <stc:property category="config" collectionType="vector" databaseType="DEFAULT" default="00-00-00-00-00-01" displayName="VSI ID Step (MAC)" format="number" id="0x8C00500D" idlMapped="true" ilMapped="true" isComposite="false" isDataStream="false" isDeprecated="false" isInternal="false" isReadOnly="false" maxOccurs="1" minOccurs="1" name="VsiIdMacStep" noSave="false" nullable="false" onModifyNotifyMode="periodic" precision="" replaces="" type="mac">
            <stc:condition operator="equal" property="GetVsiIdFromIf" type="applicable" value="false" />
            <stc:condition operator="equal" property="VsiIdFormat" type="applicable" value="EnumVsiIdFormat.Mac" />
        </stc:property>

        <stc:property category="config" collectionType="vector" databaseType="DEFAULT" default="1" displayName="VSI Type ID" format="number" id="0x8C00500E" idlMapped="true" ilMapped="true" isComposite="false" isDataStream="false" isDeprecated="false" isInternal="false" isReadOnly="false" maxOccurs="1" minOccurs="1" name="VsiTypeId" noSave="false" nullable="false" onModifyNotifyMode="periodic" precision="" replaces="" type="u32">
            <stc:numericValidation errorMsg="Please enter a valid number" maxInclusive="16777215" minInclusive="0" />
        </stc:property>
        <stc:property category="config" collectionType="vector" databaseType="DEFAULT" default="1" displayName="VSI Type ID Version" format="number" id="0x8C00500F" idlMapped="true" ilMapped="true" isComposite="false" isDataStream="false" isDeprecated="false" isInternal="false" isReadOnly="false" maxOccurs="1" minOccurs="1" name="VsiTypeIdVersion" noSave="false" nullable="false" onModifyNotifyMode="periodic" precision="" replaces="" type="u8" />
        <stc:property category="config" collectionType="vector" databaseType="DEFAULT" default="VLAN" displayName="Filter Info Format" format="number" id="0x8C005010" idlMapped="true" ilMapped="true" isComposite="false" isDataStream="false" isDeprecated="false" isInternal="false" isReadOnly="false" maxOccurs="1" minOccurs="1" name="FilterInfoFormat" noSave="false" nullable="false" onModifyNotifyMode="periodic" precision="" replaces="" type="u8">
            <stc:enumerationRef ref="EnumFilterInfo" />
        </stc:property>
        <stc:property category="config" collectionType="vector" databaseType="DEFAULT" default="true" displayName="Bridge Resolves VID" format="number" id="0x8C005011" idlMapped="true" ilMapped="true" isComposite="false" isDataStream="false" isDeprecated="false" isInternal="false" isReadOnly="false" maxOccurs="1" minOccurs="1" name="BridgeResolvesVid" noSave="false" nullable="false" onModifyNotifyMode="periodic" precision="" replaces="" type="bool" />
        <stc:property category="config" collectionType="vector" databaseType="DEFAULT" default="1" displayName="Group ID" format="number" id="0x8C005012" idlMapped="true" ilMapped="true" isComposite="false" isDataStream="false" isDeprecated="false" isInternal="false" isReadOnly="false" maxOccurs="1" minOccurs="1" name="GroupId" noSave="false" nullable="false" onModifyNotifyMode="periodic" precision="" replaces="" type="u32">
            <stc:condition operator="inSet" property="FilterInfoFormat" type="applicable" value="3,4" />
        </stc:property>
    </stc:class>

    
    

    
    <stc:class baseClass="framework.Scriptable" canCreate="true" id="0x8C006000" idlMapped="na" ilMapped="na" isInternal="false" isReadOnly="false" isSingleton="false" name="VdpPortConfig" noSave="false" profile="vepa">
        
        <stc:relation allowDuplicate="false" dstClassRef="VdpPortConfig" dstName="none" embedDstInIlClass="false" embedSrcInIlClass="false" id="0x8C006001" isInternal="false" maxOccurs="1" minOccurs="0" name="ParentPort" order="sequenced" srcClassRef="core.Port" srcName="none" type="framework.ParentChild" />
    </stc:class>
    
    
    <stc:class baseClass="framework.Result" canCreate="false" id="0x8C007000" idlMapped="na" ilMapped="na" isInternal="false" isReadOnly="false" isSingleton="false" name="VdpDeviceResults" noSave="false" profile="vepa">
        
        <stc:property category="result" collectionType="vector" databaseType="DEFAULT" default="0" displayName="ParentConfigHandle" format="number" id="0x8C007001" idlMapped="true" ilMapped="true" isComposite="false" isDataStream="false" isDeprecated="false" isInternal="true" isReadOnly="true" maxOccurs="1" minOccurs="1" name="PcHandle" noSave="true" nullable="false" onModifyNotifyMode="periodic" precision="" replaces="" type="u32">
            <stc:attribute id="0x8C00700B" internalIsEnum="false" internalType="bool" name="none" type="core.ResultPropertyMarkForEotSave" value="true" />
            <stc:attribute id="0x8C00700C" internalIsEnum="false" internalType="bool" name="none" type="core.ResultPropertyAddEotDbIndex" value="true" />
            <stc:attribute id="0x8C00700D" internalIsEnum="false" internalType="bool" name="none" type="core.ResultPropertyIsDefaultForSubscription" value="true" />
        </stc:property>
        
        <stc:property category="result" collectionType="vector" databaseType="DEFAULT" default="0" displayName="Tx VDP Requests" format="number" id="0x8C007002" idlMapped="true" ilMapped="true" isComposite="false" isDataStream="false" isDeprecated="false" isInternal="false" isReadOnly="true" maxOccurs="1" minOccurs="1" name="TxVdpRequest" noSave="true" nullable="false" onModifyNotifyMode="periodic" precision="" replaces="" type="u32">
            <stc:attribute id="0x8C00700E" internalIsEnum="false" internalType="string" name="none" type="core.ResultPropertyIlCounterpartName" value="TxVdpReq" />
            <stc:attribute id="0x8C00700F" internalIsEnum="false" internalType="bool" name="none" type="core.ResultPropertyMarkForEotSave" value="true" />
            <stc:attribute id="0x8C007010" internalIsEnum="false" internalType="bool" name="none" type="core.ResultPropertyIsDefaultForSubscription" value="true" />
        </stc:property>
        <stc:property category="result" collectionType="vector" databaseType="DEFAULT" default="0" displayName="Rx VDP Requests" format="number" id="0x8C007003" idlMapped="true" ilMapped="true" isComposite="false" isDataStream="false" isDeprecated="false" isInternal="false" isReadOnly="true" maxOccurs="1" minOccurs="1" name="RxVdpRequest" noSave="true" nullable="false" onModifyNotifyMode="periodic" precision="" replaces="" type="u32">
            <stc:attribute id="0x8C007011" internalIsEnum="false" internalType="string" name="none" type="core.ResultPropertyIlCounterpartName" value="RxVdpReq" />
            <stc:attribute id="0x8C007012" internalIsEnum="false" internalType="bool" name="none" type="core.ResultPropertyMarkForEotSave" value="true" />
            <stc:attribute id="0x8C007013" internalIsEnum="false" internalType="bool" name="none" type="core.ResultPropertyIsDefaultForSubscription" value="true" />
        </stc:property>
        <stc:property category="result" collectionType="vector" databaseType="DEFAULT" default="0" displayName="Tx VDP Acks" format="number" id="0x8C007004" idlMapped="true" ilMapped="true" isComposite="false" isDataStream="false" isDeprecated="false" isInternal="false" isReadOnly="true" maxOccurs="1" minOccurs="1" name="TxVdpAck" noSave="true" nullable="false" onModifyNotifyMode="periodic" precision="" replaces="" type="u32">
            <stc:attribute id="0x8C007014" internalIsEnum="false" internalType="bool" name="none" type="core.ResultPropertyMarkForEotSave" value="true" />
            <stc:attribute id="0x8C007015" internalIsEnum="false" internalType="bool" name="none" type="core.ResultPropertyIsDefaultForSubscription" value="true" />
        </stc:property>
        <stc:property category="result" collectionType="vector" databaseType="DEFAULT" default="0" displayName="Rx VDP Acks" format="number" id="0x8C007005" idlMapped="true" ilMapped="true" isComposite="false" isDataStream="false" isDeprecated="false" isInternal="false" isReadOnly="true" maxOccurs="1" minOccurs="1" name="RxVdpAck" noSave="true" nullable="false" onModifyNotifyMode="periodic" precision="" replaces="" type="u32">
            <stc:attribute id="0x8C007016" internalIsEnum="false" internalType="bool" name="none" type="core.ResultPropertyMarkForEotSave" value="true" />
            <stc:attribute id="0x8C007017" internalIsEnum="false" internalType="bool" name="none" type="core.ResultPropertyIsDefaultForSubscription" value="true" />
        </stc:property>
        <stc:property category="result" collectionType="vector" databaseType="DEFAULT" default="0" displayName="Tx ECP Requests" format="number" id="0x8C007006" idlMapped="true" ilMapped="true" isComposite="false" isDataStream="false" isDeprecated="false" isInternal="false" isReadOnly="true" maxOccurs="1" minOccurs="1" name="TxEcpRequest" noSave="true" nullable="false" onModifyNotifyMode="periodic" precision="" replaces="" type="u32">
            <stc:attribute id="0x8C007018" internalIsEnum="false" internalType="string" name="none" type="core.ResultPropertyIlCounterpartName" value="TxEcpReq" />
            <stc:attribute id="0x8C007019" internalIsEnum="false" internalType="bool" name="none" type="core.ResultPropertyMarkForEotSave" value="true" />
            <stc:attribute id="0x8C00701A" internalIsEnum="false" internalType="bool" name="none" type="core.ResultPropertyIsDefaultForSubscription" value="true" />
        </stc:property>
        <stc:property category="result" collectionType="vector" databaseType="DEFAULT" default="0" displayName="Rx ECP Requests" format="number" id="0x8C007007" idlMapped="true" ilMapped="true" isComposite="false" isDataStream="false" isDeprecated="false" isInternal="false" isReadOnly="true" maxOccurs="1" minOccurs="1" name="RxEcpRequest" noSave="true" nullable="false" onModifyNotifyMode="periodic" precision="" replaces="" type="u32">
            <stc:attribute id="0x8C00701B" internalIsEnum="false" internalType="string" name="none" type="core.ResultPropertyIlCounterpartName" value="RxEcpReq" />
            <stc:attribute id="0x8C00701C" internalIsEnum="false" internalType="bool" name="none" type="core.ResultPropertyMarkForEotSave" value="true" />
            <stc:attribute id="0x8C00701D" internalIsEnum="false" internalType="bool" name="none" type="core.ResultPropertyIsDefaultForSubscription" value="true" />
        </stc:property>
        <stc:property category="result" collectionType="vector" databaseType="DEFAULT" default="0" displayName="Tx ECP Acks" format="number" id="0x8C007008" idlMapped="true" ilMapped="true" isComposite="false" isDataStream="false" isDeprecated="false" isInternal="false" isReadOnly="true" maxOccurs="1" minOccurs="1" name="TxEcpAck" noSave="true" nullable="false" onModifyNotifyMode="periodic" precision="" replaces="" type="u32">
            <stc:attribute id="0x8C00701E" internalIsEnum="false" internalType="bool" name="none" type="core.ResultPropertyMarkForEotSave" value="true" />
            <stc:attribute id="0x8C00701F" internalIsEnum="false" internalType="bool" name="none" type="core.ResultPropertyIsDefaultForSubscription" value="true" />
        </stc:property>
        <stc:property category="result" collectionType="vector" databaseType="DEFAULT" default="0" displayName="Rx ECP Acks" format="number" id="0x8C007009" idlMapped="true" ilMapped="true" isComposite="false" isDataStream="false" isDeprecated="false" isInternal="false" isReadOnly="true" maxOccurs="1" minOccurs="1" name="RxEcpAck" noSave="true" nullable="false" onModifyNotifyMode="periodic" precision="" replaces="" type="u32">
            <stc:attribute id="0x8C007020" internalIsEnum="false" internalType="bool" name="none" type="core.ResultPropertyMarkForEotSave" value="true" />
            <stc:attribute id="0x8C007021" internalIsEnum="false" internalType="bool" name="none" type="core.ResultPropertyIsDefaultForSubscription" value="true" />
        </stc:property>
        <stc:property category="result" collectionType="vector" databaseType="DEFAULT" default="0" displayName="ECP Error Count" format="number" id="0x8C00700A" idlMapped="true" ilMapped="true" isComposite="false" isDataStream="false" isDeprecated="false" isInternal="false" isReadOnly="true" maxOccurs="1" minOccurs="1" name="EcpErrorCount" noSave="true" nullable="false" onModifyNotifyMode="periodic" precision="" replaces="" type="u32">
            <stc:attribute id="0x8C007022" internalIsEnum="false" internalType="bool" name="none" type="core.ResultPropertyMarkForEotSave" value="true" />
            <stc:attribute id="0x8C007023" internalIsEnum="false" internalType="bool" name="none" type="core.ResultPropertyIsDefaultForSubscription" value="true" />
        </stc:property>
        
    </stc:class>
    
    <stc:class baseClass="VdpDeviceResults" canCreate="true" id="0x8C008000" idlMapped="na" ilMapped="na" isInternal="false" isReadOnly="false" isSingleton="false" name="VdpStationResults" noSave="false" profile="vepa">
        
        <stc:relation allowDuplicate="false" dstClassRef="VdpStationResults" dstName="none" embedDstInIlClass="false" embedSrcInIlClass="false" id="0x8C008001" isInternal="false" maxOccurs="unbounded" minOccurs="0" name="ParentConfig" order="sequenced" srcClassRef="VdpStationConfig" srcName="none" type="framework.ParentChild" />
        
        <stc:relation allowDuplicate="false" dstClassRef="VdpStationResults" dstName="none" embedDstInIlClass="false" embedSrcInIlClass="false" id="0x8C008002" isInternal="false" maxOccurs="unbounded" minOccurs="0" name="ResultParentConfig" order="sequenced" srcClassRef="VdpStationConfig" srcName="none" type="framework.ResultChild" />
        
        <stc:property category="result" collectionType="vector" databaseType="DEFAULT" default="0" displayName="Tx Associate Count" format="number" id="0x8C008003" idlMapped="true" ilMapped="true" isComposite="false" isDataStream="false" isDeprecated="false" isInternal="false" isReadOnly="true" maxOccurs="1" minOccurs="1" name="TxAssociateCount" noSave="true" nullable="false" onModifyNotifyMode="periodic" precision="" replaces="" type="u32">
            <stc:attribute id="0x8C00800F" internalIsEnum="false" internalType="string" name="none" type="core.ResultPropertyIlCounterpartName" value="TxAssocCount" />
            <stc:attribute id="0x8C008010" internalIsEnum="false" internalType="bool" name="none" type="core.ResultPropertyMarkForEotSave" value="true" />
            <stc:attribute id="0x8C008011" internalIsEnum="false" internalType="bool" name="none" type="core.ResultPropertyIsDefaultForSubscription" value="true" />
        </stc:property>
        <stc:property category="result" collectionType="vector" databaseType="DEFAULT" default="0" displayName="Rx Associate Count" format="number" id="0x8C008004" idlMapped="true" ilMapped="true" isComposite="false" isDataStream="false" isDeprecated="false" isInternal="false" isReadOnly="true" maxOccurs="1" minOccurs="1" name="RxAssociateCount" noSave="true" nullable="false" onModifyNotifyMode="periodic" precision="" replaces="" type="u32">
            <stc:attribute id="0x8C008012" internalIsEnum="false" internalType="string" name="none" type="core.ResultPropertyIlCounterpartName" value="RxAssocCount" />
            <stc:attribute id="0x8C008013" internalIsEnum="false" internalType="bool" name="none" type="core.ResultPropertyMarkForEotSave" value="true" />
            <stc:attribute id="0x8C008014" internalIsEnum="false" internalType="bool" name="none" type="core.ResultPropertyIsDefaultForSubscription" value="true" />
        </stc:property>
        <stc:property category="result" collectionType="vector" databaseType="DEFAULT" default="0" displayName="Tx Deassociate Count" format="number" id="0x8C008005" idlMapped="true" ilMapped="true" isComposite="false" isDataStream="false" isDeprecated="false" isInternal="false" isReadOnly="true" maxOccurs="1" minOccurs="1" name="TxDeassociateCount" noSave="true" nullable="false" onModifyNotifyMode="periodic" precision="" replaces="" type="u32">
            <stc:attribute id="0x8C008015" internalIsEnum="false" internalType="string" name="none" type="core.ResultPropertyIlCounterpartName" value="TxDeassocCount" />
            <stc:attribute id="0x8C008016" internalIsEnum="false" internalType="bool" name="none" type="core.ResultPropertyMarkForEotSave" value="true" />
            <stc:attribute id="0x8C008017" internalIsEnum="false" internalType="bool" name="none" type="core.ResultPropertyIsDefaultForSubscription" value="true" />
        </stc:property>
        <stc:property category="result" collectionType="vector" databaseType="DEFAULT" default="0" displayName="Rx Deassociate Count" format="number" id="0x8C008006" idlMapped="true" ilMapped="true" isComposite="false" isDataStream="false" isDeprecated="false" isInternal="false" isReadOnly="true" maxOccurs="1" minOccurs="1" name="RxDeassociateCount" noSave="true" nullable="false" onModifyNotifyMode="periodic" precision="" replaces="" type="u32">
            <stc:attribute id="0x8C008018" internalIsEnum="false" internalType="string" name="none" type="core.ResultPropertyIlCounterpartName" value="RxDeassocCount" />
            <stc:attribute id="0x8C008019" internalIsEnum="false" internalType="bool" name="none" type="core.ResultPropertyMarkForEotSave" value="true" />
            <stc:attribute id="0x8C00801A" internalIsEnum="false" internalType="bool" name="none" type="core.ResultPropertyIsDefaultForSubscription" value="true" />
        </stc:property>
        <stc:property category="result" collectionType="vector" databaseType="DEFAULT" default="0" displayName="Tx Pre-Associate Count" format="number" id="0x8C008007" idlMapped="true" ilMapped="true" isComposite="false" isDataStream="false" isDeprecated="false" isInternal="false" isReadOnly="true" maxOccurs="1" minOccurs="1" name="TxPreAssociateCount" noSave="true" nullable="false" onModifyNotifyMode="periodic" precision="" replaces="" type="u32">
            <stc:attribute id="0x8C00801B" internalIsEnum="false" internalType="string" name="none" type="core.ResultPropertyIlCounterpartName" value="TxPreAssocCount" />
            <stc:attribute id="0x8C00801C" internalIsEnum="false" internalType="bool" name="none" type="core.ResultPropertyMarkForEotSave" value="true" />
            <stc:attribute id="0x8C00801D" internalIsEnum="false" internalType="bool" name="none" type="core.ResultPropertyIsDefaultForSubscription" value="true" />
        </stc:property>
        <stc:property category="result" collectionType="vector" databaseType="DEFAULT" default="0" displayName="Rx Pre-Associate Count" format="number" id="0x8C008008" idlMapped="true" ilMapped="true" isComposite="false" isDataStream="false" isDeprecated="false" isInternal="false" isReadOnly="true" maxOccurs="1" minOccurs="1" name="RxPreAssociateCount" noSave="true" nullable="false" onModifyNotifyMode="periodic" precision="" replaces="" type="u32">
            <stc:attribute id="0x8C00801E" internalIsEnum="false" internalType="string" name="none" type="core.ResultPropertyIlCounterpartName" value="RxPreAssocCount" />
            <stc:attribute id="0x8C00801F" internalIsEnum="false" internalType="bool" name="none" type="core.ResultPropertyMarkForEotSave" value="true" />
            <stc:attribute id="0x8C008020" internalIsEnum="false" internalType="bool" name="none" type="core.ResultPropertyIsDefaultForSubscription" value="true" />
        </stc:property>
        <stc:property category="result" collectionType="vector" databaseType="DEFAULT" default="0" displayName="Tx Pre-Associate w/Resource Reservation Count" format="number" id="0x8C008009" idlMapped="true" ilMapped="true" isComposite="false" isDataStream="false" isDeprecated="false" isInternal="false" isReadOnly="true" maxOccurs="1" minOccurs="1" name="TxPreAssociateRrCount" noSave="true" nullable="false" onModifyNotifyMode="periodic" precision="" replaces="" type="u32">
            <stc:attribute id="0x8C008021" internalIsEnum="false" internalType="string" name="none" type="core.ResultPropertyIlCounterpartName" value="TxPreAssocRrCount" />
            <stc:attribute id="0x8C008022" internalIsEnum="false" internalType="bool" name="none" type="core.ResultPropertyMarkForEotSave" value="true" />
            <stc:attribute id="0x8C008023" internalIsEnum="false" internalType="bool" name="none" type="core.ResultPropertyIsDefaultForSubscription" value="true" />
        </stc:property>
        <stc:property category="result" collectionType="vector" databaseType="DEFAULT" default="0" displayName="Rx Pre-Associate w/Resource Reservation Count" format="number" id="0x8C00800A" idlMapped="true" ilMapped="true" isComposite="false" isDataStream="false" isDeprecated="false" isInternal="false" isReadOnly="true" maxOccurs="1" minOccurs="1" name="RxPreAssociateRrCount" noSave="true" nullable="false" onModifyNotifyMode="periodic" precision="" replaces="" type="u32">
            <stc:attribute id="0x8C008024" internalIsEnum="false" internalType="string" name="none" type="core.ResultPropertyIlCounterpartName" value="RxPreAssocRrCount" />
            <stc:attribute id="0x8C008025" internalIsEnum="false" internalType="bool" name="none" type="core.ResultPropertyMarkForEotSave" value="true" />
            <stc:attribute id="0x8C008026" internalIsEnum="false" internalType="bool" name="none" type="core.ResultPropertyIsDefaultForSubscription" value="true" />
        </stc:property>
        <stc:property category="result" collectionType="vector" databaseType="DEFAULT" default="0" displayName="ECP Retries" format="number" id="0x8C00800B" idlMapped="true" ilMapped="true" isComposite="false" isDataStream="false" isDeprecated="false" isInternal="false" isReadOnly="true" maxOccurs="1" minOccurs="1" name="EcpRetries" noSave="true" nullable="false" onModifyNotifyMode="periodic" precision="" replaces="" type="u8">
            <stc:attribute id="0x8C008027" internalIsEnum="false" internalType="bool" name="none" type="core.ResultPropertyMarkForEotSave" value="true" />
            <stc:attribute id="0x8C008028" internalIsEnum="false" internalType="bool" name="none" type="core.ResultPropertyIsDefaultForSubscription" value="true" />
            <stc:attribute id="0x8C008029" internalIsEnum="false" internalType="bool" name="none" type="framework.IsPropertyResettable" value="false" />
        </stc:property>
        <stc:property category="result" collectionType="vector" databaseType="DEFAULT" default="0" displayName="ECP Retry Interval (sec)" format="number" id="0x8C00800C" idlMapped="true" ilMapped="true" isComposite="false" isDataStream="false" isDeprecated="false" isInternal="false" isReadOnly="true" maxOccurs="1" minOccurs="1" name="EcpRetryTime" noSave="true" nullable="false" onModifyNotifyMode="periodic" precision="" replaces="" type="double">
            <stc:attribute id="0x8C00802A" internalIsEnum="false" internalType="string" name="none" type="core.ResultPropertyIlCounterpartName" value="(EcpRetryTime * 1e-8)" />
            <stc:attribute id="0x8C00802B" internalIsEnum="false" internalType="bool" name="none" type="core.ResultPropertyMarkForEotSave" value="true" />
            <stc:attribute id="0x8C00802C" internalIsEnum="false" internalType="bool" name="none" type="core.ResultPropertyIsDefaultForSubscription" value="true" />
            <stc:attribute id="0x8C00802D" internalIsEnum="false" internalType="bool" name="none" type="framework.IsPropertyResettable" value="false" />
        </stc:property>
        <stc:property category="result" collectionType="vector" databaseType="DEFAULT" default="0" displayName="VDP Response Timeout (sec)" format="number" id="0x8C00800D" idlMapped="true" ilMapped="true" isComposite="false" isDataStream="false" isDeprecated="false" isInternal="false" isReadOnly="true" maxOccurs="1" minOccurs="1" name="VdpResponseTime" noSave="true" nullable="false" onModifyNotifyMode="periodic" precision="" replaces="" type="double">
            <stc:attribute id="0x8C00802E" internalIsEnum="false" internalType="string" name="none" type="core.ResultPropertyIlCounterpartName" value="(VdpResponseTime * 1e-8)" />
            <stc:attribute id="0x8C00802F" internalIsEnum="false" internalType="bool" name="none" type="core.ResultPropertyMarkForEotSave" value="true" />
            <stc:attribute id="0x8C008030" internalIsEnum="false" internalType="bool" name="none" type="core.ResultPropertyIsDefaultForSubscription" value="true" />
            <stc:attribute id="0x8C008031" internalIsEnum="false" internalType="bool" name="none" type="framework.IsPropertyResettable" value="false" />
        </stc:property>
        <stc:property category="result" collectionType="vector" databaseType="DEFAULT" default="0" displayName="VDP Keep Alive Interval (sec)" format="number" id="0x8C00800E" idlMapped="true" ilMapped="true" isComposite="false" isDataStream="false" isDeprecated="false" isInternal="false" isReadOnly="true" maxOccurs="1" minOccurs="1" name="VdpKeepAliveTime" noSave="true" nullable="false" onModifyNotifyMode="periodic" precision="" replaces="" type="double">
            <stc:attribute id="0x8C008032" internalIsEnum="false" internalType="string" name="none" type="core.ResultPropertyIlCounterpartName" value="(VdpKeepAliveTime * 1e-8)" />
            <stc:attribute id="0x8C008033" internalIsEnum="false" internalType="bool" name="none" type="core.ResultPropertyMarkForEotSave" value="true" />
            <stc:attribute id="0x8C008034" internalIsEnum="false" internalType="bool" name="none" type="core.ResultPropertyIsDefaultForSubscription" value="true" />
            <stc:attribute id="0x8C008035" internalIsEnum="false" internalType="bool" name="none" type="framework.IsPropertyResettable" value="false" />
        </stc:property>
    </stc:class>

    
    
    
    
    <stc:class baseClass="framework.Result" canCreate="true" id="0x8C009000" idlMapped="na" ilMapped="na" isInternal="false" isReadOnly="false" isSingleton="false" name="VsiInstanceResults" noSave="false" profile="vepa">
        
        <stc:relation allowDuplicate="false" dstClassRef="VsiInstanceResults" dstName="none" embedDstInIlClass="false" embedSrcInIlClass="false" id="0x8C009001" isInternal="false" maxOccurs="unbounded" minOccurs="0" name="ParentBlock" order="sequenced" srcClassRef="VsiBlockConfig" srcName="none" type="framework.ParentChild" />

        
        <stc:enumeration idlEnumerationRef="vepa.1:vsiReason_t" idlMapped="true" ilMapped="true" isFlags="false" name="EnumReason">
            <stc:enum displayName="Success" idlEnumValueRef="SUCCESS" idlMapped="true" ilMapped="true" name="SUCCESS" value="0" />
            <stc:enum displayName="Invalid Format" idlEnumValueRef="INVALID_FORMAT" idlMapped="true" ilMapped="true" name="INVALID_FORMAT" value="1" />
            <stc:enum displayName="Insufficient Resources" idlEnumValueRef="NO_RESOURCES" idlMapped="true" ilMapped="true" name="NO_RESOURCES" value="2" />
            <stc:enum displayName="Unable to Contact VSI Manager" idlEnumValueRef="MANAGER_UNREACHABLE" idlMapped="true" ilMapped="true" name="MANAGER_UNREACHABLE" value="3" />
            <stc:enum displayName="Other Failure" idlEnumValueRef="OTHER" idlMapped="true" ilMapped="true" name="OTHER" value="4" />
            <stc:enum displayName="Invalid VID, GroupID, or MAC Address" idlEnumValueRef="INVALID_FILTER_ID" idlMapped="true" ilMapped="true" name="INVALID_FILTER_ID" value="5" />
        </stc:enumeration>
        
        <stc:enumeration idlEnumerationRef="vepa.1:assocType_t" idlMapped="true" ilMapped="true" isFlags="false" name="EnumState">
            <stc:enum displayName="Pre-associated" idlEnumValueRef="PRE_ASSOC" idlMapped="true" ilMapped="true" name="PRE_ASSOC" value="1" />
            <stc:enum displayName="Pre-associated with resource reservation" idlEnumValueRef="PRE_ASSOC_RR" idlMapped="true" ilMapped="true" name="PRE_ASSOC_RR" value="2" />
            <stc:enum displayName="Associated" idlEnumValueRef="ASSOC" idlMapped="true" ilMapped="true" name="ASSOC" value="3" />
            <stc:enum displayName="De-associated" idlEnumValueRef="DEASSOC" idlMapped="true" ilMapped="true" name="DEASSOC" value="4" />
        </stc:enumeration>

        <stc:property category="result" collectionType="vector" databaseType="DEFAULT" default="DEASSOC" displayName="State" format="number" id="0x8C009002" idlMapped="true" ilMapped="true" isComposite="false" isDataStream="false" isDeprecated="false" isInternal="false" isReadOnly="true" maxOccurs="1" minOccurs="1" name="State" noSave="true" nullable="false" onModifyNotifyMode="periodic" precision="" replaces="" type="u8">
            <stc:enumerationRef ref="EnumState" />
        </stc:property>
        <stc:property category="result" collectionType="vector" databaseType="DEFAULT" default="SUCCESS" displayName="Reason" format="number" id="0x8C009003" idlMapped="true" ilMapped="true" isComposite="false" isDataStream="false" isDeprecated="false" isInternal="false" isReadOnly="true" maxOccurs="1" minOccurs="1" name="Reason" noSave="true" nullable="false" onModifyNotifyMode="periodic" precision="" replaces="" type="u8">
            <stc:enumerationRef ref="EnumReason" />
        </stc:property>
        <stc:property category="result" collectionType="vector" databaseType="DEFAULT" default="00000000000000000000000000001111" displayName="VSI Instance ID" format="number" id="0x8C009004" idlMapped="true" ilMapped="true" isComposite="false" isDataStream="false" isDeprecated="false" isInternal="false" isReadOnly="true" maxOccurs="1" minOccurs="1" name="VsiId" noSave="true" nullable="false" onModifyNotifyMode="periodic" precision="" replaces="" type="string" />
        <stc:property category="result" collectionType="vector" databaseType="DEFAULT" default="1" displayName="VSI Type ID" format="number" id="0x8C009005" idlMapped="true" ilMapped="true" isComposite="false" isDataStream="false" isDeprecated="false" isInternal="false" isReadOnly="true" maxOccurs="1" minOccurs="1" name="VsiTypeId" noSave="true" nullable="false" onModifyNotifyMode="periodic" precision="" replaces="" type="u32" />
        <stc:property category="result" collectionType="vector" databaseType="DEFAULT" default="1" displayName="VSI Type ID Version" format="number" id="0x8C009006" idlMapped="true" ilMapped="true" isComposite="false" isDataStream="false" isDeprecated="false" isInternal="false" isReadOnly="true" maxOccurs="1" minOccurs="1" name="VsiTypeIdVersion" noSave="true" nullable="false" onModifyNotifyMode="periodic" precision="" replaces="" type="u8" />
        <stc:property category="result" collectionType="vector" databaseType="DEFAULT" default="VLAN" displayName="Filter Info Format" format="number" id="0x8C009007" idlMapped="true" ilMapped="true" isComposite="false" isDataStream="false" isDeprecated="false" isInternal="false" isReadOnly="true" maxOccurs="1" minOccurs="1" name="FilterInfoFormat" noSave="true" nullable="false" onModifyNotifyMode="periodic" precision="" replaces="" type="u8">
            <stc:enumerationRef ref="VsiBlockConfig.EnumFilterInfo" />
        </stc:property>
        <stc:property category="result" collectionType="vector" databaseType="DEFAULT" default="1" displayName="C-VLAN ID" format="number" id="0x8C009008" idlMapped="true" ilMapped="true" isComposite="false" isDataStream="false" isDeprecated="false" isInternal="false" isReadOnly="true" maxOccurs="1" minOccurs="1" name="VlanId" noSave="true" nullable="false" onModifyNotifyMode="periodic" precision="" replaces="" type="u16" />
        <stc:property category="result" collectionType="vector" databaseType="DEFAULT" default="00-00-00-00-00-00" displayName="MAC Address" format="number" id="0x8C009009" idlMapped="true" ilMapped="true" isComposite="false" isDataStream="false" isDeprecated="false" isInternal="false" isReadOnly="true" maxOccurs="1" minOccurs="1" name="MacAddr" noSave="true" nullable="false" onModifyNotifyMode="periodic" precision="" replaces="" type="mac" />
        <stc:property category="result" collectionType="vector" databaseType="DEFAULT" default="1" displayName="Group ID" format="number" id="0x8C00900A" idlMapped="true" ilMapped="true" isComposite="false" isDataStream="false" isDeprecated="false" isInternal="false" isReadOnly="true" maxOccurs="1" minOccurs="1" name="GroupId" noSave="true" nullable="false" onModifyNotifyMode="periodic" precision="" replaces="" type="u16" />
    </stc:class>


    



    
    <stc:class baseClass="framework.Scriptable" canCreate="true" id="0x8C00A000" idlMapped="na" ilMapped="na" isInternal="false" isReadOnly="false" isSingleton="false" name="VdpConfigGenParams" noSave="false" profile="vepa">
	    <stc:relation allowDuplicate="false" dstClassRef="VdpConfigGenParams" dstName="none" embedDstInIlClass="false" embedSrcInIlClass="false" id="0x8C00A001" isInternal="false" maxOccurs="unbounded" minOccurs="0" name="Parent" order="sequenced" srcClassRef="core.Project" srcName="none" type="framework.ParentChild" />
        <stc:property category="config" collectionType="vector" databaseType="DEFAULT" default="true" displayName="Enable Intra-Station Traffic" format="number" id="0x8C00A002" idlMapped="true" ilMapped="true" isComposite="false" isDataStream="false" isDeprecated="false" isInternal="false" isReadOnly="false" maxOccurs="1" minOccurs="1" name="EnableIntraStationTraffic" noSave="false" nullable="false" onModifyNotifyMode="periodic" precision="" replaces="" type="bool" />
        <stc:property category="config" collectionType="vector" databaseType="DEFAULT" default="false" displayName="Enable Inter-Station Traffic" format="number" id="0x8C00A003" idlMapped="true" ilMapped="true" isComposite="false" isDataStream="false" isDeprecated="false" isInternal="false" isReadOnly="false" maxOccurs="1" minOccurs="1" name="EnableInterStationTraffic" noSave="false" nullable="false" onModifyNotifyMode="periodic" precision="" replaces="" type="bool" />
        <stc:property category="config" collectionType="vector" databaseType="DEFAULT" default="10.0" displayName="Port Load (%)" format="number" id="0x8C00A004" idlMapped="true" ilMapped="true" isComposite="false" isDataStream="false" isDeprecated="false" isInternal="false" isReadOnly="false" maxOccurs="1" minOccurs="1" name="Load" noSave="false" nullable="false" onModifyNotifyMode="periodic" precision="" replaces="" type="double">
            <stc:numericValidation errorMsg="Please enter a valid number" maxInclusive="100.0" minInclusive="0.001" />
        </stc:property>
        <stc:property category="config" collectionType="vector" databaseType="DEFAULT" default="256" displayName="Packet Size (bytes)" format="number" id="0x8C00A005" idlMapped="true" ilMapped="true" isComposite="false" isDataStream="false" isDeprecated="false" isInternal="false" isReadOnly="false" maxOccurs="1" minOccurs="1" name="PktSize" noSave="false" nullable="false" onModifyNotifyMode="periodic" precision="" replaces="" type="u32">
            <stc:numericValidation errorMsg="Please enter a valid number" maxInclusive="16383" minInclusive="12" />
        </stc:property>
    </stc:class>

    <stc:class baseClass="framework.Scriptable" canCreate="true" id="0x8C00B000" idlMapped="na" ilMapped="na" isInternal="false" isReadOnly="false" isSingleton="false" name="VdpConfigGenPortParams" noSave="false" profile="vepa">
        <stc:relation allowDuplicate="false" dstClassRef="core.Port" dstName="AffiliatedPort" embedDstInIlClass="false" embedSrcInIlClass="false" id="0x8C00B001" isInternal="false" maxOccurs="1" minOccurs="0" name="AffiliationPort" order="sequenced" srcClassRef="VdpConfigGenPortParams" srcName="AffiliatedPortSource" type="core.AffiliationPort" />
	    <stc:relation allowDuplicate="false" dstClassRef="VdpConfigGenPortParams" dstName="none" embedDstInIlClass="false" embedSrcInIlClass="false" id="0x8C00B002" isInternal="false" maxOccurs="unbounded" minOccurs="0" name="Parent" order="sequenced" srcClassRef="VdpConfigGenParams" srcName="none" type="framework.ParentChild" />
        <stc:property category="config" collectionType="vector" databaseType="DEFAULT" default="false" displayName="Enable S-Channels" format="number" id="0x8C00B003" idlMapped="true" ilMapped="true" isComposite="false" isDataStream="false" isDeprecated="false" isInternal="false" isReadOnly="false" maxOccurs="1" minOccurs="1" name="EnableSChannels" noSave="false" nullable="false" onModifyNotifyMode="periodic" precision="" replaces="" type="bool" />
        <stc:property category="config" collectionType="vector" databaseType="DEFAULT" default="STATION" displayName="Device Mode" format="number" id="0x8C00B004" idlMapped="true" ilMapped="true" isComposite="false" isDataStream="false" isDeprecated="false" isInternal="false" isReadOnly="false" maxOccurs="1" minOccurs="1" name="DeviceMode" noSave="false" nullable="false" onModifyNotifyMode="periodic" precision="" replaces="" type="u8">
	        <stc:enumerationRef ref="VdpDeviceConfig.EnumDeviceMode" />
        </stc:property>
	    <stc:property category="config" collectionType="vector" databaseType="DEFAULT" default="1" displayName="EVB Devices Per Port" format="number" id="0x8C00B005" idlMapped="true" ilMapped="true" isComposite="false" isDataStream="false" isDeprecated="false" isInternal="false" isReadOnly="false" maxOccurs="1" minOccurs="1" name="VdpDevicesPerPort" noSave="false" nullable="false" onModifyNotifyMode="periodic" precision="" replaces="" type="u16">
            <stc:condition operator="equal" property="EnableSChannels" type="editable" value="true" />
            <stc:numericValidation errorMsg="Please enter a valid number" maxInclusive="166" minInclusive="1" />
        </stc:property>
        <stc:property category="config" collectionType="vector" databaseType="DEFAULT" default="00:10:94:00:00:01" displayName="S-VLAN Component MAC Address" format="number" id="0x8C00B006" idlMapped="true" ilMapped="true" isComposite="false" isDataStream="false" isDeprecated="false" isInternal="false" isReadOnly="false" maxOccurs="1" minOccurs="1" name="MacAddr" noSave="false" nullable="false" onModifyNotifyMode="periodic" precision="" replaces="" type="mac">
            <stc:condition operator="equal" property="EnableSChannels" type="applicable" value="true" />
        </stc:property>
    </stc:class>

    <stc:class baseClass="framework.Scriptable" canCreate="false" id="0x8C00C000" idlMapped="na" ilMapped="na" isInternal="false" isReadOnly="false" isSingleton="false" name="VdpConfigGenDeviceParams" noSave="false" profile="vepa">
        <stc:relation allowDuplicate="false" dstClassRef="VdpConfigGenDeviceParams" dstName="none" embedDstInIlClass="false" embedSrcInIlClass="false" id="0x8C00C001" isInternal="false" maxOccurs="unbounded" minOccurs="0" name="Parent" order="sequenced" srcClassRef="VdpConfigGenPortParams" srcName="none" type="framework.ParentChild" />
        <stc:property category="config" collectionType="vector" databaseType="DEFAULT" default="00:10:94:00:00:02" displayName="MAC Address" format="number" id="0x8C00C002" idlMapped="true" ilMapped="true" isComposite="false" isDataStream="false" isDeprecated="false" isInternal="false" isReadOnly="false" maxOccurs="1" minOccurs="1" name="MacAddr" noSave="false" nullable="false" onModifyNotifyMode="periodic" precision="" replaces="" type="mac" />
    </stc:class>

    <stc:class baseClass="VdpConfigGenDeviceParams" canCreate="true" id="0x8C00D000" idlMapped="na" ilMapped="na" isInternal="false" isReadOnly="false" isSingleton="false" name="VdpConfigGenStationParams" noSave="false" profile="vepa">
	    <stc:property category="config" collectionType="vector" databaseType="DEFAULT" default="2" displayName="VSI Blocks Per Station" format="number" id="0x8C00D001" idlMapped="true" ilMapped="true" isComposite="false" isDataStream="false" isDeprecated="false" isInternal="false" isReadOnly="false" maxOccurs="1" minOccurs="1" name="VsiBlocksPerVdpStation" noSave="false" nullable="false" onModifyNotifyMode="periodic" precision="" replaces="" type="u16">
            <stc:numericValidation errorMsg="Please enter a valid number" maxInclusive="1000" minInclusive="1" />
        </stc:property>
        <stc:property category="config" collectionType="vector" databaseType="DEFAULT" default="1" displayName="VSI Instances Per VSI Block" format="number" id="0x8C00D002" idlMapped="true" ilMapped="true" isComposite="false" isDataStream="false" isDeprecated="false" isInternal="false" isReadOnly="false" maxOccurs="1" minOccurs="1" name="VsiInstancesPerVsiBlock" noSave="false" nullable="false" onModifyNotifyMode="periodic" precision="" replaces="" type="u16">
            <stc:numericValidation errorMsg="Please enter a valid number" maxInclusive="32768" minInclusive="1" />
        </stc:property>
        <stc:property category="config" collectionType="vector" databaseType="DEFAULT" default="00:10:95:00:00:02" displayName="VSI MAC Address Start" format="number" id="0x8C00D003" idlMapped="true" ilMapped="true" isComposite="false" isDataStream="false" isDeprecated="false" isInternal="false" isReadOnly="false" maxOccurs="1" minOccurs="1" name="InstanceMacAddrStart" noSave="false" nullable="false" onModifyNotifyMode="periodic" precision="" replaces="" type="mac" />
        <stc:property category="config" collectionType="vector" databaseType="DEFAULT" default="00:00:00:00:00:01" displayName="VSI MAC Address Step" format="number" id="0x8C00D004" idlMapped="true" ilMapped="true" isComposite="false" isDataStream="false" isDeprecated="false" isInternal="false" isReadOnly="false" maxOccurs="1" minOccurs="1" name="InstanceMacAddrStep" noSave="false" nullable="false" onModifyNotifyMode="periodic" precision="" replaces="" type="mac" />
    </stc:class>


    
    <stc:class baseClass="framework.Command" canCreate="false" id="0x8C00E000" idlMapped="na" ilMapped="na" isInternal="false" isReadOnly="false" isSingleton="false" name="VdpCommand" noSave="false" profile="vepa">
        <stc:relation allowDuplicate="false" dstClassRef="VdpCommand" dstName="none" embedDstInIlClass="false" embedSrcInIlClass="false" id="0x8C00E001" isInternal="false" maxOccurs="unbounded" minOccurs="0" name="ParentProject" order="sequenced" srcClassRef="framework.Project" srcName="none" type="framework.ParentChild" />
        <stc:property category="input" collectionType="vector" databaseType="DEFAULT" default="0" displayName="Handle List" format="number" id="0x8C00E002" idlMapped="true" ilMapped="true" isComposite="false" isDataStream="false" isDeprecated="false" isInternal="false" isReadOnly="false" maxOccurs="unbounded" minOccurs="0" name="HandleList" noSave="false" nullable="false" onModifyNotifyMode="none" precision="" replaces="" type="handle" />
    </stc:class>

    <stc:class baseClass="VdpCommand" canCreate="true" displayName="Send Pre-Associate TLV" id="0x8C00F000" idlMapped="na" ilMapped="na" isInternal="false" isReadOnly="false" isSingleton="false" name="VdpPreAssociateCommand" noSave="false" profile="vepa">
        <stc:attribute id="0x8C00F001" internalIsEnum="false" internalType="bool" name="none" type="core.Sequenceable" value="true" />
        <stc:attribute id="0x8C00F002" internalIsEnum="false" internalType="bool" name="none" type="core.RequireApplyToIL" value="true" />
        <stc:attribute id="0x8C00F003" internalIsEnum="false" internalType="string" name="none" type="framework.CommandCategory" value="Switching//VEPA" />
        <stc:attribute id="0x8C00F004" internalIsEnum="false" internalType="string" name="none" type="framework.CommandDescription" value="Send Pre-Associate TLV" />
        <stc:attribute id="0x8C00F005" internalIsEnum="false" internalType="string" name="none" type="framework.EventMessageAllTypes" value="Pre-Associate" />
        <stc:attribute id="0x8C00F006" internalIsEnum="false" internalType="string" name="none" type="framework.EventMessageDefaultTypes" value="Pre-Associate" />
    </stc:class>
    
    <stc:class baseClass="VdpCommand" canCreate="true" displayName="Send Pre-Associate with Resource Reservation TLV" id="0x8C010000" idlMapped="na" ilMapped="na" isInternal="false" isReadOnly="false" isSingleton="false" name="VdpPreAssociateRrCommand" noSave="false" profile="vepa">
        <stc:attribute id="0x8C010001" internalIsEnum="false" internalType="bool" name="none" type="core.Sequenceable" value="true" />
        <stc:attribute id="0x8C010002" internalIsEnum="false" internalType="bool" name="none" type="core.RequireApplyToIL" value="true" />
        <stc:attribute id="0x8C010003" internalIsEnum="false" internalType="string" name="none" type="framework.CommandCategory" value="Switching//VEPA" />
        <stc:attribute id="0x8C010004" internalIsEnum="false" internalType="string" name="none" type="framework.CommandDescription" value="Send Pre-Associate with Resource Reservation TLV" />
        <stc:attribute id="0x8C010005" internalIsEnum="false" internalType="string" name="none" type="framework.EventMessageAllTypes" value="Pre-Associate with Resource Reservation" />
        <stc:attribute id="0x8C010006" internalIsEnum="false" internalType="string" name="none" type="framework.EventMessageDefaultTypes" value="Pre-Associate with Resource Reservation" />
    </stc:class>
    
    <stc:class baseClass="VdpCommand" canCreate="true" displayName="Send Associate TLV" id="0x8C011000" idlMapped="na" ilMapped="na" isInternal="false" isReadOnly="false" isSingleton="false" name="VdpAssociateCommand" noSave="false" profile="vepa">
        <stc:attribute id="0x8C011001" internalIsEnum="false" internalType="bool" name="none" type="core.Sequenceable" value="true" />
        <stc:attribute id="0x8C011002" internalIsEnum="false" internalType="bool" name="none" type="core.RequireApplyToIL" value="true" />
        <stc:attribute id="0x8C011003" internalIsEnum="false" internalType="string" name="none" type="framework.CommandCategory" value="Switching//VEPA" />
        <stc:attribute id="0x8C011004" internalIsEnum="false" internalType="string" name="none" type="framework.CommandDescription" value="Send Associate TLV" />
        <stc:attribute id="0x8C011005" internalIsEnum="false" internalType="string" name="none" type="framework.EventMessageAllTypes" value="Associate" />
        <stc:attribute id="0x8C011006" internalIsEnum="false" internalType="string" name="none" type="framework.EventMessageDefaultTypes" value="Associate" />
    </stc:class>
    
    <stc:class baseClass="VdpCommand" canCreate="true" displayName="Send De-Associate TLV" id="0x8C012000" idlMapped="na" ilMapped="na" isInternal="false" isReadOnly="false" isSingleton="false" name="VdpDeassociateCommand" noSave="false" profile="vepa">
        <stc:attribute id="0x8C012001" internalIsEnum="false" internalType="bool" name="none" type="core.Sequenceable" value="true" />
        <stc:attribute id="0x8C012002" internalIsEnum="false" internalType="bool" name="none" type="core.RequireApplyToIL" value="true" />
        <stc:attribute id="0x8C012003" internalIsEnum="false" internalType="string" name="none" type="framework.CommandCategory" value="Switching//VEPA" />
        <stc:attribute id="0x8C012004" internalIsEnum="false" internalType="string" name="none" type="framework.CommandDescription" value="Send De-Associate TLV" />
        <stc:attribute id="0x8C012005" internalIsEnum="false" internalType="string" name="none" type="framework.EventMessageAllTypes" value="De-Associate" />
        <stc:attribute id="0x8C012006" internalIsEnum="false" internalType="string" name="none" type="framework.EventMessageDefaultTypes" value="De-Associate" />
    </stc:class>

    <stc:class baseClass="VdpCommand" canCreate="true" displayName="Abort VDP" id="0x8C013000" idlMapped="na" ilMapped="na" isInternal="false" isReadOnly="false" isSingleton="false" name="VdpAbortCommand" noSave="false" profile="vepa">
        <stc:attribute id="0x8C013001" internalIsEnum="false" internalType="bool" name="none" type="core.Sequenceable" value="true" />
        <stc:attribute id="0x8C013002" internalIsEnum="false" internalType="bool" name="none" type="core.RequireApplyToIL" value="false" />
        <stc:attribute id="0x8C013003" internalIsEnum="false" internalType="string" name="none" type="framework.CommandCategory" value="Switching//VEPA" />
        <stc:attribute id="0x8C013004" internalIsEnum="false" internalType="string" name="none" type="framework.CommandDescription" value="Abort VDP" />
    </stc:class>

    <stc:class baseClass="VdpCommand" canCreate="true" displayName="Save VSI Instance Info" id="0x8C014000" idlMapped="na" ilMapped="na" isInternal="false" isReadOnly="false" isSingleton="false" name="VdpInstanceInfoCommand" noSave="false" profile="vepa">
        <stc:attribute id="0x8C014001" internalIsEnum="false" internalType="bool" name="none" type="core.Sequenceable" value="true" />
        <stc:attribute id="0x8C014002" internalIsEnum="false" internalType="bool" name="none" type="core.RequireApplyToIL" value="true" />
        <stc:attribute id="0x8C014003" internalIsEnum="false" internalType="string" name="none" type="framework.CommandCategory" value="Switching//VEPA" />
        <stc:attribute id="0x8C014004" internalIsEnum="false" internalType="string" name="none" type="framework.CommandDescription" value="Save the VSI instance information" />
        <stc:property category="input" collectionType="vector" databaseType="DEFAULT" default="true" displayName="Save VSI instance info to file" format="number" id="0x8C014005" idlMapped="true" ilMapped="true" isComposite="false" isDataStream="false" isDeprecated="false" isInternal="false" isReadOnly="false" maxOccurs="1" minOccurs="1" name="SaveToFile" noSave="false" nullable="false" onModifyNotifyMode="none" precision="" replaces="" type="bool" />
        <stc:property category="input" collectionType="vector" databaseType="DEFAULT" default="false" displayName="Append timestamp to filename" format="number" id="0x8C014006" idlMapped="true" ilMapped="true" isComposite="false" isDataStream="false" isDeprecated="false" isInternal="false" isReadOnly="false" maxOccurs="1" minOccurs="1" name="TimestampFilename" noSave="false" nullable="false" onModifyNotifyMode="none" precision="" replaces="" type="bool" />
        <stc:property category="input" collectionType="vector" databaseType="DEFAULT" default="vsi_instances.csv" displayName="VSI instance info save file name" format="number" id="0x8C014007" idlMapped="true" ilMapped="true" isComposite="false" isDataStream="false" isDeprecated="false" isInternal="false" isReadOnly="false" maxOccurs="1" minOccurs="1" name="FileName" noSave="false" nullable="false" onModifyNotifyMode="none" precision="" replaces="" type="outputFilePath" />
    </stc:class>

    
    <stc:class baseClass="VdpCommand" canCreate="true" displayName="Show VSI Instance Info" id="0x8C015000" idlMapped="na" ilMapped="na" isInternal="false" isReadOnly="false" isSingleton="false" name="VdpShowInstanceInfoCommand" noSave="false" profile="vepa">
        <stc:attribute id="0x8C015001" internalIsEnum="false" internalType="bool" name="none" type="core.Sequenceable" value="false" />
        <stc:attribute id="0x8C015002" internalIsEnum="false" internalType="bool" name="none" type="core.RequireApplyToIL" value="true" />
        <stc:attribute id="0x8C015003" internalIsEnum="false" internalType="string" name="none" type="framework.CommandCategory" value="Switching//VEPA" />
        <stc:attribute id="0x8C015004" internalIsEnum="false" internalType="string" name="none" type="framework.CommandDescription" value="Show the VSI instance information" />
    </stc:class>

    
    <stc:class baseClass="core.WaitOnScriptablesCommand" canCreate="false" id="0x8C016000" idlMapped="na" ilMapped="na" isInternal="false" isReadOnly="false" isSingleton="false" name="VdpWaitableCommand" noSave="false" profile="vepa" />
    <stc:class baseClass="VdpWaitableCommand" canCreate="true" displayName="Wait for VSI instances to Associate" id="0x8C017000" idlMapped="na" ilMapped="na" isInternal="false" isReadOnly="false" isSingleton="false" name="VdpAssociateWaitCommand" noSave="false" profile="vepa">
        <stc:attribute id="0x8C017001" internalIsEnum="false" internalType="bool" name="none" type="core.Sequenceable" value="true" />
        <stc:attribute id="0x8C017002" internalIsEnum="false" internalType="string" name="none" type="framework.CommandCategory" value="Switching//VEPA" />
        <stc:attribute id="0x8C017003" internalIsEnum="false" internalType="string" name="none" type="framework.CommandDescription" value="Wait for VSI instances to associate" />
    </stc:class>
    <stc:class baseClass="VdpWaitableCommand" canCreate="true" displayName="Wait for VSI instances to Pre-associate" id="0x8C018000" idlMapped="na" ilMapped="na" isInternal="false" isReadOnly="false" isSingleton="false" name="VdpPreAssociateWaitCommand" noSave="false" profile="vepa">
        <stc:attribute id="0x8C018001" internalIsEnum="false" internalType="bool" name="none" type="core.Sequenceable" value="true" />
        <stc:attribute id="0x8C018002" internalIsEnum="false" internalType="string" name="none" type="framework.CommandCategory" value="Switching//VEPA" />
        <stc:attribute id="0x8C018003" internalIsEnum="false" internalType="string" name="none" type="framework.CommandDescription" value="Wait for VSI instances to pre-associate" />
    </stc:class>
    <stc:class baseClass="VdpWaitableCommand" canCreate="true" displayName="Wait for VSI instances to Pre-associate with Resource Reservation" id="0x8C019000" idlMapped="na" ilMapped="na" isInternal="false" isReadOnly="false" isSingleton="false" name="VdpPreAssociateRrWaitCommand" noSave="false" profile="vepa">
        <stc:attribute id="0x8C019001" internalIsEnum="false" internalType="bool" name="none" type="core.Sequenceable" value="true" />
        <stc:attribute id="0x8C019002" internalIsEnum="false" internalType="string" name="none" type="framework.CommandCategory" value="Switching//VEPA" />
        <stc:attribute id="0x8C019003" internalIsEnum="false" internalType="string" name="none" type="framework.CommandDescription" value="Wait for VSI instances to pre-associate with resource reservation" />
    </stc:class>
    <stc:class baseClass="VdpWaitableCommand" canCreate="true" displayName="Wait for VSI instances to De-associate" id="0x8C01A000" idlMapped="na" ilMapped="na" isInternal="false" isReadOnly="false" isSingleton="false" name="VdpDeassociateWaitCommand" noSave="false" profile="vepa">
        <stc:attribute id="0x8C01A001" internalIsEnum="false" internalType="bool" name="none" type="core.Sequenceable" value="true" />
        <stc:attribute id="0x8C01A002" internalIsEnum="false" internalType="string" name="none" type="framework.CommandCategory" value="Switching//VEPA" />
        <stc:attribute id="0x8C01A003" internalIsEnum="false" internalType="string" name="none" type="framework.CommandDescription" value="Wait for VSI instances to de-associate" />
    </stc:class>

    

    
    <stc:class baseClass="framework.Command" canCreate="true" id="0x8C01B000" idlMapped="na" ilMapped="na" isInternal="false" isReadOnly="false" isSingleton="false" name="VdpConfigGenUpdateAvailablePortsCommand" noSave="false" profile="vepa">
        
        <stc:property category="input" collectionType="vector" databaseType="DEFAULT" default="0" displayName="Handle of the VdpConfigGenParams" format="number" id="0x8C01B001" idlMapped="true" ilMapped="true" isComposite="false" isDataStream="false" isDeprecated="false" isInternal="false" isReadOnly="false" maxOccurs="1" minOccurs="1" name="VdpConfigGenParams" noSave="false" nullable="false" onModifyNotifyMode="none" precision="" replaces="" type="handle" />
        <stc:property category="config" collectionType="vector" databaseType="DEFAULT" default="false" displayName="Remove unused ports" format="number" id="0x8C01B002" idlMapped="true" ilMapped="true" isComposite="false" isDataStream="false" isDeprecated="false" isInternal="false" isReadOnly="false" maxOccurs="1" minOccurs="1" name="RemoveUnusedPorts" noSave="false" nullable="false" onModifyNotifyMode="periodic" precision="" replaces="" type="bool" />
    </stc:class>

    
    <stc:class baseClass="framework.Command" canCreate="true" id="0x8C01C000" idlMapped="na" ilMapped="na" isInternal="false" isReadOnly="false" isSingleton="false" name="VdpConfigGenUpdateDeviceConfigsCommand" noSave="false" profile="vepa">
        
        <stc:property category="input" collectionType="vector" databaseType="DEFAULT" default="0" displayName="Handle of the VdpConfigGenParams" format="number" id="0x8C01C001" idlMapped="true" ilMapped="true" isComposite="false" isDataStream="false" isDeprecated="false" isInternal="false" isReadOnly="false" maxOccurs="1" minOccurs="1" name="VdpConfigGenParams" noSave="false" nullable="false" onModifyNotifyMode="none" precision="" replaces="" type="handle" />
    </stc:class>

    
    <stc:class baseClass="framework.Command" canCreate="true" id="0x8C01D000" idlMapped="na" ilMapped="na" isInternal="false" isReadOnly="false" isSingleton="false" name="VdpConfigGenConfigExpandCommand" noSave="false" profile="vepa">
        <stc:enumeration idlMapped="true" ilMapped="true" isFlags="false" name="EnumYesNoPrompt">
            <stc:enum displayName="Prompt user" idlMapped="true" ilMapped="true" name="PROMPT" value="0" />
            <stc:enum displayName="Yes" idlMapped="true" ilMapped="true" name="YES" value="1" />
            <stc:enum displayName="No" idlMapped="true" ilMapped="true" name="NO" value="2" />
        </stc:enumeration>

        <stc:property category="config" collectionType="vector" databaseType="DEFAULT" default="PROMPT" displayName="Clear existing configuration." format="number" id="0x8C01D001" idlMapped="true" ilMapped="true" isComposite="false" isDataStream="false" isDeprecated="false" isInternal="false" isReadOnly="false" maxOccurs="1" minOccurs="1" name="ClearExisting" noSave="false" nullable="false" onModifyNotifyMode="periodic" precision="" replaces="" type="u8">
            <stc:enumerationRef ref="EnumYesNoPrompt" />
        </stc:property>

        
        <stc:property category="input" collectionType="vector" databaseType="DEFAULT" default="0" displayName="Handle of VdpConfigGenParams" format="number" id="0x8C01D002" idlMapped="true" ilMapped="true" isComposite="false" isDataStream="false" isDeprecated="false" isInternal="false" isReadOnly="false" maxOccurs="1" minOccurs="1" name="GenParams" noSave="false" nullable="false" onModifyNotifyMode="none" precision="" replaces="" type="handle" />
    </stc:class>

    
    <stc:commandTarget command="VdpPreAssociateCommand" default="1" target="VsiBlockConfig" />
    <stc:commandTarget command="VdpPreAssociateRrCommand" default="1" target="VsiBlockConfig" />
    <stc:commandTarget command="VdpAssociateCommand" default="1" target="VsiBlockConfig" />
    <stc:commandTarget command="VdpDeassociateCommand" default="1" target="VsiBlockConfig" />
    <stc:commandTarget command="VdpInstanceInfoCommand" default="1" target="VsiBlockConfig" />
    <stc:commandTarget command="VdpAssociateWaitCommand" default="1" target="VsiBlockConfig" />
    <stc:commandTarget command="VdpPreAssociateWaitCommand" default="1" target="VsiBlockConfig" />
    <stc:commandTarget command="VdpPreAssociateRrWaitCommand" default="1" target="VsiBlockConfig" />
    <stc:commandTarget command="VdpDeassociateWaitCommand" default="1" target="VsiBlockConfig" />
    
    <stc:commandTarget command="VdpAbortCommand" default="1" target="VdpStationConfig" />

    <stc:commandTarget command="VdpConfigGenUpdateAvailablePortsCommand" default="false" target="VdpConfigGenParams" />
    <stc:commandTarget command="VdpConfigGenUpdateDeviceConfigsCommand" default="false" target="VdpConfigGenParams" />
    <stc:commandTarget command="VdpConfigGenConfigExpandCommand" default="true" target="VdpConfigGenParams" />

</stc:meta>