<stc:meta xmlns:stc="urn:www.spirentcom.com:XMLSchema.xsd" id="0x89000000" package="storage" plugin="vic" version="0.0.0-0">

  
  <stc:class baseClass="core.L2SwitchLink" canCreate="true" id="0x89001000" idlMapped="na" ilMapped="na" isInternal="false" isReadOnly="false" isSingleton="false" name="VifToVicLink" noSave="false" profile="vic" />

  
  
  

  
  
  <stc:class baseClass="framework.Scriptable" canCreate="true" displayName="VIC" id="0x89002000" idlMapped="na" ilMapped="na" isInternal="false" isReadOnly="false" isSingleton="false" name="VicGlobalConfig" noSave="false" profile="vic">

    
    <stc:relation allowDuplicate="false" dstClassRef="VicGlobalConfig" dstName="none" embedDstInIlClass="false" embedSrcInIlClass="false" id="0x89002001" isInternal="false" maxOccurs="1" minOccurs="1" name="ParentProject" order="sequenced" srcClassRef="framework.Project" srcName="none" type="framework.ParentChild" />

    
    <stc:property category="config" collectionType="vector" databaseType="DEFAULT" default="&lt;frame&gt;&lt;config&gt;&lt;pdus&gt;&lt;pdu name=\&quot;ccc1\&quot; pdu=\&quot;VICTLV:CtrlChanCapTLV\&quot;&gt;&lt;/pdu&gt;&lt;pdu name=\&quot;mta1\&quot; pdu=\&quot;VICTLV:MsgTypeArrayTLV\&quot;&gt;&lt;/pdu&gt;&lt;pdu name=\&quot;rlc1\&quot; pdu=\&quot;VICTLV:ResourceLimitCapTLV\&quot;&gt;&lt;/pdu&gt;&lt;pdu name=\&quot;ec1\&quot; pdu=\&quot;VICTLV:EthernetCapTLV\&quot;&gt;&lt;/pdu&gt;&lt;pdu name=\&quot;fc1\&quot; pdu=\&quot;VICTLV:FcoeCapTLV\&quot;&gt;&lt;/pdu&gt;&lt;/pdus&gt;&lt;/config&gt;&lt;/frame&gt;" displayName="Open Request TLVs" format="number" id="0x89002002" idlMapped="true" ilMapped="true" isComposite="false" isDataStream="false" isDeprecated="false" isInternal="false" isReadOnly="false" maxOccurs="1" minOccurs="1" name="OpenRequestTlvs" noSave="false" nullable="false" onModifyNotifyMode="periodic" precision="" replaces="" type="string" />

    <stc:property category="config" collectionType="vector" databaseType="DEFAULT" default="&lt;frame&gt;&lt;config&gt;&lt;pdus&gt;&lt;pdu name=\&quot;pi1\&quot; pdu=\&quot;VICTLV:ProvisioningInfoTLV\&quot;&gt;&lt;Type&gt;12&lt;/Type&gt;&lt;Length&gt;0&lt;/Length&gt;&lt;ProvisioningInfoTypeSpace&gt;00000C&lt;/ProvisioningInfoTypeSpace&gt;&lt;Info&gt;&lt;ProvList name=\&quot;ProvList_0\&quot;&gt;&lt;Fixed&gt;&lt;NumOfTlvs&gt;0&lt;/NumOfTlvs&gt;&lt;SubTlvs&gt;&lt;FixedSubTlvList name=\&quot;FixedSubTlvList_0\&quot;&gt;&lt;ProfileNameTlv&gt;&lt;Type&gt;1&lt;/Type&gt;&lt;Length&gt;0&lt;/Length&gt;&lt;/ProfileNameTlv&gt;&lt;/FixedSubTlvList&gt;&lt;FixedSubTlvList name=\&quot;FixedSubTlvList_1\&quot;&gt;&lt;vNicUuidTlv&gt;&lt;Type&gt;2&lt;/Type&gt;&lt;Length&gt;0&lt;/Length&gt;&lt;/vNicUuidTlv&gt;&lt;/FixedSubTlvList&gt;&lt;/SubTlvs&gt;&lt;/Fixed&gt;&lt;/ProvList&gt;&lt;/Info&gt;&lt;/pdu&gt;&lt;/pdus&gt;&lt;/config&gt;&lt;/frame&gt;" displayName="Create Request TLVs" format="number" id="0x89002003" idlMapped="true" ilMapped="true" isComposite="false" isDataStream="false" isDeprecated="false" isInternal="false" isReadOnly="false" maxOccurs="1" minOccurs="1" name="CreateRequestTlvs" noSave="false" nullable="false" onModifyNotifyMode="periodic" precision="" replaces="" type="string" />

    <stc:property category="config" collectionType="vector" databaseType="DEFAULT" default="&lt;frame&gt;&lt;config&gt;&lt;pdus&gt;&lt;/pdus&gt;&lt;/config&gt;&lt;/frame&gt;" displayName="Enable Request TLVs" format="number" id="0x89002004" idlMapped="true" ilMapped="true" isComposite="false" isDataStream="false" isDeprecated="false" isInternal="false" isReadOnly="false" maxOccurs="1" minOccurs="1" name="EnableRequestTlvs" noSave="false" nullable="false" onModifyNotifyMode="periodic" precision="" replaces="" type="string" />

    <stc:property category="config" collectionType="vector" databaseType="DEFAULT" default="&lt;frame&gt;&lt;config&gt;&lt;pdus&gt;&lt;pdu name=\&quot;ccc1\&quot; pdu=\&quot;VICTLV:CtrlChanCapTLV\&quot;&gt;&lt;/pdu&gt;&lt;pdu name=\&quot;mta1\&quot; pdu=\&quot;VICTLV:MsgTypeArrayTLV\&quot;&gt;&lt;/pdu&gt;&lt;pdu name=\&quot;rlc1\&quot; pdu=\&quot;VICTLV:ResourceLimitCapTLV\&quot;&gt;&lt;/pdu&gt;&lt;pdu name=\&quot;ec1\&quot; pdu=\&quot;VICTLV:EthernetCapTLV\&quot;&gt;&lt;/pdu&gt;&lt;pdu name=\&quot;fc1\&quot; pdu=\&quot;VICTLV:FcoeCapTLV\&quot;&gt;&lt;/pdu&gt;&lt;/pdus&gt;&lt;/config&gt;&lt;/frame&gt;" displayName="Spirent Open Request TLVs" format="number" id="0x89002005" idlMapped="true" ilMapped="true" isComposite="false" isDataStream="false" isDeprecated="false" isInternal="true" isReadOnly="true" maxOccurs="1" minOccurs="1" name="SpirentOpenRequestTlvs" noSave="false" nullable="false" onModifyNotifyMode="periodic" precision="" replaces="" type="string" />

    <stc:property category="config" collectionType="vector" databaseType="DEFAULT" default="&lt;frame&gt;&lt;config&gt;&lt;pdus&gt;&lt;pdu name=\&quot;pi1\&quot; pdu=\&quot;VICTLV:ProvisioningInfoTLV\&quot;&gt;&lt;/pdu&gt;&lt;/pdus&gt;&lt;/config&gt;&lt;/frame&gt;" displayName="Spirent Create Request TLVs" format="number" id="0x89002006" idlMapped="true" ilMapped="true" isComposite="false" isDataStream="false" isDeprecated="false" isInternal="true" isReadOnly="true" maxOccurs="1" minOccurs="1" name="SpirentCreateRequestTlvs" noSave="false" nullable="false" onModifyNotifyMode="periodic" precision="" replaces="" type="string" />

    <stc:property category="config" collectionType="vector" databaseType="DEFAULT" default="&lt;frame&gt;&lt;config&gt;&lt;pdus&gt;&lt;/pdus&gt;&lt;/config&gt;&lt;/frame&gt;" displayName="Spirent Enable Request TLVs" format="number" id="0x89002007" idlMapped="true" ilMapped="true" isComposite="false" isDataStream="false" isDeprecated="false" isInternal="true" isReadOnly="true" maxOccurs="1" minOccurs="1" name="SpirentEnableRequestTlvs" noSave="false" nullable="false" onModifyNotifyMode="periodic" precision="" replaces="" type="string" />
  </stc:class>

  
  
  <stc:class baseClass="core.ProtocolConfig" canCreate="true" displayName="VIF" id="0x89003000" idlMapped="na" ilMapped="na" isInternal="false" isReadOnly="false" isSingleton="false" name="VifConfig" noSave="false" profile="vic">

    
    <stc:relation allowDuplicate="false" dstClassRef="VifConfig" dstName="none" embedDstInIlClass="false" embedSrcInIlClass="false" id="0x89003001" isInternal="false" maxOccurs="unbounded" minOccurs="0" name="ParentDevice" order="sequenced" srcClassRef="core.EmulatedDevice" srcName="none" type="framework.ParentChild" />

    
    <stc:property category="config" collectionType="vector" databaseType="DEFAULT" default="&lt;frame&gt;&lt;config&gt;&lt;pdus&gt;&lt;pdu name=\&quot;pi1\&quot; pdu=\&quot;VICTLV:ProvisioningInfoTLV\&quot;&gt;&lt;/pdu&gt;&lt;/pdus&gt;&lt;/config&gt;&lt;/frame&gt;" displayName="Create Request TLVs" format="number" id="0x89003002" idlMapped="true" ilMapped="true" isComposite="false" isDataStream="false" isDeprecated="false" isInternal="false" isReadOnly="false" maxOccurs="1" minOccurs="1" name="CreateRequestTlvs" noSave="false" nullable="false" onModifyNotifyMode="periodic" precision="" replaces="" type="string" />

    <stc:property category="config" collectionType="vector" databaseType="DEFAULT" default="&lt;frame&gt;&lt;config&gt;&lt;pdus&gt;&lt;/pdus&gt;&lt;/config&gt;&lt;/frame&gt;" displayName="Enable Request TLVs" format="number" id="0x89003003" idlMapped="true" ilMapped="true" isComposite="false" isDataStream="false" isDeprecated="false" isInternal="false" isReadOnly="false" maxOccurs="1" minOccurs="1" name="EnableRequestTlvs" noSave="false" nullable="false" onModifyNotifyMode="periodic" precision="" replaces="" type="string" />

    <stc:property category="config" collectionType="vector" databaseType="DEFAULT" default="1" displayName="Instance ID Start" format="number" id="0x89003004" idlMapped="true" ilMapped="true" isComposite="false" isDataStream="false" isDeprecated="false" isInternal="false" isReadOnly="false" maxOccurs="1" minOccurs="1" name="InstanceIdStart" noSave="false" nullable="false" onModifyNotifyMode="periodic" precision="" replaces="" type="u16" />
    <stc:property category="config" collectionType="vector" databaseType="DEFAULT" default="1" displayName="Instance ID Step" format="number" id="0x89003005" idlMapped="true" ilMapped="true" isComposite="false" isDataStream="false" isDeprecated="false" isInternal="false" isReadOnly="false" maxOccurs="1" minOccurs="1" name="InstanceIdStep" noSave="false" nullable="false" onModifyNotifyMode="periodic" precision="" replaces="" type="u16" />

  </stc:class>

  
  
  <stc:class baseClass="core.ProtocolConfig" canCreate="false" displayName="VIC" id="0x89004000" idlMapped="na" ilMapped="na" isInternal="false" isReadOnly="false" isSingleton="false" name="VicDeviceConfigBase" noSave="false" profile="vic">

    
    <stc:relation allowDuplicate="false" dstClassRef="VicDeviceConfigBase" dstName="none" embedDstInIlClass="false" embedSrcInIlClass="false" id="0x89004001" isInternal="false" maxOccurs="unbounded" minOccurs="0" name="ParentDevice" order="sequenced" srcClassRef="core.EmulatedDevice" srcName="none" type="framework.ParentChild" />

    <stc:enumeration idlMapped="true" ilMapped="true" isFlags="false" name="EnumDeviceType">
      <stc:enum displayName="Adapter" idlMapped="true" ilMapped="true" name="ADAPTER" value="0" />
      
    </stc:enumeration>

    
    <stc:property category="config" collectionType="vector" databaseType="DEFAULT" default="ADAPTER" displayName="Device Mode" format="number" id="0x89004002" idlMapped="true" ilMapped="true" isComposite="false" isDataStream="false" isDeprecated="false" isInternal="false" isReadOnly="false" maxOccurs="1" minOccurs="1" name="DeviceMode" noSave="false" nullable="false" onModifyNotifyMode="periodic" precision="" replaces="" type="u8">
      <stc:enumerationRef ref="EnumDeviceType" />
    </stc:property>

    <stc:property category="config" collectionType="vector" databaseType="DEFAULT" default="2" displayName="Regular Message Timeout" format="number" id="0x89004003" idlMapped="true" ilMapped="true" isComposite="false" isDataStream="false" isDeprecated="false" isInternal="false" isReadOnly="false" maxOccurs="1" minOccurs="1" name="RegularMsgTimeout" noSave="false" nullable="false" onModifyNotifyMode="periodic" precision="" replaces="" type="u8">
      <stc:numericValidation errorMsg="Please enter a valid number" maxInclusive="60" minInclusive="1" />
    </stc:property>

    <stc:property category="config" collectionType="vector" databaseType="DEFAULT" default="10" displayName="Long Message Timeout" format="number" id="0x89004004" idlMapped="true" ilMapped="true" isComposite="false" isDataStream="false" isDeprecated="false" isInternal="false" isReadOnly="false" maxOccurs="1" minOccurs="1" name="LongMsgTimeout" noSave="false" nullable="false" onModifyNotifyMode="periodic" precision="" replaces="" type="u8">
      <stc:numericValidation errorMsg="Please enter a valid number" maxInclusive="60" minInclusive="1" />
    </stc:property>

    <stc:property category="config" collectionType="vector" databaseType="DEFAULT" default="3" displayName="Maximum Message Retry" format="number" id="0x89004005" idlMapped="true" ilMapped="true" isComposite="false" isDataStream="false" isDeprecated="false" isInternal="false" isReadOnly="false" maxOccurs="1" minOccurs="1" name="MaxMsgRetry" noSave="false" nullable="false" onModifyNotifyMode="periodic" precision="" replaces="" type="u8" />

    <stc:property category="config" collectionType="vector" databaseType="DEFAULT" default="10" displayName="VIFs Supported" format="number" id="0x89004006" idlMapped="true" ilMapped="true" isComposite="false" isDataStream="false" isDeprecated="false" isInternal="false" isReadOnly="false" maxOccurs="1" minOccurs="1" name="VifsSupported" noSave="false" nullable="false" onModifyNotifyMode="periodic" precision="" replaces="" type="u16" />

    <stc:property category="config" collectionType="vector" databaseType="DEFAULT" default="&lt;frame&gt;&lt;config&gt;&lt;pdus&gt;&lt;pdu name=\&quot;ccc1\&quot; pdu=\&quot;VICTLV:CtrlChanCapTLV\&quot;&gt;&lt;/pdu&gt;&lt;pdu name=\&quot;mta1\&quot; pdu=\&quot;VICTLV:MsgTypeArrayTLV\&quot;&gt;&lt;/pdu&gt;&lt;pdu name=\&quot;rlc1\&quot; pdu=\&quot;VICTLV:ResourceLimitCapTLV\&quot;&gt;&lt;/pdu&gt;&lt;pdu name=\&quot;ec1\&quot; pdu=\&quot;VICTLV:EthernetCapTLV\&quot;&gt;&lt;/pdu&gt;&lt;pdu name=\&quot;fc1\&quot; pdu=\&quot;VICTLV:FcoeCapTLV\&quot;&gt;&lt;/pdu&gt;&lt;/pdus&gt;&lt;/config&gt;&lt;/frame&gt;" displayName="Open Request TLVs" format="number" id="0x89004007" idlMapped="true" ilMapped="true" isComposite="false" isDataStream="false" isDeprecated="false" isInternal="false" isReadOnly="false" maxOccurs="1" minOccurs="1" name="OpenRequestTlvs" noSave="false" nullable="false" onModifyNotifyMode="periodic" precision="" replaces="" type="string" />
    <stc:property category="config" collectionType="vector" databaseType="DEFAULT" default="false" displayName="Enable User Instance ID" format="number" id="0x89004008" idlMapped="true" ilMapped="true" isComposite="false" isDataStream="false" isDeprecated="false" isInternal="false" isReadOnly="false" maxOccurs="1" minOccurs="1" name="EnableUserInstanceId" noSave="false" nullable="false" onModifyNotifyMode="periodic" precision="" replaces="" type="bool" />
  </stc:class>

  
  
  <stc:class baseClass="VicDeviceConfigBase" canCreate="true" displayName="VIC" id="0x89005000" idlMapped="na" ilMapped="na" isInternal="false" isReadOnly="false" isSingleton="false" name="VicAdapterConfig" noSave="false" profile="vic">

    
  </stc:class>

  
  
  

  
  
  <stc:class baseClass="framework.Result" canCreate="true" displayName="VIC" id="0x89006000" idlMapped="na" ilMapped="na" isInternal="false" isReadOnly="false" isSingleton="false" name="VicAdapterResults" noSave="false" profile="vic">

    
    <stc:relation allowDuplicate="false" dstClassRef="VicAdapterResults" dstName="none" embedDstInIlClass="false" embedSrcInIlClass="false" id="0x89006001" isInternal="false" maxOccurs="unbounded" minOccurs="0" name="ParentVicDeviceToVicResults" order="sequenced" srcClassRef="VicAdapterConfig" srcName="none" type="framework.ParentChild" />

    
    <stc:relation allowDuplicate="false" dstClassRef="VicAdapterResults" dstName="none" embedDstInIlClass="false" embedSrcInIlClass="false" id="0x89006002" isInternal="false" maxOccurs="unbounded" minOccurs="0" name="ResultVicDeviceToVicResults" order="sequenced" srcClassRef="VicAdapterConfig" srcName="none" type="framework.ResultChild" />

    
    
    <stc:property category="result" collectionType="vector" databaseType="DEFAULT" default="0" displayName="ParentConfigHandle" format="number" id="0x89006003" idlMapped="true" ilMapped="true" isComposite="false" isDataStream="false" isDeprecated="false" isInternal="true" isReadOnly="true" maxOccurs="1" minOccurs="1" name="PcHandle" noSave="true" nullable="false" onModifyNotifyMode="periodic" precision="" replaces="" type="u32">
      <stc:attribute id="0x89006028" internalIsEnum="false" internalType="bool" name="none" type="core.ResultPropertyMarkForEotSave" value="true" />
      <stc:attribute id="0x89006029" internalIsEnum="false" internalType="bool" name="none" type="core.ResultPropertyAddEotDbIndex" value="true" />
      <stc:attribute id="0x8900602A" internalIsEnum="false" internalType="bool" name="none" type="core.ResultPropertyIsDefaultForSubscription" value="true" />
    </stc:property>

    <stc:property category="result" collectionType="vector" databaseType="DEFAULT" default="0" displayName="Control Channel VIF Id" format="number" id="0x89006004" idlMapped="true" ilMapped="true" isComposite="false" isDataStream="false" isDeprecated="false" isInternal="false" isReadOnly="true" maxOccurs="1" minOccurs="1" name="ControlChannelVifId" noSave="true" nullable="false" onModifyNotifyMode="periodic" precision="" replaces="" type="u16">
      <stc:attribute id="0x8900602B" internalIsEnum="false" internalType="bool" name="none" type="core.ResultPropertyMarkForEotSave" value="true" />
      <stc:attribute id="0x8900602C" internalIsEnum="false" internalType="bool" name="none" type="core.ResultPropertyIsDefaultForSubscription" value="true" />
    </stc:property>

    <stc:property category="result" collectionType="vector" databaseType="DEFAULT" default="00:00:00:00:00:00" displayName="Control Channel Mac Address" format="number" id="0x89006005" idlMapped="true" ilMapped="true" isComposite="false" isDataStream="false" isDeprecated="false" isInternal="false" isReadOnly="true" maxOccurs="1" minOccurs="1" name="ControlChannelMacAddr" noSave="true" nullable="false" onModifyNotifyMode="periodic" precision="" replaces="" type="string">
      <stc:attribute id="0x8900602D" internalIsEnum="false" internalType="bool" name="none" type="core.ResultPropertyMarkForEotSave" value="true" />
      <stc:attribute id="0x8900602E" internalIsEnum="false" internalType="bool" name="none" type="core.ResultPropertyIsDefaultForSubscription" value="true" />
    </stc:property>

    <stc:property category="result" collectionType="vector" databaseType="DEFAULT" default="0" displayName="# VIFs" format="number" id="0x89006006" idlMapped="true" ilMapped="true" isComposite="false" isDataStream="false" isDeprecated="false" isInternal="false" isReadOnly="true" maxOccurs="1" minOccurs="1" name="VifCount" noSave="true" nullable="false" onModifyNotifyMode="periodic" precision="" replaces="" type="u32">
      <stc:attribute id="0x8900602F" internalIsEnum="false" internalType="bool" name="none" type="core.ResultPropertyMarkForEotSave" value="true" />
      <stc:attribute id="0x89006030" internalIsEnum="false" internalType="bool" name="none" type="core.ResultPropertyIsDefaultForSubscription" value="true" />
    </stc:property>

    <stc:property category="result" collectionType="vector" databaseType="DEFAULT" default="0" displayName="# VIFs Enabled" format="number" id="0x89006007" idlMapped="true" ilMapped="true" isComposite="false" isDataStream="false" isDeprecated="false" isInternal="false" isReadOnly="true" maxOccurs="1" minOccurs="1" name="VifEnabledCount" noSave="true" nullable="false" onModifyNotifyMode="periodic" precision="" replaces="" type="u32">
      <stc:attribute id="0x89006031" internalIsEnum="false" internalType="bool" name="none" type="core.ResultPropertyMarkForEotSave" value="true" />
      <stc:attribute id="0x89006032" internalIsEnum="false" internalType="bool" name="none" type="core.ResultPropertyIsDefaultForSubscription" value="true" />
    </stc:property>

    <stc:property category="result" collectionType="vector" databaseType="DEFAULT" default="0" displayName="# VIFs Disabled" format="number" id="0x89006008" idlMapped="true" ilMapped="true" isComposite="false" isDataStream="false" isDeprecated="false" isInternal="false" isReadOnly="true" maxOccurs="1" minOccurs="1" name="NumOfVifsDisabled" noSave="true" nullable="false" onModifyNotifyMode="periodic" precision="" replaces="" type="u32">
      <stc:attribute id="0x89006033" internalIsEnum="false" internalType="bool" name="none" type="core.ResultPropertyMarkForEotSave" value="true" />
      <stc:attribute id="0x89006034" internalIsEnum="false" internalType="bool" name="none" type="core.ResultPropertyIsDefaultForSubscription" value="true" />
    </stc:property>

    <stc:property category="result" collectionType="vector" databaseType="DEFAULT" default="0" displayName="# Protocol Errors" format="number" id="0x89006009" idlMapped="true" ilMapped="true" isComposite="false" isDataStream="false" isDeprecated="false" isInternal="false" isReadOnly="true" maxOccurs="1" minOccurs="1" name="ProtocolErrorCount" noSave="true" nullable="false" onModifyNotifyMode="periodic" precision="" replaces="" type="u32">
      <stc:attribute id="0x89006035" internalIsEnum="false" internalType="bool" name="none" type="core.ResultPropertyMarkForEotSave" value="true" />
      <stc:attribute id="0x89006036" internalIsEnum="false" internalType="bool" name="none" type="core.ResultPropertyIsDefaultForSubscription" value="true" />
    </stc:property>

    <stc:property category="result" collectionType="vector" databaseType="DEFAULT" default="0" displayName="Maximum Credits" format="number" id="0x8900600A" idlMapped="true" ilMapped="true" isComposite="false" isDataStream="false" isDeprecated="false" isInternal="false" isReadOnly="true" maxOccurs="1" minOccurs="1" name="MaxCredits" noSave="true" nullable="false" onModifyNotifyMode="periodic" precision="" replaces="" type="u16">
      <stc:attribute id="0x89006037" internalIsEnum="false" internalType="bool" name="none" type="core.ResultPropertyMarkForEotSave" value="true" />
      <stc:attribute id="0x89006038" internalIsEnum="false" internalType="bool" name="none" type="core.ResultPropertyIsDefaultForSubscription" value="true" />
    </stc:property>

    <stc:property category="result" collectionType="vector" databaseType="DEFAULT" default="0" displayName="Credits Remaining" format="number" id="0x8900600B" idlMapped="true" ilMapped="true" isComposite="false" isDataStream="false" isDeprecated="false" isInternal="false" isReadOnly="true" maxOccurs="1" minOccurs="1" name="CreditsRemaining" noSave="true" nullable="false" onModifyNotifyMode="periodic" precision="" replaces="" type="u16">
      <stc:attribute id="0x89006039" internalIsEnum="false" internalType="bool" name="none" type="core.ResultPropertyMarkForEotSave" value="true" />
      <stc:attribute id="0x8900603A" internalIsEnum="false" internalType="bool" name="none" type="core.ResultPropertyIsDefaultForSubscription" value="true" />
    </stc:property>

    <stc:property category="result" collectionType="vector" databaseType="DEFAULT" default="0" displayName="Tx Open Request Count" format="number" id="0x8900600C" idlMapped="true" ilMapped="true" isComposite="false" isDataStream="false" isDeprecated="false" isInternal="false" isReadOnly="true" maxOccurs="1" minOccurs="1" name="TxOpenRequestCount" noSave="true" nullable="false" onModifyNotifyMode="periodic" precision="" replaces="" type="u32">
      <stc:attribute id="0x8900603B" internalIsEnum="false" internalType="bool" name="none" type="core.ResultPropertyMarkForEotSave" value="true" />
      <stc:attribute id="0x8900603C" internalIsEnum="false" internalType="bool" name="none" type="core.ResultPropertyIsDefaultForSubscription" value="true" />
    </stc:property>

    <stc:property category="result" collectionType="vector" databaseType="DEFAULT" default="0" displayName="Rx Open Request Count" format="number" id="0x8900600D" idlMapped="true" ilMapped="true" isComposite="false" isDataStream="false" isDeprecated="false" isInternal="false" isReadOnly="true" maxOccurs="1" minOccurs="1" name="RxOpenRequestCount" noSave="true" nullable="false" onModifyNotifyMode="periodic" precision="" replaces="" type="u32">
      <stc:attribute id="0x8900603D" internalIsEnum="false" internalType="bool" name="none" type="core.ResultPropertyMarkForEotSave" value="true" />
      <stc:attribute id="0x8900603E" internalIsEnum="false" internalType="bool" name="none" type="core.ResultPropertyIsDefaultForSubscription" value="true" />
    </stc:property>

    <stc:property category="result" collectionType="vector" databaseType="DEFAULT" default="0" displayName="Open Request Dropped" format="number" id="0x8900600E" idlMapped="true" ilMapped="true" isComposite="false" isDataStream="false" isDeprecated="false" isInternal="false" isReadOnly="true" maxOccurs="1" minOccurs="1" name="OpenRequestDropped" noSave="true" nullable="false" onModifyNotifyMode="periodic" precision="" replaces="" type="u32">
      <stc:attribute id="0x8900603F" internalIsEnum="false" internalType="bool" name="none" type="core.ResultPropertyMarkForEotSave" value="true" />
      <stc:attribute id="0x89006040" internalIsEnum="false" internalType="bool" name="none" type="core.ResultPropertyIsDefaultForSubscription" value="true" />
    </stc:property>

    <stc:property category="result" collectionType="vector" databaseType="DEFAULT" default="0" displayName="Tx Open Response Count" format="number" id="0x8900600F" idlMapped="true" ilMapped="true" isComposite="false" isDataStream="false" isDeprecated="false" isInternal="false" isReadOnly="true" maxOccurs="1" minOccurs="1" name="TxOpenResponseCount" noSave="true" nullable="false" onModifyNotifyMode="periodic" precision="" replaces="" type="u32">
      <stc:attribute id="0x89006041" internalIsEnum="false" internalType="bool" name="none" type="core.ResultPropertyMarkForEotSave" value="true" />
      <stc:attribute id="0x89006042" internalIsEnum="false" internalType="bool" name="none" type="core.ResultPropertyIsDefaultForSubscription" value="true" />
    </stc:property>

    <stc:property category="result" collectionType="vector" databaseType="DEFAULT" default="0" displayName="Rx Open Response Count" format="number" id="0x89006010" idlMapped="true" ilMapped="true" isComposite="false" isDataStream="false" isDeprecated="false" isInternal="false" isReadOnly="true" maxOccurs="1" minOccurs="1" name="RxOpenResponseCount" noSave="true" nullable="false" onModifyNotifyMode="periodic" precision="" replaces="" type="u32">
      <stc:attribute id="0x89006043" internalIsEnum="false" internalType="bool" name="none" type="core.ResultPropertyMarkForEotSave" value="true" />
      <stc:attribute id="0x89006044" internalIsEnum="false" internalType="bool" name="none" type="core.ResultPropertyIsDefaultForSubscription" value="true" />
    </stc:property>

    <stc:property category="result" collectionType="vector" databaseType="DEFAULT" default="0" displayName="Rx Provision Request Count" format="number" id="0x89006011" idlMapped="true" ilMapped="true" isComposite="false" isDataStream="false" isDeprecated="false" isInternal="false" isReadOnly="true" maxOccurs="1" minOccurs="1" name="RxProvisionRequestCount" noSave="true" nullable="false" onModifyNotifyMode="periodic" precision="" replaces="" type="u32">
      <stc:attribute id="0x89006045" internalIsEnum="false" internalType="bool" name="none" type="core.ResultPropertyMarkForEotSave" value="true" />
      <stc:attribute id="0x89006046" internalIsEnum="false" internalType="bool" name="none" type="core.ResultPropertyIsDefaultForSubscription" value="true" />
    </stc:property>

    <stc:property category="result" collectionType="vector" databaseType="DEFAULT" default="0" displayName="Tx Provision Response Count" format="number" id="0x89006012" idlMapped="true" ilMapped="true" isComposite="false" isDataStream="false" isDeprecated="false" isInternal="false" isReadOnly="true" maxOccurs="1" minOccurs="1" name="TxProvisionResponseCount" noSave="true" nullable="false" onModifyNotifyMode="periodic" precision="" replaces="" type="u32">
      <stc:attribute id="0x89006047" internalIsEnum="false" internalType="bool" name="none" type="core.ResultPropertyMarkForEotSave" value="true" />
      <stc:attribute id="0x89006048" internalIsEnum="false" internalType="bool" name="none" type="core.ResultPropertyIsDefaultForSubscription" value="true" />
    </stc:property>

    <stc:property category="result" collectionType="vector" databaseType="DEFAULT" default="0" displayName="Rx Deprovision Request Count" format="number" id="0x89006013" idlMapped="true" ilMapped="true" isComposite="false" isDataStream="false" isDeprecated="false" isInternal="false" isReadOnly="true" maxOccurs="1" minOccurs="1" name="RxDeprovisionRequestCount" noSave="true" nullable="false" onModifyNotifyMode="periodic" precision="" replaces="" type="u32">
      <stc:attribute id="0x89006049" internalIsEnum="false" internalType="bool" name="none" type="core.ResultPropertyMarkForEotSave" value="true" />
      <stc:attribute id="0x8900604A" internalIsEnum="false" internalType="bool" name="none" type="core.ResultPropertyIsDefaultForSubscription" value="true" />
    </stc:property>

    <stc:property category="result" collectionType="vector" databaseType="DEFAULT" default="0" displayName="Tx Deprovision Response Count" format="number" id="0x89006014" idlMapped="true" ilMapped="true" isComposite="false" isDataStream="false" isDeprecated="false" isInternal="false" isReadOnly="true" maxOccurs="1" minOccurs="1" name="TxDeprovisionResponseCount" noSave="true" nullable="false" onModifyNotifyMode="periodic" precision="" replaces="" type="u32">
      <stc:attribute id="0x8900604B" internalIsEnum="false" internalType="bool" name="none" type="core.ResultPropertyMarkForEotSave" value="true" />
      <stc:attribute id="0x8900604C" internalIsEnum="false" internalType="bool" name="none" type="core.ResultPropertyIsDefaultForSubscription" value="true" />
    </stc:property>

    <stc:property category="result" collectionType="vector" databaseType="DEFAULT" default="0" displayName="Tx Create Request Count" format="number" id="0x89006015" idlMapped="true" ilMapped="true" isComposite="false" isDataStream="false" isDeprecated="false" isInternal="false" isReadOnly="true" maxOccurs="1" minOccurs="1" name="TxCreateRequestCount" noSave="true" nullable="false" onModifyNotifyMode="periodic" precision="" replaces="" type="u32">
      <stc:attribute id="0x8900604D" internalIsEnum="false" internalType="bool" name="none" type="core.ResultPropertyMarkForEotSave" value="true" />
      <stc:attribute id="0x8900604E" internalIsEnum="false" internalType="bool" name="none" type="core.ResultPropertyIsDefaultForSubscription" value="true" />
    </stc:property>

    <stc:property category="result" collectionType="vector" databaseType="DEFAULT" default="0" displayName="Create Request Dropped" format="number" id="0x89006016" idlMapped="true" ilMapped="true" isComposite="false" isDataStream="false" isDeprecated="false" isInternal="false" isReadOnly="true" maxOccurs="1" minOccurs="1" name="CreateRequestDropped" noSave="true" nullable="false" onModifyNotifyMode="periodic" precision="" replaces="" type="u32">
      <stc:attribute id="0x8900604F" internalIsEnum="false" internalType="bool" name="none" type="core.ResultPropertyMarkForEotSave" value="true" />
      <stc:attribute id="0x89006050" internalIsEnum="false" internalType="bool" name="none" type="core.ResultPropertyIsDefaultForSubscription" value="true" />
    </stc:property>

    <stc:property category="result" collectionType="vector" databaseType="DEFAULT" default="0" displayName="Rx Create Response Count" format="number" id="0x89006017" idlMapped="true" ilMapped="true" isComposite="false" isDataStream="false" isDeprecated="false" isInternal="false" isReadOnly="true" maxOccurs="1" minOccurs="1" name="RxCreateResponseCount" noSave="true" nullable="false" onModifyNotifyMode="periodic" precision="" replaces="" type="u32">
      <stc:attribute id="0x89006051" internalIsEnum="false" internalType="bool" name="none" type="core.ResultPropertyMarkForEotSave" value="true" />
      <stc:attribute id="0x89006052" internalIsEnum="false" internalType="bool" name="none" type="core.ResultPropertyIsDefaultForSubscription" value="true" />
    </stc:property>

    <stc:property category="result" collectionType="vector" databaseType="DEFAULT" default="0" displayName="Tx Delete Request Count" format="number" id="0x89006018" idlMapped="true" ilMapped="true" isComposite="false" isDataStream="false" isDeprecated="false" isInternal="false" isReadOnly="true" maxOccurs="1" minOccurs="1" name="TxDeleteRequestCount" noSave="true" nullable="false" onModifyNotifyMode="periodic" precision="" replaces="" type="u32">
      <stc:attribute id="0x89006053" internalIsEnum="false" internalType="bool" name="none" type="core.ResultPropertyMarkForEotSave" value="true" />
      <stc:attribute id="0x89006054" internalIsEnum="false" internalType="bool" name="none" type="core.ResultPropertyIsDefaultForSubscription" value="true" />
    </stc:property>

    <stc:property category="result" collectionType="vector" databaseType="DEFAULT" default="0" displayName="Delete Request Dropped" format="number" id="0x89006019" idlMapped="true" ilMapped="true" isComposite="false" isDataStream="false" isDeprecated="false" isInternal="false" isReadOnly="true" maxOccurs="1" minOccurs="1" name="DeleteRequestDropped" noSave="true" nullable="false" onModifyNotifyMode="periodic" precision="" replaces="" type="u32">
      <stc:attribute id="0x89006055" internalIsEnum="false" internalType="bool" name="none" type="core.ResultPropertyMarkForEotSave" value="true" />
      <stc:attribute id="0x89006056" internalIsEnum="false" internalType="bool" name="none" type="core.ResultPropertyIsDefaultForSubscription" value="true" />
    </stc:property>

    <stc:property category="result" collectionType="vector" databaseType="DEFAULT" default="0" displayName="Rx Delete Response Count" format="number" id="0x8900601A" idlMapped="true" ilMapped="true" isComposite="false" isDataStream="false" isDeprecated="false" isInternal="false" isReadOnly="true" maxOccurs="1" minOccurs="1" name="RxDeleteResponseCount" noSave="true" nullable="false" onModifyNotifyMode="periodic" precision="" replaces="" type="u32">
      <stc:attribute id="0x89006057" internalIsEnum="false" internalType="bool" name="none" type="core.ResultPropertyMarkForEotSave" value="true" />
      <stc:attribute id="0x89006058" internalIsEnum="false" internalType="bool" name="none" type="core.ResultPropertyIsDefaultForSubscription" value="true" />
    </stc:property>

    <stc:property category="result" collectionType="vector" databaseType="DEFAULT" default="0" displayName="Tx Enable Request Count" format="number" id="0x8900601B" idlMapped="true" ilMapped="true" isComposite="false" isDataStream="false" isDeprecated="false" isInternal="false" isReadOnly="true" maxOccurs="1" minOccurs="1" name="TxEnableRequestCount" noSave="true" nullable="false" onModifyNotifyMode="periodic" precision="" replaces="" type="u32">
      <stc:attribute id="0x89006059" internalIsEnum="false" internalType="bool" name="none" type="core.ResultPropertyMarkForEotSave" value="true" />
      <stc:attribute id="0x8900605A" internalIsEnum="false" internalType="bool" name="none" type="core.ResultPropertyIsDefaultForSubscription" value="true" />
    </stc:property>

    <stc:property category="result" collectionType="vector" databaseType="DEFAULT" default="0" displayName="Enable Request Dropped" format="number" id="0x8900601C" idlMapped="true" ilMapped="true" isComposite="false" isDataStream="false" isDeprecated="false" isInternal="false" isReadOnly="true" maxOccurs="1" minOccurs="1" name="EnableRequestDropped" noSave="true" nullable="false" onModifyNotifyMode="periodic" precision="" replaces="" type="u32">
      <stc:attribute id="0x8900605B" internalIsEnum="false" internalType="bool" name="none" type="core.ResultPropertyMarkForEotSave" value="true" />
      <stc:attribute id="0x8900605C" internalIsEnum="false" internalType="bool" name="none" type="core.ResultPropertyIsDefaultForSubscription" value="true" />
    </stc:property>

    <stc:property category="result" collectionType="vector" databaseType="DEFAULT" default="0" displayName="Rx Enable Response Count" format="number" id="0x8900601D" idlMapped="true" ilMapped="true" isComposite="false" isDataStream="false" isDeprecated="false" isInternal="false" isReadOnly="true" maxOccurs="1" minOccurs="1" name="RxEnableResponseCount" noSave="true" nullable="false" onModifyNotifyMode="periodic" precision="" replaces="" type="u32">
      <stc:attribute id="0x8900605D" internalIsEnum="false" internalType="bool" name="none" type="core.ResultPropertyMarkForEotSave" value="true" />
      <stc:attribute id="0x8900605E" internalIsEnum="false" internalType="bool" name="none" type="core.ResultPropertyIsDefaultForSubscription" value="true" />
    </stc:property>

    <stc:property category="result" collectionType="vector" databaseType="DEFAULT" default="0" displayName="Tx Disable Request Count" format="number" id="0x8900601E" idlMapped="true" ilMapped="true" isComposite="false" isDataStream="false" isDeprecated="false" isInternal="false" isReadOnly="true" maxOccurs="1" minOccurs="1" name="TxDisableRequestCount" noSave="true" nullable="false" onModifyNotifyMode="periodic" precision="" replaces="" type="u32">
      <stc:attribute id="0x8900605F" internalIsEnum="false" internalType="bool" name="none" type="core.ResultPropertyMarkForEotSave" value="true" />
      <stc:attribute id="0x89006060" internalIsEnum="false" internalType="bool" name="none" type="core.ResultPropertyIsDefaultForSubscription" value="true" />
    </stc:property>

    <stc:property category="result" collectionType="vector" databaseType="DEFAULT" default="0" displayName="Disable Request Dropped" format="number" id="0x8900601F" idlMapped="true" ilMapped="true" isComposite="false" isDataStream="false" isDeprecated="false" isInternal="false" isReadOnly="true" maxOccurs="1" minOccurs="1" name="DisableRequestDropped" noSave="true" nullable="false" onModifyNotifyMode="periodic" precision="" replaces="" type="u32">
      <stc:attribute id="0x89006061" internalIsEnum="false" internalType="bool" name="none" type="core.ResultPropertyMarkForEotSave" value="true" />
      <stc:attribute id="0x89006062" internalIsEnum="false" internalType="bool" name="none" type="core.ResultPropertyIsDefaultForSubscription" value="true" />
    </stc:property>

    <stc:property category="result" collectionType="vector" databaseType="DEFAULT" default="0" displayName="Rx Diable Response Count" format="number" id="0x89006020" idlMapped="true" ilMapped="true" isComposite="false" isDataStream="false" isDeprecated="false" isInternal="false" isReadOnly="true" maxOccurs="1" minOccurs="1" name="RxDisableResponseCount" noSave="true" nullable="false" onModifyNotifyMode="periodic" precision="" replaces="" type="u32">
      <stc:attribute id="0x89006063" internalIsEnum="false" internalType="bool" name="none" type="core.ResultPropertyMarkForEotSave" value="true" />
      <stc:attribute id="0x89006064" internalIsEnum="false" internalType="bool" name="none" type="core.ResultPropertyIsDefaultForSubscription" value="true" />
    </stc:property>

    <stc:property category="result" collectionType="vector" databaseType="DEFAULT" default="0" displayName="Rx Set Request Count" format="number" id="0x89006021" idlMapped="true" ilMapped="true" isComposite="false" isDataStream="false" isDeprecated="false" isInternal="false" isReadOnly="true" maxOccurs="1" minOccurs="1" name="RxSetRequestCount" noSave="true" nullable="false" onModifyNotifyMode="periodic" precision="" replaces="" type="u32">
      <stc:attribute id="0x89006065" internalIsEnum="false" internalType="bool" name="none" type="core.ResultPropertyMarkForEotSave" value="true" />
      <stc:attribute id="0x89006066" internalIsEnum="false" internalType="bool" name="none" type="core.ResultPropertyIsDefaultForSubscription" value="true" />
    </stc:property>

    <stc:property category="result" collectionType="vector" databaseType="DEFAULT" default="0" displayName="Tx Set Response Count" format="number" id="0x89006022" idlMapped="true" ilMapped="true" isComposite="false" isDataStream="false" isDeprecated="false" isInternal="false" isReadOnly="true" maxOccurs="1" minOccurs="1" name="TxSetResponseCount" noSave="true" nullable="false" onModifyNotifyMode="periodic" precision="" replaces="" type="u32">
      <stc:attribute id="0x89006067" internalIsEnum="false" internalType="bool" name="none" type="core.ResultPropertyMarkForEotSave" value="true" />
      <stc:attribute id="0x89006068" internalIsEnum="false" internalType="bool" name="none" type="core.ResultPropertyIsDefaultForSubscription" value="true" />
    </stc:property>

    <stc:property category="result" collectionType="vector" databaseType="DEFAULT" default="0" displayName="Tx Get Request Count" format="number" id="0x89006023" idlMapped="true" ilMapped="true" isComposite="false" isDataStream="false" isDeprecated="false" isInternal="false" isReadOnly="true" maxOccurs="1" minOccurs="1" name="TxGetRequestCount" noSave="true" nullable="false" onModifyNotifyMode="periodic" precision="" replaces="" type="u32">
      <stc:attribute id="0x89006069" internalIsEnum="false" internalType="bool" name="none" type="core.ResultPropertyMarkForEotSave" value="true" />
      <stc:attribute id="0x8900606A" internalIsEnum="false" internalType="bool" name="none" type="core.ResultPropertyIsDefaultForSubscription" value="true" />
    </stc:property>

    <stc:property category="result" collectionType="vector" databaseType="DEFAULT" default="0" displayName="Rx Get Request Count" format="number" id="0x89006024" idlMapped="true" ilMapped="true" isComposite="false" isDataStream="false" isDeprecated="false" isInternal="false" isReadOnly="true" maxOccurs="1" minOccurs="1" name="RxGetRequestCount" noSave="true" nullable="false" onModifyNotifyMode="periodic" precision="" replaces="" type="u32">
      <stc:attribute id="0x8900606B" internalIsEnum="false" internalType="bool" name="none" type="core.ResultPropertyMarkForEotSave" value="true" />
      <stc:attribute id="0x8900606C" internalIsEnum="false" internalType="bool" name="none" type="core.ResultPropertyIsDefaultForSubscription" value="true" />
    </stc:property>

    <stc:property category="result" collectionType="vector" databaseType="DEFAULT" default="0" displayName="Get Request Dropped" format="number" id="0x89006025" idlMapped="true" ilMapped="true" isComposite="false" isDataStream="false" isDeprecated="false" isInternal="false" isReadOnly="true" maxOccurs="1" minOccurs="1" name="GetRequestDropped" noSave="true" nullable="false" onModifyNotifyMode="periodic" precision="" replaces="" type="u32">
      <stc:attribute id="0x8900606D" internalIsEnum="false" internalType="bool" name="none" type="core.ResultPropertyMarkForEotSave" value="true" />
      <stc:attribute id="0x8900606E" internalIsEnum="false" internalType="bool" name="none" type="core.ResultPropertyIsDefaultForSubscription" value="true" />
    </stc:property>

    <stc:property category="result" collectionType="vector" databaseType="DEFAULT" default="0" displayName="Tx Get Response Count" format="number" id="0x89006026" idlMapped="true" ilMapped="true" isComposite="false" isDataStream="false" isDeprecated="false" isInternal="false" isReadOnly="true" maxOccurs="1" minOccurs="1" name="TxGetResponseCount" noSave="true" nullable="false" onModifyNotifyMode="periodic" precision="" replaces="" type="u32">
      <stc:attribute id="0x8900606F" internalIsEnum="false" internalType="bool" name="none" type="core.ResultPropertyMarkForEotSave" value="true" />
      <stc:attribute id="0x89006070" internalIsEnum="false" internalType="bool" name="none" type="core.ResultPropertyIsDefaultForSubscription" value="true" />
    </stc:property>

    <stc:property category="result" collectionType="vector" databaseType="DEFAULT" default="0" displayName="Rx Get Response Count" format="number" id="0x89006027" idlMapped="true" ilMapped="true" isComposite="false" isDataStream="false" isDeprecated="false" isInternal="false" isReadOnly="true" maxOccurs="1" minOccurs="1" name="RxGetResponseCount" noSave="true" nullable="false" onModifyNotifyMode="periodic" precision="" replaces="" type="u32">
      <stc:attribute id="0x89006071" internalIsEnum="false" internalType="bool" name="none" type="core.ResultPropertyMarkForEotSave" value="true" />
      <stc:attribute id="0x89006072" internalIsEnum="false" internalType="bool" name="none" type="core.ResultPropertyIsDefaultForSubscription" value="true" />
    </stc:property>
  </stc:class>

  
  
  <stc:class baseClass="framework.Result" canCreate="true" displayName="VIF" id="0x89007000" idlMapped="na" ilMapped="na" isInternal="false" isReadOnly="false" isSingleton="false" name="VifResults" noSave="false" profile="vic">

    
    <stc:relation allowDuplicate="false" dstClassRef="VifResults" dstName="none" embedDstInIlClass="false" embedSrcInIlClass="false" id="0x89007001" isInternal="false" maxOccurs="unbounded" minOccurs="0" name="ParentVifToVifResults" order="sequenced" srcClassRef="VifConfig" srcName="none" type="framework.ParentChild" />

    
    <stc:relation allowDuplicate="false" dstClassRef="VifResults" dstName="none" embedDstInIlClass="false" embedSrcInIlClass="false" id="0x89007002" isInternal="false" maxOccurs="unbounded" minOccurs="0" name="ResultVifToVifResults" order="sequenced" srcClassRef="VifConfig" srcName="none" type="framework.ResultChild" />

    
    
    <stc:property category="result" collectionType="vector" databaseType="DEFAULT" default="0" displayName="ParentConfigHandle" format="number" id="0x89007003" idlMapped="true" ilMapped="true" isComposite="false" isDataStream="false" isDeprecated="false" isInternal="true" isReadOnly="true" maxOccurs="1" minOccurs="1" name="PcHandle" noSave="true" nullable="false" onModifyNotifyMode="periodic" precision="" replaces="" type="u32">
      <stc:attribute id="0x8900700A" internalIsEnum="false" internalType="bool" name="none" type="core.ResultPropertyMarkForEotSave" value="true" />
      <stc:attribute id="0x8900700B" internalIsEnum="false" internalType="bool" name="none" type="core.ResultPropertyAddEotDbIndex" value="true" />
      <stc:attribute id="0x8900700C" internalIsEnum="false" internalType="bool" name="none" type="core.ResultPropertyIsDefaultForSubscription" value="true" />
    </stc:property>

    <stc:property category="result" collectionType="vector" databaseType="DEFAULT" default="0" displayName="Index" format="number" id="0x89007004" idlMapped="true" ilMapped="true" isComposite="false" isDataStream="false" isDeprecated="false" isInternal="false" isReadOnly="true" maxOccurs="1" minOccurs="1" name="VifIndex" noSave="true" nullable="false" onModifyNotifyMode="periodic" precision="" replaces="" type="u32">
      <stc:attribute id="0x8900700D" internalIsEnum="false" internalType="bool" name="none" type="core.ResultPropertyMarkForEotSave" value="true" />
      <stc:attribute id="0x8900700E" internalIsEnum="false" internalType="bool" name="none" type="core.ResultPropertyIsDefaultForSubscription" value="true" />
    </stc:property>

    <stc:property category="result" collectionType="vector" databaseType="DEFAULT" default="false" displayName="Enabled" format="number" id="0x89007005" idlMapped="true" ilMapped="true" isComposite="false" isDataStream="false" isDeprecated="false" isInternal="false" isReadOnly="true" maxOccurs="1" minOccurs="1" name="Enabled" noSave="true" nullable="false" onModifyNotifyMode="periodic" precision="" replaces="" type="bool">
      <stc:attribute id="0x8900700F" internalIsEnum="false" internalType="bool" name="none" type="core.ResultPropertyMarkForEotSave" value="true" />
      <stc:attribute id="0x89007010" internalIsEnum="false" internalType="bool" name="none" type="core.ResultPropertyIsDefaultForSubscription" value="true" />
    </stc:property>

    <stc:property category="result" collectionType="vector" databaseType="DEFAULT" default="false" displayName="Down" format="number" id="0x89007006" idlMapped="true" ilMapped="true" isComposite="false" isDataStream="false" isDeprecated="false" isInternal="false" isReadOnly="true" maxOccurs="1" minOccurs="1" name="Down" noSave="true" nullable="false" onModifyNotifyMode="periodic" precision="" replaces="" type="bool">
      <stc:attribute id="0x89007011" internalIsEnum="false" internalType="bool" name="none" type="core.ResultPropertyMarkForEotSave" value="true" />
      <stc:attribute id="0x89007012" internalIsEnum="false" internalType="bool" name="none" type="core.ResultPropertyIsDefaultForSubscription" value="true" />
    </stc:property>

    <stc:property category="result" collectionType="vector" databaseType="DEFAULT" default="false" displayName="Pause" format="number" id="0x89007007" idlMapped="true" ilMapped="true" isComposite="false" isDataStream="false" isDeprecated="false" isInternal="false" isReadOnly="true" maxOccurs="1" minOccurs="1" name="Pause" noSave="true" nullable="false" onModifyNotifyMode="periodic" precision="" replaces="" type="bool">
      <stc:attribute id="0x89007013" internalIsEnum="false" internalType="bool" name="none" type="core.ResultPropertyMarkForEotSave" value="true" />
      <stc:attribute id="0x89007014" internalIsEnum="false" internalType="bool" name="none" type="core.ResultPropertyIsDefaultForSubscription" value="true" />
    </stc:property>

    <stc:property category="result" collectionType="vector" databaseType="DEFAULT" default="false" displayName="Standby" format="number" id="0x89007008" idlMapped="true" ilMapped="true" isComposite="false" isDataStream="false" isDeprecated="false" isInternal="false" isReadOnly="true" maxOccurs="1" minOccurs="1" name="Standby" noSave="true" nullable="false" onModifyNotifyMode="periodic" precision="" replaces="" type="bool">
      <stc:attribute id="0x89007015" internalIsEnum="false" internalType="bool" name="none" type="core.ResultPropertyMarkForEotSave" value="true" />
      <stc:attribute id="0x89007016" internalIsEnum="false" internalType="bool" name="none" type="core.ResultPropertyIsDefaultForSubscription" value="true" />
    </stc:property>
    
    
    <stc:property category="internal" collectionType="vector" databaseType="DEFAULT" default="0" displayName="An internal key for result" format="number" id="0x89007009" idlMapped="true" ilMapped="true" isComposite="false" isDataStream="false" isDeprecated="false" isInternal="true" isReadOnly="false" maxOccurs="1" minOccurs="1" name="ResultKey" noSave="false" nullable="false" onModifyNotifyMode="periodic" precision="" replaces="" type="u32" />

  </stc:class>

  
  
  

  
  
  <stc:class baseClass="framework.Command" canCreate="false" id="0x89008000" idlMapped="na" ilMapped="na" isInternal="false" isReadOnly="false" isSingleton="false" name="VicCommand" noSave="false" profile="vic">

    
    <stc:relation allowDuplicate="false" dstClassRef="VicCommand" dstName="none" embedDstInIlClass="false" embedSrcInIlClass="false" id="0x89008001" isInternal="false" maxOccurs="unbounded" minOccurs="0" name="ProjectToVicCommand" order="sequenced" srcClassRef="framework.Project" srcName="none" type="framework.ParentChild" />

    
    <stc:property category="input" collectionType="vector" databaseType="DEFAULT" default="0" displayName="VIC/VIF Handle List" format="number" id="0x89008002" idlMapped="true" ilMapped="true" isComposite="false" isDataStream="false" isDeprecated="false" isInternal="false" isReadOnly="false" maxOccurs="unbounded" minOccurs="0" name="HandleList" noSave="false" nullable="false" onModifyNotifyMode="none" precision="" replaces="" type="handle" />
  </stc:class>

  
  
  <stc:class baseClass="VicCommand" canCreate="true" displayName="Send Open Request" id="0x89009000" idlMapped="na" ilMapped="na" isInternal="false" isReadOnly="false" isSingleton="false" name="VicOpenRequestCommand" noSave="false" profile="vic">

    
    <stc:attribute id="0x89009001" internalIsEnum="false" internalType="bool" name="none" type="core.Sequenceable" value="true" />
    <stc:attribute id="0x89009002" internalIsEnum="false" internalType="bool" name="none" type="core.RequireApplyToIL" value="true" />
    <stc:attribute id="0x89009003" internalIsEnum="false" internalType="string" name="none" type="framework.CommandCategory" value="Switching//VIC" />
    <stc:attribute id="0x89009004" internalIsEnum="false" internalType="string" name="none" type="framework.CommandDescription" value="Send Open Request" />

    
  </stc:class>

  
  
  <stc:class baseClass="VicCommand" canCreate="true" displayName="Send Create Request" id="0x8900A000" idlMapped="na" ilMapped="na" isInternal="false" isReadOnly="false" isSingleton="false" name="VicCreateRequestCommand" noSave="false" profile="vic">

    
    <stc:attribute id="0x8900A001" internalIsEnum="false" internalType="bool" name="none" type="core.Sequenceable" value="true" />
    <stc:attribute id="0x8900A002" internalIsEnum="false" internalType="bool" name="none" type="core.RequireApplyToIL" value="true" />
    <stc:attribute id="0x8900A003" internalIsEnum="false" internalType="string" name="none" type="framework.CommandCategory" value="Switching//VIC" />
    <stc:attribute id="0x8900A004" internalIsEnum="false" internalType="string" name="none" type="framework.CommandDescription" value="Send Create Request" />

    
  </stc:class>

  
  
  <stc:class baseClass="VicCommand" canCreate="true" displayName="Send Delete Request" id="0x8900B000" idlMapped="na" ilMapped="na" isInternal="false" isReadOnly="false" isSingleton="false" name="VicDeleteRequestCommand" noSave="false" profile="vic">

    
    <stc:attribute id="0x8900B001" internalIsEnum="false" internalType="bool" name="none" type="core.Sequenceable" value="true" />
    <stc:attribute id="0x8900B002" internalIsEnum="false" internalType="bool" name="none" type="core.RequireApplyToIL" value="true" />
    <stc:attribute id="0x8900B003" internalIsEnum="false" internalType="string" name="none" type="framework.CommandCategory" value="Switching//VIC" />
    <stc:attribute id="0x8900B004" internalIsEnum="false" internalType="string" name="none" type="framework.CommandDescription" value="Send Delete Request" />

    
  </stc:class>

  
  
  <stc:class baseClass="VicCommand" canCreate="true" displayName="Send Enable Request" id="0x8900C000" idlMapped="na" ilMapped="na" isInternal="false" isReadOnly="false" isSingleton="false" name="VicEnableRequestCommand" noSave="false" profile="vic">

    
    <stc:attribute id="0x8900C001" internalIsEnum="false" internalType="bool" name="none" type="core.Sequenceable" value="true" />
    <stc:attribute id="0x8900C002" internalIsEnum="false" internalType="bool" name="none" type="core.RequireApplyToIL" value="true" />
    <stc:attribute id="0x8900C003" internalIsEnum="false" internalType="string" name="none" type="framework.CommandCategory" value="Switching//VIC" />
    <stc:attribute id="0x8900C004" internalIsEnum="false" internalType="string" name="none" type="framework.CommandDescription" value="Send Enable Request" />

    
  </stc:class>

  
  
  <stc:class baseClass="VicCommand" canCreate="true" displayName="Send Disable Request" id="0x8900D000" idlMapped="na" ilMapped="na" isInternal="false" isReadOnly="false" isSingleton="false" name="VicDisableRequestCommand" noSave="false" profile="vic">

    
    <stc:attribute id="0x8900D001" internalIsEnum="false" internalType="bool" name="none" type="core.Sequenceable" value="true" />
    <stc:attribute id="0x8900D002" internalIsEnum="false" internalType="bool" name="none" type="core.RequireApplyToIL" value="true" />
    <stc:attribute id="0x8900D003" internalIsEnum="false" internalType="string" name="none" type="framework.CommandCategory" value="Switching//VIC" />
    <stc:attribute id="0x8900D004" internalIsEnum="false" internalType="string" name="none" type="framework.CommandDescription" value="Send Disable Request" />

    
  </stc:class>

  
  
  <stc:class baseClass="VicCommand" canCreate="true" displayName="Send Get Request" id="0x8900E000" idlMapped="na" ilMapped="na" isInternal="false" isReadOnly="false" isSingleton="false" name="VicGetRequestCommand" noSave="false" profile="vic">

    
    <stc:attribute id="0x8900E001" internalIsEnum="false" internalType="bool" name="none" type="core.Sequenceable" value="true" />
    <stc:attribute id="0x8900E002" internalIsEnum="false" internalType="bool" name="none" type="core.RequireApplyToIL" value="true" />
    <stc:attribute id="0x8900E003" internalIsEnum="false" internalType="string" name="none" type="framework.CommandCategory" value="Switching//VIC" />
    <stc:attribute id="0x8900E004" internalIsEnum="false" internalType="string" name="none" type="framework.CommandDescription" value="Send Get Request" />

    
  </stc:class>

  
  
  <stc:class baseClass="VicCommand" canCreate="true" displayName="Reset TLVs to Spirent Defaults" id="0x8900F000" idlMapped="na" ilMapped="na" isInternal="false" isReadOnly="false" isSingleton="false" name="VicResetTlvsToDefaultsCommand" noSave="false" profile="vic">

    
    <stc:attribute id="0x8900F001" internalIsEnum="false" internalType="bool" name="none" type="core.Sequenceable" value="false" />
    <stc:attribute id="0x8900F002" internalIsEnum="false" internalType="bool" name="none" type="core.RequireApplyToIL" value="false" />
    <stc:attribute id="0x8900F003" internalIsEnum="false" internalType="string" name="none" type="framework.CommandCategory" value="Switching//VIC" />
    <stc:attribute id="0x8900F004" internalIsEnum="false" internalType="string" name="none" type="framework.CommandDescription" value="Reset TLVs to Defaults" />

    
    <stc:enumeration idlMapped="true" ilMapped="true" isFlags="false" name="EnumDefaultType">
      <stc:enum displayName="Spirent" idlMapped="true" ilMapped="true" name="SPIRENT" value="0" />
      <stc:enum displayName="Custom Global" idlMapped="true" ilMapped="true" name="GLOBAL" value="1" />
    </stc:enumeration>

    
    <stc:property category="input" collectionType="vector" databaseType="DEFAULT" default="GLOBAL" displayName="Default TLV Type" format="number" id="0x8900F005" idlMapped="true" ilMapped="true" isComposite="false" isDataStream="false" isDeprecated="false" isInternal="false" isReadOnly="false" maxOccurs="1" minOccurs="1" name="DefaultTlvType" noSave="false" nullable="false" onModifyNotifyMode="none" precision="" replaces="" type="u8">
      <stc:enumerationRef ref="EnumDefaultType" />
    </stc:property>

    <stc:property category="input" collectionType="vector" databaseType="DEFAULT" default="true" displayName="Reset Open Request TLVs" format="number" id="0x8900F006" idlMapped="true" ilMapped="true" isComposite="false" isDataStream="false" isDeprecated="false" isInternal="false" isReadOnly="false" maxOccurs="1" minOccurs="1" name="ResetOpenRequestTlvs" noSave="false" nullable="false" onModifyNotifyMode="none" precision="" replaces="" type="bool" />

    <stc:property category="input" collectionType="vector" databaseType="DEFAULT" default="true" displayName="Reset Create Request TLVs" format="number" id="0x8900F007" idlMapped="true" ilMapped="true" isComposite="false" isDataStream="false" isDeprecated="false" isInternal="false" isReadOnly="false" maxOccurs="1" minOccurs="1" name="ResetCreateRequestTlvs" noSave="false" nullable="false" onModifyNotifyMode="none" precision="" replaces="" type="bool" />

    <stc:property category="input" collectionType="vector" databaseType="DEFAULT" default="true" displayName="Reset Enable Request TLVs" format="number" id="0x8900F008" idlMapped="true" ilMapped="true" isComposite="false" isDataStream="false" isDeprecated="false" isInternal="false" isReadOnly="false" maxOccurs="1" minOccurs="1" name="ResetEnableRequestTlvs" noSave="false" nullable="false" onModifyNotifyMode="none" precision="" replaces="" type="bool" />
  </stc:class>

  
  
  <stc:class baseClass="VicCommand" canCreate="true" displayName="Link VIFs" id="0x89010000" idlMapped="na" ilMapped="na" isInternal="false" isReadOnly="false" isSingleton="false" name="VicLinkVifsCommand" noSave="false" profile="vic">
    
    
    <stc:attribute id="0x89010001" internalIsEnum="false" internalType="bool" name="none" type="core.Sequenceable" value="false" />
    <stc:attribute id="0x89010002" internalIsEnum="false" internalType="bool" name="none" type="core.RequireApplyToIL" value="false" />
    <stc:attribute id="0x89010003" internalIsEnum="false" internalType="string" name="none" type="framework.CommandCategory" value="Switching//VIC" />
    <stc:attribute id="0x89010004" internalIsEnum="false" internalType="string" name="none" type="framework.CommandDescription" value="Link VIFs" />

    
    <stc:property category="input" collectionType="vector" databaseType="DEFAULT" default="0" displayName="VIC Handle" format="number" id="0x89010005" idlMapped="true" ilMapped="true" isComposite="false" isDataStream="false" isDeprecated="false" isInternal="false" isReadOnly="false" maxOccurs="1" minOccurs="1" name="VicHandle" noSave="false" nullable="false" onModifyNotifyMode="none" precision="" replaces="" type="handle" />
  </stc:class>
  
  
  
  <stc:class baseClass="VicCommand" canCreate="true" displayName="Create VIFs" id="0x89011000" idlMapped="na" ilMapped="na" isInternal="false" isReadOnly="false" isSingleton="false" name="VicCreateVifsCommand" noSave="false" profile="vic">

    
    <stc:attribute id="0x89011001" internalIsEnum="false" internalType="bool" name="none" type="core.Sequenceable" value="false" />
    <stc:attribute id="0x89011002" internalIsEnum="false" internalType="bool" name="none" type="core.RequireApplyToIL" value="false" />
    <stc:attribute id="0x89011003" internalIsEnum="false" internalType="string" name="none" type="framework.CommandCategory" value="Switching//VIC" />
    <stc:attribute id="0x89011004" internalIsEnum="false" internalType="string" name="none" type="framework.CommandDescription" value="Create VIFs" />

    
    <stc:enumeration idlMapped="true" ilMapped="true" isFlags="false" name="EnumDefaultType">
      <stc:enum displayName="Spirent" idlMapped="true" ilMapped="true" name="SPIRENT" value="0" />
      <stc:enum displayName="Custom Global" idlMapped="true" ilMapped="true" name="GLOBAL" value="1" />
    </stc:enumeration>

    
    <stc:property category="input" collectionType="vector" databaseType="DEFAULT" default="GLOBAL" displayName="Default TLV Type" format="number" id="0x89011005" idlMapped="true" ilMapped="true" isComposite="false" isDataStream="false" isDeprecated="false" isInternal="false" isReadOnly="false" maxOccurs="1" minOccurs="1" name="DefaultTlvType" noSave="false" nullable="false" onModifyNotifyMode="none" precision="" replaces="" type="u8">
      <stc:enumerationRef ref="EnumDefaultType" />
    </stc:property>

    <stc:property category="input" collectionType="vector" databaseType="DEFAULT" default="1" displayName="VIF Blocks" format="number" id="0x89011006" idlMapped="true" ilMapped="true" isComposite="false" isDataStream="false" isDeprecated="false" isInternal="false" isReadOnly="false" maxOccurs="1" minOccurs="1" name="VifBlocks" noSave="false" nullable="false" onModifyNotifyMode="none" precision="" replaces="" type="u16" />

    <stc:property category="input" collectionType="vector" databaseType="DEFAULT" default="1" displayName="Count Per Block" format="number" id="0x89011007" idlMapped="true" ilMapped="true" isComposite="false" isDataStream="false" isDeprecated="false" isInternal="false" isReadOnly="false" maxOccurs="1" minOccurs="1" name="CountPerBlock" noSave="false" nullable="false" onModifyNotifyMode="none" precision="" replaces="" type="u16" />
  </stc:class>

  
  
  <stc:class baseClass="VicCommand" canCreate="true" displayName="Find VIFs From VICs" id="0x89012000" idlMapped="na" ilMapped="na" isInternal="false" isReadOnly="false" isSingleton="false" name="VicFindVifsCommand" noSave="false" profile="vic">
    
    
    <stc:attribute id="0x89012001" internalIsEnum="false" internalType="bool" name="none" type="core.Sequenceable" value="false" />
    <stc:attribute id="0x89012002" internalIsEnum="false" internalType="bool" name="none" type="core.RequireApplyToIL" value="false" />
    <stc:attribute id="0x89012003" internalIsEnum="false" internalType="string" name="none" type="framework.CommandCategory" value="Switching//VIC" />
    <stc:attribute id="0x89012004" internalIsEnum="false" internalType="string" name="none" type="framework.CommandDescription" value="Find VIFs From VICs" />

    
    <stc:enumeration idlMapped="true" ilMapped="true" isFlags="false" name="EnumFindType">
      <stc:enum displayName="Find All" idlMapped="true" ilMapped="true" name="ALL" value="0" />
      <stc:enum displayName="Find Active" idlMapped="true" ilMapped="true" name="ACTIVE" value="1" />
    </stc:enumeration>    
    
    
    <stc:property category="input" collectionType="vector" databaseType="DEFAULT" default="ALL" displayName="Find Type" format="number" id="0x89012005" idlMapped="true" ilMapped="true" isComposite="false" isDataStream="false" isDeprecated="false" isInternal="false" isReadOnly="false" maxOccurs="1" minOccurs="1" name="FindType" noSave="false" nullable="false" onModifyNotifyMode="none" precision="" replaces="" type="u8">
      <stc:enumerationRef ref="EnumFindType" />
    </stc:property>

    <stc:property category="output" collectionType="vector" databaseType="DEFAULT" default="0" displayName="VIF Handle List" format="number" id="0x89012006" idlMapped="true" ilMapped="true" isComposite="false" isDataStream="false" isDeprecated="false" isInternal="false" isReadOnly="true" maxOccurs="unbounded" minOccurs="0" name="VifHandleList" noSave="true" nullable="false" onModifyNotifyMode="instant" precision="" replaces="" type="handle" />
  </stc:class>

  
  
  <stc:class baseClass="VicCommand" canCreate="true" displayName="Find VICs From VIFs" id="0x89013000" idlMapped="na" ilMapped="na" isInternal="false" isReadOnly="false" isSingleton="false" name="VicFindVicsCommand" noSave="false" profile="vic">

    
    <stc:attribute id="0x89013001" internalIsEnum="false" internalType="bool" name="none" type="core.Sequenceable" value="false" />
    <stc:attribute id="0x89013002" internalIsEnum="false" internalType="bool" name="none" type="core.RequireApplyToIL" value="false" />
    <stc:attribute id="0x89013003" internalIsEnum="false" internalType="string" name="none" type="framework.CommandCategory" value="Switching//VIC" />
    <stc:attribute id="0x89013004" internalIsEnum="false" internalType="string" name="none" type="framework.CommandDescription" value="Find VICs From VIFs" />

    
    <stc:enumeration idlMapped="true" ilMapped="true" isFlags="false" name="EnumFindType">
      <stc:enum displayName="Find All" idlMapped="true" ilMapped="true" name="ALL" value="0" />
      <stc:enum displayName="Find Active" idlMapped="true" ilMapped="true" name="ACTIVE" value="1" />
    </stc:enumeration>

    
    <stc:property category="input" collectionType="vector" databaseType="DEFAULT" default="ALL" displayName="Find Type" format="number" id="0x89013005" idlMapped="true" ilMapped="true" isComposite="false" isDataStream="false" isDeprecated="false" isInternal="false" isReadOnly="false" maxOccurs="1" minOccurs="1" name="FindType" noSave="false" nullable="false" onModifyNotifyMode="none" precision="" replaces="" type="u8">
      <stc:enumerationRef ref="EnumFindType" />
    </stc:property>

    <stc:property category="output" collectionType="vector" databaseType="DEFAULT" default="0" displayName="VIC Handle List" format="number" id="0x89013006" idlMapped="true" ilMapped="true" isComposite="false" isDataStream="false" isDeprecated="false" isInternal="false" isReadOnly="true" maxOccurs="unbounded" minOccurs="0" name="VicHandleList" noSave="true" nullable="false" onModifyNotifyMode="instant" precision="" replaces="" type="handle" />
  </stc:class>  
  
  
  
  
  
</stc:meta>