<stc:meta xmlns:stc="urn:www.spirentcom.com:XMLSchema.xsd" id="0x0B000000" package="spimax" plugin="wimax" version="0.0.0-0">

  
  
  
  
  
  
  
  
  
  
  
  
  
  
  
  
  <stc:class baseClass="core.Router" canCreate="true" id="0x0B001000" idlMapped="na" ilMapped="na" isInternal="false" isReadOnly="false" isSingleton="false" name="WimaxSS" noSave="false" profile="none">

    
    
    
    <stc:property category="config" collectionType="vector" databaseType="DEFAULT" default="00:00:01:00:00:02" displayName="Source MAC Address" format="number" id="0x0B001001" idlMapped="true" ilMapped="true" isComposite="false" isDataStream="false" isDeprecated="false" isInternal="false" isReadOnly="false" maxOccurs="1" minOccurs="1" name="WimaxSSId" noSave="false" nullable="false" onModifyNotifyMode="periodic" precision="" replaces="" type="mac" />
  </stc:class>

  
  
  
  <stc:class baseClass="framework.Scriptable" canCreate="true" id="0x0B002000" idlMapped="na" ilMapped="na" isInternal="false" isReadOnly="false" isSingleton="false" name="Sample" noSave="false" profile="none">

    
    <stc:relation allowDuplicate="false" dstClassRef="Sample" dstName="none" embedDstInIlClass="false" embedSrcInIlClass="false" id="0x0B002001" isInternal="false" maxOccurs="unbounded" minOccurs="0" name="ParentProject" order="sequenced" srcClassRef="framework.Project" srcName="none" type="framework.ParentChild" />

    
    <stc:enumeration idlMapped="true" ilMapped="true" isFlags="false" name="EnumSampleStatus">
      <stc:enum displayName="Up" idlMapped="true" ilMapped="true" name="Up" value="0" />
      <stc:enum displayName="Down" idlMapped="true" ilMapped="true" name="Down" value="1" />
      <stc:enum displayName="Failed" idlMapped="true" ilMapped="true" name="Failed" value="2" />
    </stc:enumeration>

    
    <stc:property category="config" collectionType="vector" databaseType="DEFAULT" default="0" displayName="Index" format="number" id="0x0B002002" idlMapped="true" ilMapped="true" isComposite="false" isDataStream="false" isDeprecated="false" isInternal="false" isReadOnly="false" maxOccurs="1" minOccurs="1" name="Index" noSave="false" nullable="false" onModifyNotifyMode="periodic" precision="" replaces="" type="s32" />

    <stc:property category="config" collectionType="vector" databaseType="DEFAULT" default="0" displayName="variable 1" format="number" id="0x0B002003" idlMapped="true" ilMapped="true" isComposite="false" isDataStream="false" isDeprecated="false" isInternal="false" isReadOnly="false" maxOccurs="1" minOccurs="1" name="var1" noSave="false" nullable="false" onModifyNotifyMode="periodic" precision="" replaces="" type="s16" />

    <stc:property category="config" collectionType="vector" databaseType="DEFAULT" default="0" displayName="Variable 2" format="number" id="0x0B002004" idlMapped="true" ilMapped="true" isComposite="false" isDataStream="false" isDeprecated="false" isInternal="false" isReadOnly="false" maxOccurs="1" minOccurs="1" name="Var2" noSave="false" nullable="false" onModifyNotifyMode="periodic" precision="" replaces="" type="s32" />

    <stc:property category="config" collectionType="vector" databaseType="DEFAULT" default="Up" displayName="Object Status" format="number" id="0x0B002005" idlMapped="true" ilMapped="true" isComposite="false" isDataStream="false" isDeprecated="false" isInternal="false" isReadOnly="false" maxOccurs="1" minOccurs="1" name="ObjStatus" noSave="false" nullable="false" onModifyNotifyMode="periodic" precision="" replaces="" type="u8">
      <stc:enumerationRef ref="EnumSampleStatus" />
    </stc:property>

  </stc:class>

  
  
  
  <stc:class baseClass="framework.Scriptable" canCreate="true" id="0x0B003000" idlMapped="na" ilMapped="na" isInternal="false" isReadOnly="false" isSingleton="false" name="SubSample" noSave="false" profile="none">

    
    <stc:relation allowDuplicate="false" dstClassRef="SubSample" dstName="none" embedDstInIlClass="false" embedSrcInIlClass="false" id="0x0B003001" isInternal="false" maxOccurs="unbounded" minOccurs="0" name="ParentSample" order="sequenced" srcClassRef="Sample" srcName="none" type="framework.ParentChild" />

    <stc:enumeration idlMapped="true" ilMapped="true" isFlags="false" name="EnumSubSampleStatus">
      <stc:enum displayName="Active" idlMapped="true" ilMapped="true" name="Active" value="0" />
      <stc:enum displayName="Inactive" idlMapped="true" ilMapped="true" name="Inactive" value="1" />
    </stc:enumeration>

    <stc:enumeration idlMapped="true" ilMapped="true" isFlags="false" name="EnumSubSampleColor">
      <stc:enum displayName="Black" idlMapped="true" ilMapped="true" name="Black" value="0" />
      <stc:enum displayName="White" idlMapped="true" ilMapped="true" name="White" value="1" />
    </stc:enumeration>


    
    <stc:property category="config" collectionType="vector" databaseType="DEFAULT" default="0" displayName="Subordinate Sample Id" format="number" id="0x0B003002" idlMapped="true" ilMapped="true" isComposite="false" isDataStream="false" isDeprecated="false" isInternal="false" isReadOnly="false" maxOccurs="1" minOccurs="1" name="SubSampleId" noSave="false" nullable="false" onModifyNotifyMode="periodic" precision="" replaces="" type="s16" />

    <stc:property category="config" collectionType="vector" databaseType="DEFAULT" default="Active" displayName="Subordinate Sample Status" format="number" id="0x0B003003" idlMapped="true" ilMapped="true" isComposite="false" isDataStream="false" isDeprecated="false" isInternal="false" isReadOnly="false" maxOccurs="1" minOccurs="1" name="SubSampleStatus" noSave="false" nullable="false" onModifyNotifyMode="periodic" precision="" replaces="" type="u8">
      <stc:enumerationRef ref="EnumSubSampleStatus" />
    </stc:property>

    <stc:property category="config" collectionType="vector" databaseType="DEFAULT" default="White" displayName="Subordinate Sample Color" format="number" id="0x0B003004" idlMapped="true" ilMapped="true" isComposite="false" isDataStream="false" isDeprecated="false" isInternal="false" isReadOnly="false" maxOccurs="1" minOccurs="1" name="SubSampleColor" noSave="false" nullable="false" onModifyNotifyMode="periodic" precision="" replaces="" type="u8">
      <stc:enumerationRef ref="EnumSubSampleColor" />
    </stc:property>

  </stc:class>

</stc:meta>